#include "resetData.h"

const uint8_t resetBank[2][0x2f00] __attribute__((aligned(4))) = {
		{
	/* 0x0000 */	0xC3, 0x3A, 0x00, 0x00, 0x00, 0x00, 0x00, 0x00, 0x00, 0x00, 0x00, 0x00, 0x00, 0x00, 0x00, 0x00, 0x00, 0x00, 0x00, 0x00, 0x00, 0x00, 0x00, 0x00, 0x00, 0x00, 0x00, 0x00, 0x00, 0x00, 0x00, 0x00, 
	/* 0x0020 */	0x00, 0x00, 0x00, 0x00, 0x00, 0x00, 0x00, 0x00, 0x00, 0x00, 0x00, 0x00, 0x00, 0x00, 0x00, 0x00, 0x00, 0x00, 0x00, 0x00, 0x00, 0x00, 0x00, 0x00, 0xED, 0x4D, 0xF3, 0x31, 0xFE, 0xE0, 0xED, 0x56, 
	/* 0x0040 */	0xAF, 0xD3, 0xFE, 0x21, 0x00, 0x58, 0x11, 0x01, 0x58, 0x01, 0xFF, 0x02, 0x36, 0x00, 0xED, 0xB0, 0xFB, 0x3A, 0xFE, 0x3F, 0x76, 0x3E, 0x04, 0xD3, 0xFE, 0xCD, 0xC4, 0x00, 0x3E, 0x02, 0xD3, 0xFE, 
	/* 0x0060 */	0xFB, 0xC3, 0x51, 0x00, 0x7E, 0x7E, 0x70, 0x70, 0x7E, 0x7E, 0x7E, 0x7E, 0x78, 0x78, 0x7E, 0x7E, 0x78, 0x78, 0x7E, 0x7E, 0x78, 0x78, 0x7E, 0x7E, 0x78, 0x78, 0x7E, 0x7E, 0x78, 0x78, 0x7E, 0x7E, 
	/* 0x0080 */	0x78, 0x78, 0x7E, 0x7E, 0x78, 0x78, 0x7E, 0x7E, 0x78, 0x78, 0x7E, 0x7E, 0x78, 0x78, 0x70, 0x78, 0x38, 0x78, 0x70, 0x78, 0x38, 0x78, 0x70, 0x78, 0x78, 0x78, 0x70, 0x78, 0x30, 0x38, 0x70, 0x78, 
	/* 0x00A0 */	0x30, 0x38, 0x70, 0x78, 0x30, 0x38, 0x7E, 0x78, 0x38, 0x38, 0x38, 0x38, 0x78, 0x78, 0x78, 0x38, 0x78, 0x78, 0x78, 0x78, 0x78, 0x78, 0x38, 0x78, 0x38, 0x78, 0x38, 0x78, 0x38, 0x38, 0x38, 0x38, 
	/* 0x00C0 */	0x78, 0x38, 0x78, 0x78, 0xED, 0x73, 0x02, 0xE0, 0x01, 0xFE, 0x00, 0x11, 0x10, 0x00, 0xED, 0x51, 0xED, 0x51, 0xED, 0x51, 0xED, 0x51, 0xED, 0x51, 0xED, 0x51, 0xED, 0x51, 0xED, 0x51, 0xED, 0x51, 
	/* 0x00E0 */	0xED, 0x51, 0xED, 0x51, 0xED, 0x51, 0xED, 0x51, 0xED, 0x51, 0xED, 0x51, 0xED, 0x51, 0xED, 0x51, 0xED, 0x51, 0xED, 0x51, 0xED, 0x51, 0xED, 0x51, 0xED, 0x51, 0xED, 0x51, 0xED, 0x51, 0xED, 0x51, 
	/* 0x0100 */	0xED, 0x51, 0xED, 0x51, 0xED, 0x51, 0xED, 0x51, 0xED, 0x51, 0xED, 0x51, 0xED, 0x51, 0xED, 0x51, 0xED, 0x51, 0xED, 0x51, 0xED, 0x51, 0xED, 0x51, 0xED, 0x51, 0xED, 0x51, 0xED, 0x51, 0xED, 0x51, 
	/* 0x0120 */	0xED, 0x51, 0xED, 0x51, 0xED, 0x51, 0xED, 0x51, 0xED, 0x51, 0xED, 0x51, 0xED, 0x51, 0xED, 0x51, 0xED, 0x51, 0xED, 0x51, 0xED, 0x51, 0xED, 0x51, 0xED, 0x51, 0xED, 0x51, 0xED, 0x51, 0xED, 0x51, 
	/* 0x0140 */	0xED, 0x51, 0xED, 0x51, 0xED, 0x51, 0xED, 0x51, 0xED, 0x51, 0xED, 0x51, 0xED, 0x51, 0xED, 0x51, 0xED, 0x51, 0xED, 0x51, 0xED, 0x51, 0xED, 0x51, 0xED, 0x51, 0xED, 0x51, 0xED, 0x51, 0xED, 0x51, 
	/* 0x0160 */	0xED, 0x51, 0xED, 0x51, 0xED, 0x51, 0xED, 0x51, 0xED, 0x51, 0xED, 0x51, 0xED, 0x51, 0xED, 0x51, 0xED, 0x51, 0xED, 0x51, 0xED, 0x51, 0xED, 0x51, 0xED, 0x51, 0xED, 0x51, 0xED, 0x51, 0xED, 0x51, 
	/* 0x0180 */	0xED, 0x51, 0xED, 0x51, 0xED, 0x51, 0xED, 0x51, 0xED, 0x51, 0xED, 0x51, 0xED, 0x51, 0xED, 0x51, 0xED, 0x51, 0xED, 0x51, 0xED, 0x51, 0xED, 0x51, 0xED, 0x51, 0xED, 0x51, 0xED, 0x51, 0xED, 0x51, 
	/* 0x01A0 */	0xED, 0x51, 0xED, 0x51, 0xED, 0x51, 0xED, 0x51, 0xED, 0x51, 0xED, 0x51, 0xED, 0x51, 0xED, 0x51, 0xED, 0x51, 0xED, 0x51, 0xED, 0x51, 0xED, 0x51, 0xED, 0x51, 0xED, 0x51, 0xED, 0x51, 0xED, 0x51, 
	/* 0x01C0 */	0xED, 0x51, 0xED, 0x51, 0xED, 0x51, 0xED, 0x51, 0xED, 0x51, 0xED, 0x51, 0xED, 0x51, 0xED, 0x51, 0xED, 0x51, 0xED, 0x51, 0xED, 0x51, 0xED, 0x51, 0xED, 0x51, 0xED, 0x51, 0xED, 0x51, 0xED, 0x51, 
	/* 0x01E0 */	0xED, 0x51, 0xED, 0x51, 0xED, 0x51, 0xED, 0x51, 0xED, 0x51, 0xED, 0x51, 0xED, 0x51, 0xED, 0x51, 0xED, 0x51, 0xED, 0x51, 0xED, 0x51, 0xED, 0x51, 0xED, 0x51, 0xED, 0x51, 0xED, 0x51, 0xED, 0x51, 
	/* 0x0200 */	0xED, 0x51, 0xED, 0x51, 0xED, 0x51, 0xED, 0x51, 0xED, 0x51, 0xED, 0x51, 0xED, 0x51, 0xED, 0x51, 0xED, 0x51, 0xED, 0x51, 0xED, 0x51, 0xED, 0x51, 0xED, 0x51, 0xED, 0x51, 0xED, 0x51, 0xED, 0x51, 
	/* 0x0220 */	0xED, 0x51, 0xED, 0x51, 0xED, 0x51, 0xED, 0x51, 0xED, 0x51, 0xED, 0x51, 0xED, 0x51, 0xED, 0x51, 0xED, 0x51, 0xED, 0x51, 0xED, 0x51, 0xED, 0x51, 0xED, 0x51, 0xED, 0x51, 0xED, 0x51, 0xED, 0x51, 
	/* 0x0240 */	0xED, 0x51, 0xED, 0x51, 0xED, 0x51, 0xED, 0x51, 0xED, 0x51, 0xED, 0x51, 0xED, 0x51, 0xED, 0x51, 0xED, 0x51, 0xED, 0x51, 0xED, 0x51, 0xED, 0x51, 0xED, 0x51, 0xED, 0x51, 0xED, 0x51, 0xED, 0x51, 
	/* 0x0260 */	0xED, 0x51, 0xED, 0x51, 0xED, 0x51, 0xED, 0x51, 0xED, 0x51, 0xED, 0x51, 0xED, 0x51, 0xED, 0x51, 0xED, 0x51, 0xED, 0x51, 0xED, 0x51, 0xED, 0x51, 0xED, 0x51, 0xED, 0x51, 0xED, 0x51, 0xED, 0x51, 
	/* 0x0280 */	0xED, 0x51, 0xED, 0x51, 0xED, 0x51, 0xED, 0x51, 0xED, 0x51, 0xED, 0x51, 0xED, 0x51, 0xED, 0x51, 0xED, 0x51, 0xED, 0x51, 0xED, 0x51, 0xED, 0x51, 0xED, 0x51, 0xED, 0x51, 0xED, 0x51, 0xED, 0x51, 
	/* 0x02A0 */	0xED, 0x51, 0xED, 0x51, 0xED, 0x51, 0xED, 0x51, 0xED, 0x51, 0xED, 0x51, 0xED, 0x51, 0xED, 0x51, 0xED, 0x51, 0xED, 0x51, 0xED, 0x51, 0xED, 0x51, 0xED, 0x51, 0xED, 0x51, 0xED, 0x51, 0xED, 0x51, 
	/* 0x02C0 */	0xED, 0x51, 0xED, 0x51, 0xED, 0x51, 0xED, 0x51, 0xED, 0x51, 0xED, 0x51, 0xED, 0x51, 0xED, 0x51, 0xED, 0x51, 0xED, 0x51, 0xED, 0x51, 0xED, 0x51, 0xED, 0x51, 0xED, 0x51, 0xED, 0x51, 0xED, 0x51, 
	/* 0x02E0 */	0xED, 0x51, 0xED, 0x51, 0xED, 0x51, 0xED, 0x51, 0xED, 0x51, 0xED, 0x51, 0xED, 0x51, 0xED, 0x51, 0xED, 0x51, 0xED, 0x51, 0xED, 0x51, 0xED, 0x51, 0xED, 0x51, 0xED, 0x51, 0xED, 0x51, 0xED, 0x51, 
	/* 0x0300 */	0xED, 0x51, 0xED, 0x51, 0xED, 0x51, 0xED, 0x51, 0xED, 0x51, 0xED, 0x51, 0xED, 0x51, 0xED, 0x51, 0xED, 0x51, 0xED, 0x51, 0xED, 0x51, 0xED, 0x51, 0xED, 0x51, 0xED, 0x51, 0xED, 0x51, 0xED, 0x51, 
	/* 0x0320 */	0xED, 0x51, 0xED, 0x51, 0xED, 0x51, 0xED, 0x51, 0xED, 0x51, 0xED, 0x51, 0xED, 0x51, 0xED, 0x51, 0xED, 0x51, 0xED, 0x51, 0xED, 0x51, 0xED, 0x51, 0xED, 0x51, 0xED, 0x51, 0xED, 0x51, 0xED, 0x51, 
	/* 0x0340 */	0xED, 0x51, 0xED, 0x51, 0xED, 0x51, 0xED, 0x51, 0xED, 0x51, 0xED, 0x51, 0xED, 0x51, 0xED, 0x51, 0xED, 0x51, 0xED, 0x51, 0xED, 0x51, 0xED, 0x51, 0xED, 0x51, 0xED, 0x51, 0xED, 0x51, 0xED, 0x51, 
	/* 0x0360 */	0xED, 0x51, 0xED, 0x51, 0xED, 0x51, 0xED, 0x51, 0xED, 0x51, 0xED, 0x51, 0xED, 0x51, 0xED, 0x51, 0xED, 0x51, 0xED, 0x51, 0xED, 0x51, 0xED, 0x51, 0xED, 0x51, 0xED, 0x51, 0xED, 0x51, 0xED, 0x51, 
	/* 0x0380 */	0xED, 0x51, 0xED, 0x51, 0xED, 0x51, 0xED, 0x51, 0xED, 0x51, 0xED, 0x51, 0xED, 0x51, 0xED, 0x51, 0xED, 0x51, 0xED, 0x51, 0xED, 0x51, 0xED, 0x51, 0xED, 0x51, 0xED, 0x51, 0xED, 0x51, 0xED, 0x51, 
	/* 0x03A0 */	0xED, 0x51, 0xED, 0x51, 0xED, 0x51, 0xED, 0x51, 0xED, 0x51, 0xED, 0x51, 0xED, 0x51, 0xED, 0x51, 0xED, 0x51, 0xED, 0x51, 0xED, 0x51, 0xED, 0x51, 0xED, 0x51, 0xED, 0x51, 0xED, 0x51, 0xED, 0x51, 
	/* 0x03C0 */	0xED, 0x51, 0xED, 0x51, 0xED, 0x51, 0xED, 0x51, 0xED, 0x51, 0xED, 0x51, 0xED, 0x51, 0xED, 0x51, 0xED, 0x51, 0xED, 0x51, 0xED, 0x51, 0xED, 0x51, 0xED, 0x51, 0xED, 0x51, 0xED, 0x51, 0xED, 0x51, 
	/* 0x03E0 */	0xED, 0x51, 0xED, 0x51, 0xED, 0x51, 0xED, 0x51, 0xED, 0x51, 0xED, 0x51, 0xED, 0x51, 0xED, 0x51, 0xED, 0x51, 0xED, 0x51, 0xED, 0x51, 0xED, 0x51, 0xED, 0x51, 0xED, 0x51, 0xED, 0x51, 0xED, 0x51, 
	/* 0x0400 */	0xED, 0x51, 0xED, 0x51, 0xED, 0x51, 0xED, 0x51, 0xED, 0x51, 0xED, 0x51, 0xED, 0x51, 0xED, 0x51, 0xED, 0x51, 0xED, 0x51, 0xED, 0x51, 0xED, 0x51, 0xED, 0x51, 0xED, 0x51, 0xED, 0x51, 0xED, 0x51, 
	/* 0x0420 */	0xED, 0x51, 0xED, 0x51, 0xED, 0x51, 0xED, 0x51, 0xED, 0x51, 0xED, 0x51, 0xED, 0x51, 0xED, 0x51, 0xED, 0x51, 0xED, 0x51, 0xED, 0x51, 0xED, 0x51, 0xED, 0x51, 0xED, 0x51, 0xED, 0x51, 0xED, 0x51, 
	/* 0x0440 */	0xED, 0x51, 0xED, 0x51, 0xED, 0x51, 0xED, 0x51, 0xED, 0x51, 0xED, 0x51, 0xED, 0x51, 0xED, 0x51, 0xED, 0x51, 0xED, 0x51, 0xED, 0x51, 0xED, 0x51, 0xED, 0x51, 0xED, 0x51, 0xED, 0x51, 0xED, 0x51, 
	/* 0x0460 */	0xED, 0x51, 0xED, 0x51, 0xED, 0x51, 0xED, 0x51, 0xED, 0x51, 0xED, 0x51, 0xED, 0x51, 0xED, 0x51, 0xED, 0x51, 0xED, 0x51, 0xED, 0x51, 0xED, 0x51, 0xED, 0x51, 0xED, 0x51, 0xED, 0x51, 0xED, 0x51, 
	/* 0x0480 */	0xED, 0x51, 0xED, 0x51, 0xED, 0x51, 0xED, 0x51, 0xED, 0x51, 0xED, 0x51, 0xED, 0x51, 0xED, 0x51, 0xED, 0x51, 0xED, 0x51, 0xED, 0x51, 0xED, 0x51, 0xED, 0x51, 0xED, 0x51, 0xED, 0x51, 0xED, 0x51, 
	/* 0x04A0 */	0xED, 0x51, 0xED, 0x51, 0xED, 0x51, 0xED, 0x51, 0xED, 0x51, 0xED, 0x51, 0xED, 0x51, 0xED, 0x51, 0xED, 0x51, 0xED, 0x51, 0xED, 0x51, 0xED, 0x51, 0xED, 0x51, 0xED, 0x51, 0x31, 0x00, 0x5B, 0x21, 
	/* 0x04C0 */	0x78, 0x78, 0xE5, 0x21, 0x78, 0x78, 0xE5, 0x21, 0x78, 0x78, 0xE5, 0x21, 0x78, 0x78, 0xE5, 0x21, 0x78, 0x78, 0xE5, 0x21, 0x78, 0x78, 0xE5, 0x21, 0x38, 0x78, 0xE5, 0x21, 0x78, 0x38, 0xE5, 0x21, 
	/* 0x04E0 */	0x38, 0x78, 0xE5, 0x21, 0x78, 0x78, 0xE5, 0x21, 0x78, 0x78, 0xE5, 0x21, 0x78, 0x78, 0xE5, 0x21, 0x78, 0x78, 0xE5, 0x21, 0x78, 0x78, 0xE5, 0x21, 0x78, 0x78, 0xE5, 0x21, 0x78, 0x78, 0xE5, 0x21, 
	/* 0x0500 */	0x38, 0x38, 0xE5, 0x21, 0x38, 0x38, 0xE5, 0x21, 0x38, 0x78, 0xE5, 0x21, 0x38, 0x38, 0xE5, 0x21, 0x38, 0x38, 0xE5, 0x21, 0x38, 0x38, 0xE5, 0x21, 0x38, 0x38, 0xE5, 0x21, 0x38, 0x38, 0xE5, 0x21, 
	/* 0x0520 */	0x38, 0x38, 0xE5, 0x21, 0x38, 0x38, 0xE5, 0x21, 0x38, 0x38, 0xE5, 0x21, 0x38, 0x38, 0xE5, 0x21, 0x38, 0x38, 0xE5, 0x21, 0x38, 0x38, 0xE5, 0x21, 0x38, 0x38, 0xE5, 0x21, 0x38, 0x38, 0xE5, 0x21, 
	/* 0x0540 */	0x38, 0x38, 0xE5, 0x21, 0x78, 0x78, 0xE5, 0x21, 0x78, 0x78, 0xE5, 0x21, 0x78, 0x78, 0xE5, 0x21, 0x78, 0x38, 0xE5, 0x21, 0x78, 0x78, 0xE5, 0x21, 0x38, 0x78, 0xE5, 0x21, 0x38, 0x78, 0xE5, 0x21, 
	/* 0x0560 */	0x78, 0x38, 0xE5, 0x21, 0x78, 0x78, 0xE5, 0x21, 0x78, 0x38, 0xE5, 0x21, 0x38, 0x78, 0xE5, 0x21, 0x78, 0x78, 0xE5, 0x21, 0x78, 0x38, 0xE5, 0x21, 0x38, 0x78, 0xE5, 0x21, 0x38, 0x38, 0xE5, 0x21, 
	/* 0x0580 */	0x38, 0x38, 0xE5, 0x21, 0x78, 0x38, 0xE5, 0x21, 0x78, 0x78, 0xE5, 0x21, 0x78, 0x78, 0xE5, 0x21, 0x78, 0x78, 0xE5, 0x21, 0x78, 0x78, 0xE5, 0x21, 0x38, 0x78, 0xE5, 0x21, 0x78, 0x78, 0xE5, 0x21, 
	/* 0x05A0 */	0x78, 0x78, 0xE5, 0x21, 0x78, 0x78, 0xE5, 0x21, 0x78, 0x78, 0xE5, 0x21, 0x38, 0x78, 0xE5, 0x21, 0x78, 0x78, 0xE5, 0x21, 0x78, 0x38, 0xE5, 0x21, 0x78, 0x78, 0xE5, 0x21, 0x38, 0x38, 0xE5, 0x21, 
	/* 0x05C0 */	0x38, 0x38, 0xE5, 0x21, 0x78, 0x38, 0xE5, 0x21, 0x78, 0x78, 0xE5, 0x21, 0x78, 0x78, 0xE5, 0x21, 0x78, 0x78, 0xE5, 0x21, 0x78, 0x78, 0xE5, 0x21, 0x38, 0x78, 0xE5, 0x21, 0x78, 0x78, 0xE5, 0x21, 
	/* 0x05E0 */	0x78, 0x78, 0xE5, 0x21, 0x78, 0x78, 0xE5, 0x21, 0x78, 0x78, 0xE5, 0x21, 0x78, 0x78, 0xE5, 0x21, 0x78, 0x78, 0xE5, 0x21, 0x78, 0x78, 0xE5, 0x21, 0x78, 0x78, 0xE5, 0x21, 0x38, 0x38, 0xE5, 0x21, 
	/* 0x0600 */	0x38, 0x38, 0xE5, 0x21, 0x78, 0x78, 0xE5, 0x21, 0x78, 0x78, 0xE5, 0x21, 0x38, 0x38, 0xE5, 0x21, 0x78, 0x78, 0xE5, 0x21, 0x78, 0x78, 0xE5, 0x21, 0x78, 0x78, 0xE5, 0x21, 0x78, 0x78, 0xE5, 0x21, 
	/* 0x0620 */	0x78, 0x78, 0xE5, 0x21, 0x78, 0x78, 0xE5, 0x21, 0x38, 0x78, 0xE5, 0x21, 0x78, 0x38, 0xE5, 0x21, 0x78, 0x78, 0xE5, 0x21, 0x78, 0x78, 0xE5, 0x21, 0x38, 0x78, 0xE5, 0x21, 0x38, 0x38, 0xE5, 0x21, 
	/* 0x0640 */	0x38, 0x38, 0xE5, 0x21, 0x38, 0x38, 0xE5, 0x21, 0x38, 0x38, 0xE5, 0x21, 0x38, 0x38, 0xE5, 0x21, 0x38, 0x38, 0xE5, 0x21, 0x38, 0x38, 0xE5, 0x21, 0x38, 0x38, 0xE5, 0x21, 0x38, 0x38, 0xE5, 0x21, 
	/* 0x0660 */	0x38, 0x38, 0xE5, 0x21, 0x38, 0x38, 0xE5, 0x21, 0x38, 0x38, 0xE5, 0x21, 0x38, 0x38, 0xE5, 0x21, 0x38, 0x38, 0xE5, 0x21, 0x38, 0x38, 0xE5, 0x21, 0x38, 0x38, 0xE5, 0x21, 0x38, 0x38, 0xE5, 0x21, 
	/* 0x0680 */	0x38, 0x38, 0xE5, 0x21, 0x38, 0x38, 0xE5, 0x21, 0x38, 0x38, 0xE5, 0x21, 0x78, 0x38, 0xE5, 0x21, 0x50, 0x7A, 0xE5, 0x21, 0x3A, 0x10, 0xE5, 0x21, 0x38, 0x10, 0xE5, 0x21, 0x10, 0x38, 0xE5, 0x21, 
	/* 0x06A0 */	0x38, 0x10, 0xE5, 0x21, 0x10, 0x38, 0xE5, 0x21, 0x78, 0x10, 0xE5, 0x21, 0x7A, 0x78, 0xE5, 0x21, 0x38, 0x78, 0xE5, 0x21, 0x38, 0x38, 0xE5, 0x21, 0x38, 0x38, 0xE5, 0x21, 0x38, 0x38, 0xE5, 0x21, 
	/* 0x06C0 */	0x38, 0x38, 0xE5, 0x21, 0x38, 0x38, 0xE5, 0x21, 0x38, 0x38, 0xE5, 0x21, 0x78, 0x38, 0xE5, 0x21, 0x50, 0x50, 0xE5, 0x21, 0x3A, 0x10, 0xE5, 0x21, 0x38, 0x10, 0xE5, 0x21, 0x10, 0x38, 0xE5, 0x21, 
	/* 0x06E0 */	0x38, 0x10, 0xE5, 0x21, 0x10, 0x38, 0xE5, 0x21, 0x78, 0x10, 0xE5, 0x21, 0x50, 0x78, 0xE5, 0x21, 0x38, 0x78, 0xE5, 0x21, 0x38, 0x38, 0xE5, 0x21, 0x38, 0x38, 0xE5, 0x21, 0x38, 0x38, 0xE5, 0x21, 
	/* 0x0700 */	0x38, 0x38, 0xE5, 0x21, 0x38, 0x38, 0xE5, 0x21, 0x78, 0x78, 0xE5, 0x21, 0x50, 0x78, 0xE5, 0x21, 0x50, 0x50, 0xE5, 0x21, 0x3A, 0x50, 0xE5, 0x21, 0x38, 0x78, 0xE5, 0x21, 0x10, 0x38, 0xE5, 0x21, 
	/* 0x0720 */	0x38, 0x38, 0xE5, 0x21, 0x10, 0x38, 0xE5, 0x21, 0x38, 0x10, 0xE5, 0x21, 0x50, 0x78, 0xE5, 0x21, 0x78, 0x50, 0xE5, 0x21, 0x78, 0x78, 0xE5, 0x21, 0x38, 0x38, 0xE5, 0x21, 0x38, 0x38, 0xE5, 0x21, 
	/* 0x0740 */	0x38, 0x38, 0xE5, 0x21, 0x38, 0x38, 0xE5, 0x21, 0x50, 0x78, 0xE5, 0x21, 0x50, 0x50, 0xE5, 0x21, 0x38, 0x50, 0xE5, 0x21, 0x3A, 0x50, 0xE5, 0x21, 0x38, 0x78, 0xE5, 0x21, 0x78, 0x78, 0xE5, 0x21, 
	/* 0x0760 */	0x78, 0x38, 0xE5, 0x21, 0x10, 0x38, 0xE5, 0x21, 0x38, 0x10, 0xE5, 0x21, 0x50, 0x78, 0xE5, 0x21, 0x50, 0x50, 0xE5, 0x21, 0x78, 0x50, 0xE5, 0x21, 0x38, 0x38, 0xE5, 0x21, 0x38, 0x38, 0xE5, 0x21, 
	/* 0x0780 */	0x38, 0x38, 0xE5, 0x21, 0x38, 0x78, 0xE5, 0x21, 0x7A, 0x78, 0xE5, 0x21, 0x7A, 0x50, 0xE5, 0x21, 0x38, 0x50, 0xE5, 0x21, 0x10, 0x78, 0xE5, 0x21, 0x78, 0x78, 0xE5, 0x21, 0x38, 0x78, 0xE5, 0x21, 
	/* 0x07A0 */	0x38, 0x38, 0xE5, 0x21, 0x10, 0x38, 0xE5, 0x21, 0x38, 0x50, 0xE5, 0x21, 0x50, 0x78, 0xE5, 0x21, 0x7A, 0x7A, 0xE5, 0x21, 0x78, 0x50, 0xE5, 0x21, 0x38, 0x38, 0xE5, 0x21, 0x38, 0x38, 0xE5, 0x21, 
	/* 0x07C0 */	0x38, 0x38, 0xE5, 0x21, 0x38, 0x78, 0xE5, 0x21, 0x7A, 0x78, 0xE5, 0x21, 0x7A, 0x7A, 0xE5, 0x21, 0x38, 0x50, 0xE5, 0x21, 0x78, 0x78, 0xE5, 0x21, 0x78, 0x78, 0xE5, 0x21, 0x38, 0x78, 0xE5, 0x21, 
	/* 0x07E0 */	0x38, 0x38, 0xE5, 0x21, 0x78, 0x78, 0xE5, 0x21, 0x38, 0x78, 0xE5, 0x21, 0x50, 0x78, 0xE5, 0x21, 0x7A, 0x7A, 0xE5, 0x21, 0x78, 0x50, 0xE5, 0x21, 0x38, 0x38, 0xE5, 0x21, 0x38, 0x38, 0xE5, 0x21, 
	/* 0x0800 */	0x38, 0x38, 0xE5, 0x21, 0x78, 0x78, 0xE5, 0x21, 0x7A, 0x78, 0xE5, 0x21, 0x7A, 0x7A, 0xE5, 0x21, 0x78, 0x7A, 0xE5, 0x21, 0x78, 0x38, 0xE5, 0x21, 0x78, 0x78, 0xE5, 0x21, 0x78, 0x78, 0xE5, 0x21, 
	/* 0x0820 */	0x78, 0x78, 0xE5, 0x21, 0x78, 0x78, 0xE5, 0x21, 0x78, 0x78, 0xE5, 0x21, 0x50, 0x78, 0xE5, 0x21, 0x7A, 0x7A, 0xE5, 0x21, 0x50, 0x7A, 0xE5, 0x21, 0x78, 0x78, 0xE5, 0x21, 0x38, 0x38, 0xE5, 0x21, 
	/* 0x0840 */	0x38, 0x38, 0xE5, 0x21, 0x78, 0x78, 0xE5, 0x21, 0x7A, 0x50, 0xE5, 0x21, 0x7A, 0x7A, 0xE5, 0x21, 0x50, 0x7A, 0xE5, 0x21, 0x38, 0x38, 0xE5, 0x21, 0x78, 0x78, 0xE5, 0x21, 0x78, 0x78, 0xE5, 0x21, 
	/* 0x0860 */	0x78, 0x78, 0xE5, 0x21, 0x78, 0x78, 0xE5, 0x21, 0x78, 0x38, 0xE5, 0x21, 0x7A, 0x7A, 0xE5, 0x21, 0x7A, 0x7A, 0xE5, 0x21, 0x50, 0x7A, 0xE5, 0x21, 0x78, 0x50, 0xE5, 0x21, 0x38, 0x38, 0xE5, 0x21, 
	/* 0x0880 */	0x38, 0x38, 0xE5, 0x21, 0x50, 0x38, 0xE5, 0x21, 0x7A, 0x50, 0xE5, 0x21, 0x7A, 0x7A, 0xE5, 0x21, 0x7A, 0x7A, 0xE5, 0x21, 0x38, 0x50, 0xE5, 0x21, 0x78, 0x78, 0xE5, 0x21, 0x78, 0x78, 0xE5, 0x21, 
	/* 0x08A0 */	0x78, 0x78, 0xE5, 0x21, 0x38, 0x78, 0xE5, 0x21, 0x50, 0x38, 0xE5, 0x21, 0x7A, 0x7A, 0xE5, 0x21, 0x7A, 0x7A, 0xE5, 0x21, 0x7A, 0x7A, 0xE5, 0x21, 0x78, 0x50, 0xE5, 0x21, 0x38, 0x38, 0xE5, 0x21, 
	/* 0x08C0 */	0x78, 0x38, 0xE5, 0x21, 0x50, 0x38, 0xE5, 0x21, 0x7A, 0x7A, 0xE5, 0x21, 0x7A, 0x7A, 0xE5, 0x21, 0x7A, 0x7A, 0xE5, 0x21, 0x78, 0x50, 0xE5, 0x21, 0x78, 0x78, 0xE5, 0x21, 0x78, 0x78, 0xE5, 0x21, 
	/* 0x08E0 */	0x78, 0x78, 0xE5, 0x21, 0x78, 0x78, 0xE5, 0x21, 0x7A, 0x50, 0xE5, 0x21, 0x7A, 0x7A, 0xE5, 0x21, 0x7A, 0x7A, 0xE5, 0x21, 0x7A, 0x7A, 0xE5, 0x21, 0x78, 0x50, 0xE5, 0x21, 0x38, 0x38, 0xE5, 0x21, 
	/* 0x0900 */	0x78, 0x38, 0xE5, 0x21, 0x50, 0x38, 0xE5, 0x21, 0x7A, 0x7A, 0xE5, 0x21, 0x7A, 0x7A, 0xE5, 0x21, 0x7A, 0x7A, 0xE5, 0x21, 0x78, 0x7A, 0xE5, 0x21, 0x78, 0x78, 0xE5, 0x21, 0x78, 0x78, 0xE5, 0x21, 
	/* 0x0920 */	0x78, 0x78, 0xE5, 0x21, 0x78, 0x78, 0xE5, 0x21, 0x7A, 0x50, 0xE5, 0x21, 0x7A, 0x7A, 0xE5, 0x21, 0x7A, 0x7A, 0xE5, 0x21, 0x50, 0x7A, 0xE5, 0x21, 0x38, 0x50, 0xE5, 0x21, 0x38, 0x78, 0xE5, 0x21, 
	/* 0x0940 */	0x78, 0x38, 0xE5, 0x21, 0x38, 0x38, 0xE5, 0x21, 0x7A, 0x50, 0xE5, 0x21, 0x7A, 0x7A, 0xE5, 0x21, 0x7A, 0x7A, 0xE5, 0x21, 0x7A, 0x7A, 0xE5, 0x21, 0x78, 0x78, 0xE5, 0x21, 0x78, 0x78, 0xE5, 0x21, 
	/* 0x0960 */	0x78, 0x78, 0xE5, 0x21, 0x50, 0x78, 0xE5, 0x21, 0x7A, 0x7A, 0xE5, 0x21, 0x7A, 0x7A, 0xE5, 0x21, 0x7A, 0x7A, 0xE5, 0x21, 0x50, 0x7A, 0xE5, 0x21, 0x38, 0x38, 0xE5, 0x21, 0x38, 0x78, 0xE5, 0x21, 
	/* 0x0980 */	0x78, 0x38, 0xE5, 0x21, 0x38, 0x38, 0xE5, 0x21, 0x7A, 0x50, 0xE5, 0x21, 0x7A, 0x7A, 0xE5, 0x21, 0x7A, 0x7A, 0xE5, 0x21, 0x7A, 0x7A, 0xE5, 0x21, 0x78, 0x50, 0xE5, 0x21, 0x78, 0x78, 0xE5, 0x21, 
	/* 0x09A0 */	0x78, 0x78, 0xE5, 0x21, 0x50, 0x78, 0xE5, 0x21, 0x7A, 0x7A, 0xE5, 0x21, 0x7A, 0x7A, 0xE5, 0x21, 0x7A, 0x7A, 0xE5, 0x21, 0x50, 0x50, 0xE5, 0x21, 0x38, 0x38, 0xE5, 0x21, 0x38, 0x78, 0xE5, 0x21, 
	/* 0x09C0 */	0x38, 0x38, 0xE5, 0x21, 0x38, 0x38, 0xE5, 0x21, 0x50, 0x38, 0xE5, 0x21, 0x7A, 0x7A, 0xE5, 0x21, 0x7A, 0x7A, 0xE5, 0x21, 0x7A, 0x7A, 0xE5, 0x21, 0x78, 0x50, 0xE5, 0x21, 0x78, 0x78, 0xE5, 0x21, 
	/* 0x09E0 */	0x78, 0x78, 0xE5, 0x21, 0x50, 0x78, 0xE5, 0x21, 0x7A, 0x7A, 0xE5, 0x21, 0x7A, 0x7A, 0xE5, 0x21, 0x7A, 0x7A, 0xE5, 0x21, 0x38, 0x10, 0xE5, 0x21, 0x38, 0x38, 0xE5, 0x21, 0x38, 0x78, 0xE5, 0x21, 
	/* 0x0A00 */	0x38, 0x38, 0xE5, 0x21, 0x38, 0x38, 0xE5, 0x21, 0x50, 0x38, 0xE5, 0x21, 0x7A, 0x50, 0xE5, 0x21, 0x7A, 0x7A, 0xE5, 0x21, 0x7A, 0x7A, 0xE5, 0x21, 0x50, 0x7A, 0xE5, 0x21, 0x78, 0x78, 0xE5, 0x21, 
	/* 0x0A20 */	0x78, 0x78, 0xE5, 0x21, 0x7A, 0x7A, 0xE5, 0x21, 0x7A, 0x7A, 0xE5, 0x21, 0x7A, 0x7A, 0xE5, 0x21, 0x50, 0x7A, 0xE5, 0x21, 0x38, 0x38, 0xE5, 0x21, 0x38, 0x38, 0xE5, 0x21, 0x38, 0x78, 0xE5, 0x21, 
	/* 0x0A40 */	0x38, 0x38, 0xE5, 0x21, 0x38, 0x38, 0xE5, 0x21, 0x38, 0x38, 0xE5, 0x21, 0x50, 0x50, 0xE5, 0x21, 0x7A, 0x7A, 0xE5, 0x21, 0x7A, 0x7A, 0xE5, 0x21, 0x7A, 0x7A, 0xE5, 0x21, 0x7A, 0x7A, 0xE5, 0x21, 
	/* 0x0A60 */	0x7A, 0x50, 0xE5, 0x21, 0x7A, 0x7A, 0xE5, 0x21, 0x7A, 0x7A, 0xE5, 0x21, 0x7A, 0x7A, 0xE5, 0x21, 0x50, 0x50, 0xE5, 0x21, 0x38, 0x38, 0xE5, 0x21, 0x38, 0x38, 0xE5, 0x21, 0x38, 0x78, 0xE5, 0x21, 
	/* 0x0A80 */	0x38, 0x38, 0xE5, 0x21, 0x38, 0x38, 0xE5, 0x21, 0x38, 0x38, 0xE5, 0x21, 0x50, 0x38, 0xE5, 0x21, 0x7A, 0x50, 0xE5, 0x21, 0x7A, 0x7A, 0xE5, 0x21, 0x7A, 0x7A, 0xE5, 0x21, 0x7A, 0x7A, 0xE5, 0x21, 
	/* 0x0AA0 */	0x7A, 0x7A, 0xE5, 0x21, 0x7A, 0x7A, 0xE5, 0x21, 0x7A, 0x7A, 0xE5, 0x21, 0x50, 0x50, 0xE5, 0x21, 0x38, 0x38, 0xE5, 0x21, 0x38, 0x38, 0xE5, 0x21, 0x38, 0x38, 0xE5, 0x21, 0x38, 0x38, 0xE5, 0x06, 
	/* 0x0AC0 */	0x00, 0x00, 0x00, 0x31, 0x10, 0x40, 0x21, 0xFF, 0xFF, 0xE5, 0x21, 0xFF, 0xFF, 0xE5, 0x21, 0xFF, 0xFF, 0xE5, 0x21, 0xFF, 0x80, 0xE5, 0x21, 0xFF, 0xFF, 0xE5, 0x21, 0xFF, 0xFF, 0xE5, 0x21, 0xFF, 
	/* 0x0AE0 */	0xFF, 0xE5, 0x21, 0xFF, 0xFF, 0xE5, 0x31, 0x20, 0x40, 0x21, 0xFF, 0xFF, 0xE5, 0x21, 0xFF, 0xFF, 0xE5, 0x21, 0xFF, 0xFF, 0xE5, 0x21, 0xFF, 0xFF, 0xE5, 0x21, 0xFF, 0x7F, 0xE5, 0x21, 0xFF, 0xFF, 
	/* 0x0B00 */	0xE5, 0x21, 0xFF, 0xFF, 0xE5, 0x21, 0xFF, 0xFF, 0xE5, 0x31, 0x10, 0x41, 0x21, 0xFF, 0xFF, 0xE5, 0x21, 0xFF, 0xFF, 0xE5, 0x21, 0xFF, 0xFF, 0xE5, 0x21, 0xFF, 0x00, 0xE5, 0x21, 0xFF, 0xFF, 0xE5, 
	/* 0x0B20 */	0x21, 0xFF, 0xFF, 0xE5, 0x21, 0xFF, 0xFF, 0xE5, 0x21, 0xFF, 0xFF, 0xE5, 0x31, 0x64, 0x00, 0xF1, 0x08, 0xF1, 0x01, 0x7E, 0x7E, 0x11, 0x7E, 0x7E, 0x21, 0x7E, 0x70, 0xDD, 0x21, 0x38, 0x38, 0xFD, 
	/* 0x0B40 */	0x21, 0x38, 0x38, 0xD9, 0x01, 0x7E, 0x7E, 0x11, 0x7E, 0x7E, 0x21, 0x38, 0x38, 0x31, 0x10, 0x58, 0x22, 0x00, 0x58, 0x21, 0x38, 0x38, 0x22, 0x02, 0x58, 0x21, 0x7E, 0x7E, 0xE5, 0xD5, 0xC5, 0xF5, 
	/* 0x0B60 */	0xD9, 0x08, 0xFD, 0xE5, 0xDD, 0xE5, 0x31, 0x18, 0x58, 0xE5, 0xD5, 0xC5, 0xF5, 0x01, 0x70, 0x38, 0x11, 0x38, 0x38, 0x21, 0x38, 0x38, 0x31, 0x1E, 0x58, 0xE5, 0xD5, 0xC5, 0x21, 0x38, 0x38, 0x22, 
	/* 0x0B80 */	0x1E, 0x58, 0x00, 0x00, 0x00, 0x31, 0x20, 0x41, 0x21, 0xFF, 0xFF, 0xE5, 0x21, 0xFF, 0xFF, 0xE5, 0x21, 0xFF, 0xFF, 0xE5, 0x21, 0xFF, 0xFF, 0xE5, 0x21, 0xFF, 0x1F, 0xE5, 0x21, 0xFF, 0xFF, 0xE5, 
	/* 0x0BA0 */	0x21, 0xFF, 0xFF, 0xE5, 0x21, 0xFF, 0xFF, 0xE5, 0x31, 0x10, 0x42, 0x21, 0xFF, 0xFF, 0xE5, 0x21, 0xFF, 0xFF, 0xE5, 0x21, 0xFF, 0xFF, 0xE5, 0x21, 0xFC, 0x00, 0xE5, 0x21, 0xFF, 0xFF, 0xE5, 0x21, 
	/* 0x0BC0 */	0xFF, 0xFF, 0xE5, 0x21, 0xFF, 0xFF, 0xE5, 0x21, 0xFF, 0xFF, 0xE5, 0x31, 0x20, 0x42, 0x21, 0xFF, 0xFF, 0xE5, 0x21, 0xFF, 0xFF, 0xE5, 0x21, 0xFF, 0xFF, 0xE5, 0x21, 0xFF, 0xFF, 0xE5, 0x21, 0xFF, 
	/* 0x0BE0 */	0x0F, 0xE5, 0x21, 0xFF, 0xFF, 0xE5, 0x21, 0xFF, 0xFF, 0xE5, 0x21, 0xFF, 0xFF, 0xE5, 0x31, 0x10, 0x43, 0x21, 0xFF, 0xFF, 0xE5, 0x21, 0xFF, 0xFF, 0xE5, 0x21, 0xFF, 0xFF, 0xE5, 0x21, 0xF8, 0x00, 
	/* 0x0C00 */	0xE5, 0x21, 0xFF, 0xFF, 0xE5, 0x21, 0xFF, 0xFF, 0xE5, 0x21, 0xFF, 0xFF, 0xE5, 0x21, 0xFF, 0xFF, 0xE5, 0x31, 0x20, 0x43, 0x21, 0xFF, 0xFF, 0xE5, 0x21, 0xFF, 0xFF, 0xE5, 0x21, 0xFF, 0xFF, 0xE5, 
	/* 0x0C20 */	0x21, 0xFF, 0xFF, 0xE5, 0x21, 0xFF, 0x07, 0xE5, 0x21, 0xFF, 0xFF, 0xE5, 0x21, 0xFF, 0xFF, 0xE5, 0x21, 0xFF, 0xFF, 0xE5, 0x31, 0x10, 0x44, 0x21, 0xFF, 0xFF, 0xE5, 0x21, 0xFF, 0xFF, 0xE5, 0x21, 
	/* 0x0C40 */	0xFF, 0xFF, 0xE5, 0x21, 0xF0, 0x00, 0xE5, 0x21, 0xFF, 0xFF, 0xE5, 0x21, 0xFF, 0xFF, 0xE5, 0x21, 0xFF, 0xFF, 0xE5, 0x21, 0xFF, 0xFF, 0xE5, 0x31, 0x68, 0x00, 0xF1, 0x08, 0xF1, 0x01, 0x7E, 0x7E, 
	/* 0x0C60 */	0x11, 0x7E, 0x7E, 0x21, 0x7E, 0x7E, 0xDD, 0x21, 0x38, 0x38, 0xFD, 0x21, 0x70, 0x70, 0xD9, 0x01, 0x7E, 0x7E, 0x11, 0x7E, 0x7E, 0x21, 0x38, 0x78, 0x31, 0x30, 0x58, 0x22, 0x20, 0x58, 0x21, 0x38, 
	/* 0x0C80 */	0x38, 0x22, 0x22, 0x58, 0x21, 0x7E, 0x70, 0xE5, 0xD5, 0xC5, 0xF5, 0xD9, 0x08, 0xFD, 0xE5, 0xDD, 0xE5, 0x31, 0x38, 0x58, 0xE5, 0xD5, 0xC5, 0xF5, 0x01, 0x70, 0x70, 0x11, 0x38, 0x38, 0x21, 0x38, 
	/* 0x0CA0 */	0x38, 0x31, 0x3E, 0x58, 0xE5, 0xD5, 0xC5, 0x21, 0x38, 0x38, 0x22, 0x3E, 0x58, 0x00, 0x00, 0x00, 0x31, 0x20, 0x44, 0x21, 0xFF, 0xFF, 0xE5, 0x21, 0xFF, 0xFF, 0xE5, 0x21, 0xFF, 0xFF, 0xE5, 0x21, 
	/* 0x0CC0 */	0xFF, 0xFF, 0xE5, 0x21, 0xFF, 0x01, 0xE5, 0x21, 0xFF, 0xFF, 0xE5, 0x21, 0xFF, 0xFF, 0xE5, 0x21, 0xFF, 0xFF, 0xE5, 0x31, 0x10, 0x45, 0x21, 0xFF, 0xFF, 0xE5, 0x21, 0xFF, 0xFF, 0xE5, 0x21, 0xFF, 
	/* 0x0CE0 */	0xFF, 0xE5, 0x21, 0xC0, 0x00, 0xE5, 0x21, 0xFF, 0xFF, 0xE5, 0x21, 0xFF, 0xFF, 0xE5, 0x21, 0xFF, 0xFF, 0xE5, 0x21, 0x0F, 0xFF, 0xE5, 0x31, 0x20, 0x45, 0x21, 0xFF, 0xF8, 0xE5, 0x21, 0xFF, 0xFF, 
	/* 0x0D00 */	0xE5, 0x21, 0xFF, 0xFF, 0xE5, 0x21, 0xFF, 0xFF, 0xE5, 0x21, 0xFF, 0x00, 0xE5, 0x21, 0xFF, 0xFF, 0xE5, 0x21, 0xFF, 0xFF, 0xE5, 0x21, 0xFF, 0xFF, 0xE5, 0x31, 0x10, 0x46, 0x21, 0xFF, 0xFF, 0xE5, 
	/* 0x0D20 */	0x21, 0xFF, 0xFF, 0xE5, 0x21, 0xFF, 0xFF, 0xE5, 0x21, 0x80, 0x00, 0xE5, 0x21, 0xFF, 0xFF, 0xE5, 0x21, 0xFF, 0xFF, 0xE5, 0x21, 0xFF, 0xFF, 0xE5, 0x21, 0xFB, 0xFF, 0xE5, 0x31, 0x20, 0x46, 0x21, 
	/* 0x0D40 */	0xFF, 0xF7, 0xE5, 0x21, 0xFF, 0xFF, 0xE5, 0x21, 0xFF, 0xFF, 0xE5, 0x21, 0x7F, 0xFF, 0xE5, 0x21, 0xFF, 0x00, 0xE5, 0x21, 0xFF, 0xFF, 0xE5, 0x21, 0xFF, 0xFF, 0xE5, 0x21, 0xFF, 0xFF, 0xE5, 0x31, 
	/* 0x0D60 */	0x10, 0x47, 0x21, 0xFF, 0xFF, 0xE5, 0x21, 0xFF, 0xFF, 0xE5, 0x21, 0xFF, 0xFF, 0xE5, 0x21, 0x00, 0x00, 0xE5, 0x21, 0xFF, 0xFF, 0xE5, 0x21, 0xFF, 0xFF, 0xE5, 0x21, 0xFF, 0xFF, 0xE5, 0x21, 0x45, 
	/* 0x0D80 */	0xFF, 0xE5, 0x31, 0x6C, 0x00, 0xF1, 0x08, 0xF1, 0x01, 0x70, 0x7E, 0x11, 0x7E, 0x7E, 0x21, 0x7E, 0x7E, 0xDD, 0x21, 0x38, 0x38, 0xFD, 0x21, 0x70, 0x7E, 0xD9, 0x01, 0x7E, 0x7E, 0x11, 0x7E, 0x7E, 
	/* 0x0DA0 */	0x21, 0x38, 0x78, 0x31, 0x50, 0x58, 0x22, 0x40, 0x58, 0x21, 0x38, 0x38, 0x22, 0x42, 0x58, 0x21, 0x78, 0x78, 0xE5, 0xD5, 0xC5, 0xF5, 0xD9, 0x08, 0xFD, 0xE5, 0xDD, 0xE5, 0x31, 0x58, 0x58, 0xE5, 
	/* 0x0DC0 */	0xD5, 0xC5, 0xF5, 0x01, 0x7E, 0x70, 0x11, 0x70, 0x38, 0x21, 0x38, 0x38, 0x31, 0x5E, 0x58, 0xE5, 0xD5, 0xC5, 0x21, 0x38, 0x38, 0x22, 0x5E, 0x58, 0x00, 0x00, 0x00, 0x31, 0x20, 0x47, 0x21, 0xFF, 
	/* 0x0DE0 */	0xEC, 0xE5, 0x21, 0xFF, 0xFF, 0xE5, 0x21, 0xFF, 0xFF, 0xE5, 0x21, 0x3F, 0xFF, 0xE5, 0x21, 0xFF, 0x00, 0xE5, 0x21, 0xFF, 0xFF, 0xE5, 0x21, 0xFF, 0xFF, 0xE5, 0x21, 0xFF, 0xFF, 0xE5, 0x31, 0x30, 
	/* 0x0E00 */	0x40, 0x21, 0xFF, 0x00, 0xE5, 0x21, 0xFF, 0xFF, 0xE5, 0x21, 0xFF, 0xFF, 0xE5, 0x21, 0xFF, 0xFF, 0xE5, 0x21, 0xFF, 0xFE, 0xE5, 0x21, 0xFF, 0xFF, 0xE5, 0x21, 0xFF, 0xFF, 0xE5, 0x21, 0x5D, 0xFF, 
	/* 0x0E20 */	0xE5, 0x31, 0x40, 0x40, 0x21, 0xFF, 0xEC, 0xE5, 0x21, 0xFF, 0xFF, 0xE5, 0x21, 0xFF, 0xFF, 0xE5, 0x21, 0x1F, 0xFF, 0xE5, 0x21, 0xFF, 0xFF, 0xE5, 0x21, 0xFF, 0xFF, 0xE5, 0x21, 0xFF, 0xFF, 0xE5, 
	/* 0x0E40 */	0x21, 0xFF, 0xFF, 0xE5, 0x31, 0x30, 0x41, 0x21, 0xFF, 0x00, 0xE5, 0x21, 0xFF, 0xFF, 0xE5, 0x21, 0xFF, 0xFF, 0xE5, 0x21, 0xFF, 0xFF, 0xE5, 0x21, 0xFF, 0xFC, 0xE5, 0x21, 0xFF, 0xFF, 0xE5, 0x21, 
	/* 0x0E60 */	0xFF, 0xFF, 0xE5, 0x21, 0x50, 0xFF, 0xE5, 0x31, 0x40, 0x41, 0x21, 0xFF, 0xC0, 0xE5, 0x21, 0xFF, 0xFF, 0xE5, 0x21, 0xFF, 0xFF, 0xE5, 0x21, 0x0F, 0xFF, 0xE5, 0x21, 0xFF, 0xFF, 0xE5, 0x21, 0xFF, 
	/* 0x0E80 */	0xFF, 0xE5, 0x21, 0xFF, 0xFF, 0xE5, 0x21, 0xFF, 0xFF, 0xE5, 0x31, 0x30, 0x42, 0x21, 0xFF, 0x00, 0xE5, 0x21, 0xFF, 0xFF, 0xE5, 0x21, 0xFF, 0xFF, 0xE5, 0x21, 0xFF, 0xFF, 0xE5, 0x21, 0xFF, 0xF0, 
	/* 0x0EA0 */	0xE5, 0x21, 0xFF, 0xFF, 0xE5, 0x21, 0xFF, 0xFF, 0xE5, 0x21, 0x58, 0x7F, 0xE5, 0x31, 0x70, 0x00, 0xF1, 0x08, 0xF1, 0x01, 0x78, 0x70, 0x11, 0x7E, 0x7E, 0x21, 0x7E, 0x7E, 0xDD, 0x21, 0x38, 0x30, 
	/* 0x0EC0 */	0xFD, 0x21, 0x7E, 0x7E, 0xD9, 0x01, 0x7E, 0x7E, 0x11, 0x70, 0x78, 0x21, 0x38, 0x78, 0x31, 0x70, 0x58, 0x22, 0x60, 0x58, 0x21, 0x38, 0x38, 0x22, 0x62, 0x58, 0x21, 0x78, 0x78, 0xE5, 0xD5, 0xC5, 
	/* 0x0EE0 */	0xF5, 0xD9, 0x08, 0xFD, 0xE5, 0xDD, 0xE5, 0x31, 0x78, 0x58, 0xE5, 0xD5, 0xC5, 0xF5, 0x01, 0x7E, 0x7E, 0x11, 0x70, 0x38, 0x21, 0x38, 0x38, 0x31, 0x7E, 0x58, 0xE5, 0xD5, 0xC5, 0x21, 0x38, 0x38, 
	/* 0x0F00 */	0x22, 0x7E, 0x58, 0x00, 0x00, 0x00, 0x31, 0x40, 0x42, 0x21, 0xFF, 0x8D, 0xE5, 0x21, 0xFF, 0xFF, 0xE5, 0x21, 0xFF, 0xFF, 0xE5, 0x21, 0x07, 0xFF, 0xE5, 0x21, 0xFF, 0xFF, 0xE5, 0x21, 0xFF, 0xFF, 
	/* 0x0F20 */	0xE5, 0x21, 0xFF, 0xFF, 0xE5, 0x21, 0xFF, 0xFF, 0xE5, 0x31, 0x30, 0x43, 0x21, 0xFF, 0x00, 0xE5, 0x21, 0xFF, 0xFF, 0xE5, 0x21, 0xFF, 0xFF, 0xE5, 0x21, 0xFF, 0xFF, 0xE5, 0x21, 0xFF, 0xE0, 0xE5, 
	/* 0x0F40 */	0x21, 0xFF, 0xFF, 0xE5, 0x21, 0xFF, 0xFF, 0xE5, 0x21, 0xD8, 0x3F, 0xE5, 0x31, 0x40, 0x43, 0x21, 0xFF, 0x4D, 0xE5, 0x21, 0xFF, 0xFF, 0xE5, 0x21, 0xFF, 0xFF, 0xE5, 0x21, 0x01, 0xFF, 0xE5, 0x21, 
	/* 0x0F60 */	0xFF, 0xFF, 0xE5, 0x21, 0xFF, 0xFF, 0xE5, 0x21, 0xFF, 0xFF, 0xE5, 0x21, 0x1F, 0xFF, 0xE5, 0x31, 0x30, 0x44, 0x21, 0xFF, 0x01, 0xE5, 0x21, 0xFF, 0xFF, 0xE5, 0x21, 0xFF, 0xFF, 0xE5, 0x21, 0xFF, 
	/* 0x0F80 */	0xFF, 0xE5, 0x21, 0xFF, 0xC0, 0xE5, 0x21, 0xFF, 0xFF, 0xE5, 0x21, 0xFF, 0xFF, 0xE5, 0x21, 0xD9, 0x5F, 0xE5, 0x31, 0x40, 0x44, 0x21, 0xFF, 0x4D, 0xE5, 0x21, 0xFF, 0xFF, 0xE5, 0x21, 0xFF, 0xFF, 
	/* 0x0FA0 */	0xE5, 0x21, 0x00, 0xFF, 0xE5, 0x21, 0xFF, 0xFF, 0xE5, 0x21, 0xFF, 0xFF, 0xE5, 0x21, 0xFF, 0xFF, 0xE5, 0x21, 0x0F, 0xFF, 0xE5, 0x31, 0x30, 0x45, 0x21, 0xFF, 0x01, 0xE5, 0x21, 0xFF, 0xFF, 0xE5, 
	/* 0x0FC0 */	0x21, 0xFF, 0xFF, 0xE5, 0x21, 0xFF, 0xFF, 0xE5, 0x21, 0xFF, 0x80, 0xE5, 0x21, 0xFF, 0xFF, 0xE5, 0x21, 0xFF, 0xFF, 0xE5, 0x21, 0xD8, 0x1F, 0xE5, 0x31, 0x74, 0x00, 0xF1, 0x08, 0xF1, 0x01, 0x78, 
	/* 0x0FE0 */	0x70, 0x11, 0x7E, 0x7E, 0x21, 0x7E, 0x7E, 0xDD, 0x21, 0x70, 0x70, 0xFD, 0x21, 0x7E, 0x7E, 0xD9, 0x01, 0x7E, 0x7E, 0x11, 0x70, 0x78, 0x21, 0x38, 0x78, 0x31, 0x90, 0x58, 0x22, 0x80, 0x58, 0x21, 
	/* 0x1000 */	0x38, 0x38, 0x22, 0x82, 0x58, 0x21, 0x78, 0x78, 0xE5, 0xD5, 0xC5, 0xF5, 0xD9, 0x08, 0xFD, 0xE5, 0xDD, 0xE5, 0x31, 0x98, 0x58, 0xE5, 0xD5, 0xC5, 0xF5, 0x01, 0x7E, 0x7E, 0x11, 0x7E, 0x70, 0x21, 
	/* 0x1020 */	0x38, 0x38, 0x31, 0x9E, 0x58, 0xE5, 0xD5, 0xC5, 0x21, 0x78, 0x38, 0x22, 0x9E, 0x58, 0x00, 0x00, 0x00, 0x31, 0x40, 0x45, 0x21, 0xFF, 0x0D, 0xE5, 0x21, 0xFF, 0xFF, 0xE5, 0x21, 0xFF, 0xFF, 0xE5, 
	/* 0x1040 */	0x21, 0x00, 0x7F, 0xE5, 0x21, 0xFF, 0xFF, 0xE5, 0x21, 0xFF, 0xFF, 0xE5, 0x21, 0xFF, 0xFF, 0xE5, 0x21, 0x0F, 0xFF, 0xE5, 0x31, 0x30, 0x46, 0x21, 0xFF, 0x01, 0xE5, 0x21, 0xFF, 0xFF, 0xE5, 0x21, 
	/* 0x1060 */	0xFF, 0xFF, 0xE5, 0x21, 0xFF, 0xFF, 0xE5, 0x21, 0xFF, 0x00, 0xE5, 0x21, 0xFF, 0xFF, 0xE5, 0x21, 0xFF, 0xFF, 0xE5, 0x21, 0xD9, 0x1F, 0xE5, 0x31, 0x40, 0x46, 0x21, 0xFF, 0x4D, 0xE5, 0x21, 0xFF, 
	/* 0x1080 */	0xFF, 0xE5, 0x21, 0xFF, 0xFF, 0xE5, 0x21, 0x00, 0x7F, 0xE5, 0x21, 0xFF, 0xFF, 0xE5, 0x21, 0xFF, 0xFF, 0xE5, 0x21, 0xFF, 0xFF, 0xE5, 0x21, 0x07, 0xFF, 0xE5, 0x31, 0x30, 0x47, 0x21, 0xFF, 0x3D, 
	/* 0x10A0 */	0xE5, 0x21, 0xFF, 0xFF, 0xE5, 0x21, 0xFF, 0xFF, 0xE5, 0x21, 0xFF, 0xFF, 0xE5, 0x21, 0xFE, 0x00, 0xE5, 0x21, 0xFF, 0xFF, 0xE5, 0x21, 0xFF, 0xFF, 0xE5, 0x21, 0xD9, 0x1F, 0xE5, 0x31, 0x40, 0x47, 
	/* 0x10C0 */	0x21, 0xFF, 0x4D, 0xE5, 0x21, 0xFF, 0xFF, 0xE5, 0x21, 0xFF, 0xFF, 0xE5, 0x21, 0x00, 0x3F, 0xE5, 0x21, 0xFF, 0xFF, 0xE5, 0x21, 0xFF, 0xFF, 0xE5, 0x21, 0xFF, 0xFF, 0xE5, 0x21, 0x0C, 0x7F, 0xE5, 
	/* 0x10E0 */	0x31, 0x50, 0x40, 0x21, 0x00, 0x8F, 0xE5, 0x21, 0xFF, 0xFF, 0xE5, 0x21, 0xFF, 0xFF, 0xE5, 0x21, 0xFF, 0xFF, 0xE5, 0x21, 0xFC, 0xFF, 0xE5, 0x21, 0xFF, 0xFF, 0xE5, 0x21, 0xFF, 0xFF, 0xE5, 0x21, 
	/* 0x1100 */	0xD9, 0x1F, 0xE5, 0x31, 0x78, 0x00, 0xF1, 0x08, 0xF1, 0x01, 0x78, 0x78, 0x11, 0x7E, 0x7E, 0x21, 0x7E, 0x7E, 0xDD, 0x21, 0x70, 0x7E, 0xFD, 0x21, 0x7E, 0x7E, 0xD9, 0x01, 0x7E, 0x7E, 0x11, 0x70, 
	/* 0x1120 */	0x78, 0x21, 0x38, 0x78, 0x31, 0xB0, 0x58, 0x22, 0xA0, 0x58, 0x21, 0x38, 0x38, 0x22, 0xA2, 0x58, 0x21, 0x78, 0x78, 0xE5, 0xD5, 0xC5, 0xF5, 0xD9, 0x08, 0xFD, 0xE5, 0xDD, 0xE5, 0x31, 0xB8, 0x58, 
	/* 0x1140 */	0xE5, 0xD5, 0xC5, 0xF5, 0x01, 0x7E, 0x7E, 0x11, 0x7E, 0x70, 0x21, 0x38, 0x38, 0x31, 0xBE, 0x58, 0xE5, 0xD5, 0xC5, 0x21, 0x78, 0x38, 0x22, 0xBE, 0x58, 0x00, 0x00, 0x00, 0x31, 0x60, 0x40, 0x21, 
	/* 0x1160 */	0xFF, 0x4D, 0xE5, 0x21, 0xFF, 0xFF, 0xE5, 0x21, 0xFF, 0xFF, 0xE5, 0x21, 0xFF, 0x1F, 0xE5, 0x21, 0xFF, 0xFF, 0xE5, 0x21, 0xFF, 0xFF, 0xE5, 0x21, 0x00, 0xFF, 0xE5, 0x21, 0x3E, 0x20, 0xE5, 0x31, 
	/* 0x1180 */	0x50, 0x41, 0x21, 0x02, 0x7F, 0xE5, 0x21, 0xFF, 0xFF, 0xE5, 0x21, 0xFF, 0xFF, 0xE5, 0x21, 0xFF, 0xFF, 0xE5, 0x21, 0xF8, 0xFF, 0xE5, 0x21, 0xFF, 0xFF, 0xE5, 0x21, 0xFF, 0xFF, 0xE5, 0x21, 0xD9, 
	/* 0x11A0 */	0x1F, 0xE5, 0x31, 0x60, 0x41, 0x21, 0xFF, 0x4D, 0xE5, 0x21, 0xFF, 0xFF, 0xE5, 0x21, 0xFF, 0xFF, 0xE5, 0x21, 0xFF, 0x0F, 0xE5, 0x21, 0xFF, 0xFF, 0xE5, 0x21, 0xFF, 0xFF, 0xE5, 0x21, 0x00, 0xFF, 
	/* 0x11C0 */	0xE5, 0x21, 0x3F, 0xC8, 0xE5, 0x31, 0x50, 0x42, 0x21, 0x09, 0xF3, 0xE5, 0x21, 0xFF, 0xFF, 0xE5, 0x21, 0xFF, 0xFF, 0xE5, 0x21, 0xFF, 0xFF, 0xE5, 0x21, 0xF0, 0xFF, 0xE5, 0x21, 0xFF, 0xFF, 0xE5, 
	/* 0x11E0 */	0x21, 0xFF, 0xFF, 0xE5, 0x21, 0xD9, 0x1F, 0xE5, 0x31, 0x60, 0x42, 0x21, 0xFF, 0x4D, 0xE5, 0x21, 0xFF, 0xFF, 0xE5, 0x21, 0xFF, 0xFF, 0xE5, 0x21, 0xFF, 0x07, 0xE5, 0x21, 0xFF, 0xFF, 0xE5, 0x21, 
	/* 0x1200 */	0xFF, 0xFF, 0xE5, 0x21, 0x00, 0xFF, 0xE5, 0x21, 0x39, 0xF0, 0xE5, 0x31, 0x50, 0x43, 0x21, 0x17, 0xDF, 0xE5, 0x21, 0xFF, 0xFF, 0xE5, 0x21, 0xFF, 0xFF, 0xE5, 0x21, 0xFF, 0xFF, 0xE5, 0x21, 0xE0, 
	/* 0x1220 */	0xFF, 0xE5, 0x21, 0xFF, 0xFF, 0xE5, 0x21, 0xFF, 0xFF, 0xE5, 0x21, 0xD9, 0x1F, 0xE5, 0x31, 0x7C, 0x00, 0xF1, 0x08, 0xF1, 0x01, 0x78, 0x78, 0x11, 0x78, 0x7E, 0x21, 0x7E, 0x7E, 0xDD, 0x21, 0x70, 
	/* 0x1240 */	0x7E, 0xFD, 0x21, 0x7E, 0x7E, 0xD9, 0x01, 0x7E, 0x70, 0x11, 0x78, 0x78, 0x21, 0x38, 0x78, 0x31, 0xD0, 0x58, 0x22, 0xC0, 0x58, 0x21, 0x38, 0x70, 0x22, 0xC2, 0x58, 0x21, 0x78, 0x78, 0xE5, 0xD5, 
	/* 0x1260 */	0xC5, 0xF5, 0xD9, 0x08, 0xFD, 0xE5, 0xDD, 0xE5, 0x31, 0xD8, 0x58, 0xE5, 0xD5, 0xC5, 0xF5, 0x01, 0x7E, 0x7E, 0x11, 0x7E, 0x7E, 0x21, 0x70, 0x38, 0x31, 0xDE, 0x58, 0xE5, 0xD5, 0xC5, 0x21, 0x78, 
	/* 0x1280 */	0x38, 0x22, 0xDE, 0x58, 0x00, 0x00, 0x00, 0x31, 0x60, 0x43, 0x21, 0xFF, 0x4D, 0xE5, 0x21, 0xFF, 0xFF, 0xE5, 0x21, 0xFF, 0xFF, 0xE5, 0x21, 0xFF, 0x03, 0xE5, 0x21, 0xFF, 0xFF, 0xE5, 0x21, 0xFF, 
	/* 0x12A0 */	0xFF, 0xE5, 0x21, 0x00, 0xFF, 0xE5, 0x21, 0x3F, 0xFD, 0xE5, 0x31, 0x50, 0x44, 0x21, 0x2E, 0x63, 0xE5, 0x21, 0xFF, 0xFF, 0xE5, 0x21, 0xFF, 0xFF, 0xE5, 0x21, 0xFF, 0xFF, 0xE5, 0x21, 0xC0, 0xFF, 
	/* 0x12C0 */	0xE5, 0x21, 0xFF, 0xFF, 0xE5, 0x21, 0xFF, 0xFF, 0xE5, 0x21, 0xD9, 0x1F, 0xE5, 0x31, 0x60, 0x44, 0x21, 0xFF, 0x4D, 0xE5, 0x21, 0xFF, 0xFF, 0xE5, 0x21, 0xFF, 0xFF, 0xE5, 0x21, 0xFF, 0x01, 0xE5, 
	/* 0x12E0 */	0x21, 0xFF, 0xFF, 0xE5, 0x21, 0xFF, 0xFF, 0xE5, 0x21, 0x80, 0xFF, 0xE5, 0x21, 0x38, 0xDE, 0xE5, 0x31, 0x50, 0x45, 0x21, 0xFC, 0x1F, 0xE5, 0x21, 0xFF, 0xFE, 0xE5, 0x21, 0xFF, 0xFF, 0xE5, 0x21, 
	/* 0x1300 */	0xFF, 0xFF, 0xE5, 0x21, 0x80, 0xFF, 0xE5, 0x21, 0xFF, 0xFF, 0xE5, 0x21, 0xFF, 0xFF, 0xE5, 0x21, 0xD9, 0x1F, 0xE5, 0x31, 0x60, 0x45, 0x21, 0xFF, 0x4D, 0xE5, 0x21, 0xFF, 0xFF, 0xE5, 0x21, 0xFF, 
	/* 0x1320 */	0xFF, 0xE5, 0x21, 0xFF, 0x00, 0xE5, 0x21, 0xFF, 0xFF, 0xE5, 0x21, 0xFF, 0xFF, 0xE5, 0x21, 0xA0, 0xFF, 0xE5, 0x21, 0x3F, 0x07, 0xE5, 0x31, 0x50, 0x46, 0x21, 0x70, 0xFF, 0xE5, 0x21, 0xFF, 0xFC, 
	/* 0x1340 */	0xE5, 0x21, 0xFF, 0xFF, 0xE5, 0x21, 0xFF, 0xFF, 0xE5, 0x21, 0x80, 0xFF, 0xE5, 0x21, 0xFF, 0xFF, 0xE5, 0x21, 0xFF, 0xFF, 0xE5, 0x21, 0x59, 0x1F, 0xE5, 0x31, 0x80, 0x00, 0xF1, 0x08, 0xF1, 0x01, 
	/* 0x1360 */	0x78, 0x78, 0x11, 0x78, 0x70, 0x21, 0x7E, 0x7E, 0xDD, 0x21, 0x7E, 0x7E, 0xFD, 0x21, 0x7E, 0x7E, 0xD9, 0x01, 0x7E, 0x70, 0x11, 0x78, 0x78, 0x21, 0x38, 0x38, 0x31, 0xF0, 0x58, 0x22, 0xE0, 0x58, 
	/* 0x1380 */	0x21, 0x78, 0x70, 0x22, 0xE2, 0x58, 0x21, 0x78, 0x78, 0xE5, 0xD5, 0xC5, 0xF5, 0xD9, 0x08, 0xFD, 0xE5, 0xDD, 0xE5, 0x31, 0xF8, 0x58, 0xE5, 0xD5, 0xC5, 0xF5, 0x01, 0x7E, 0x7E, 0x11, 0x7E, 0x7E, 
	/* 0x13A0 */	0x21, 0x70, 0x38, 0x31, 0xFE, 0x58, 0xE5, 0xD5, 0xC5, 0x21, 0x78, 0x38, 0x22, 0xFE, 0x58, 0x00, 0x00, 0x00, 0x31, 0x60, 0x46, 0x21, 0xFF, 0x4D, 0xE5, 0x21, 0xFF, 0xFF, 0xE5, 0x21, 0x7F, 0xFF, 
	/* 0x13C0 */	0xE5, 0x21, 0xFF, 0x00, 0xE5, 0x21, 0xFF, 0xFF, 0xE5, 0x21, 0xFF, 0xFF, 0xE5, 0x21, 0xF0, 0xFF, 0xE5, 0x21, 0x3F, 0xE3, 0xE5, 0x31, 0x50, 0x47, 0x21, 0xE3, 0xFF, 0xE5, 0x21, 0xFF, 0xF8, 0xE5, 
	/* 0x13E0 */	0x21, 0xFF, 0xFF, 0xE5, 0x21, 0xFF, 0xFF, 0xE5, 0x21, 0x00, 0xFF, 0xE5, 0x21, 0xFF, 0xFF, 0xE5, 0x21, 0xFF, 0xFF, 0xE5, 0x21, 0x19, 0x1F, 0xE5, 0x31, 0x60, 0x47, 0x21, 0xFF, 0x4C, 0xE5, 0x21, 
	/* 0x1400 */	0xFF, 0xFF, 0xE5, 0x21, 0x3F, 0xFF, 0xE5, 0x21, 0xFF, 0x00, 0xE5, 0x21, 0xFF, 0xFF, 0xE5, 0x21, 0xFF, 0xFF, 0xE5, 0x21, 0xF8, 0xFF, 0xE5, 0x21, 0x3F, 0xF8, 0xE5, 0x31, 0x70, 0x40, 0x21, 0xC6, 
	/* 0x1420 */	0x0F, 0xE5, 0x21, 0x00, 0x0D, 0xE5, 0x21, 0xFF, 0xFF, 0xE5, 0x21, 0xFF, 0xFF, 0xE5, 0x21, 0xFF, 0xFF, 0xE5, 0x21, 0xFF, 0xFE, 0xE5, 0x21, 0xFF, 0xFF, 0xE5, 0x21, 0x19, 0x1F, 0xE5, 0x31, 0x80, 
	/* 0x1440 */	0x40, 0x21, 0xFF, 0x4D, 0xE5, 0x21, 0xFF, 0xFF, 0xE5, 0x21, 0x3F, 0xFF, 0xE5, 0x21, 0xFF, 0xFF, 0xE5, 0x21, 0xFF, 0xFF, 0xE5, 0x21, 0xFF, 0xFF, 0xE5, 0x21, 0x70, 0x00, 0xE5, 0x21, 0x3E, 0x0C, 
	/* 0x1460 */	0xE5, 0x31, 0x70, 0x41, 0x21, 0xD8, 0x07, 0xE5, 0x21, 0x00, 0x3B, 0xE5, 0x21, 0xFF, 0xFF, 0xE5, 0x21, 0xFF, 0xFF, 0xE5, 0x21, 0xFF, 0xFF, 0xE5, 0x21, 0xFF, 0xFE, 0xE5, 0x21, 0xFF, 0xFF, 0xE5, 
	/* 0x1480 */	0x21, 0x19, 0x1F, 0xE5, 0x31, 0x84, 0x00, 0xF1, 0x08, 0xF1, 0x01, 0x78, 0x78, 0x11, 0x38, 0x70, 0x21, 0x7E, 0x7E, 0xDD, 0x21, 0x7E, 0x7E, 0xFD, 0x21, 0x7E, 0x7E, 0xD9, 0x01, 0x70, 0x38, 0x11, 
	/* 0x14A0 */	0x38, 0x78, 0x21, 0x38, 0x38, 0x31, 0x10, 0x59, 0x22, 0x00, 0x59, 0x21, 0x78, 0x70, 0x22, 0x02, 0x59, 0x21, 0x78, 0x78, 0xE5, 0xD5, 0xC5, 0xF5, 0xD9, 0x08, 0xFD, 0xE5, 0xDD, 0xE5, 0x31, 0x18, 
	/* 0x14C0 */	0x59, 0xE5, 0xD5, 0xC5, 0xF5, 0x01, 0x7E, 0x7E, 0x11, 0x7E, 0x70, 0x21, 0x70, 0x38, 0x31, 0x1E, 0x59, 0xE5, 0xD5, 0xC5, 0x21, 0x38, 0x38, 0x22, 0x1E, 0x59, 0x00, 0x00, 0x00, 0x31, 0x80, 0x41, 
	/* 0x14E0 */	0x21, 0xFF, 0x4D, 0xE5, 0x21, 0xFF, 0xFF, 0xE5, 0x21, 0x1F, 0xFF, 0xE5, 0x21, 0xFF, 0xFF, 0xE5, 0x21, 0xFF, 0xFF, 0xE5, 0x21, 0xFF, 0xFF, 0xE5, 0x21, 0x38, 0x00, 0xE5, 0x21, 0x3C, 0x03, 0xE5, 
	/* 0x1500 */	0x31, 0x70, 0x42, 0x21, 0xA1, 0xC8, 0xE5, 0x21, 0x00, 0xFF, 0xE5, 0x21, 0xFF, 0xFF, 0xE5, 0x21, 0xFF, 0xFF, 0xE5, 0x21, 0xFF, 0xFF, 0xE5, 0x21, 0xFF, 0xFC, 0xE5, 0x21, 0xFF, 0xFF, 0xE5, 0x21, 
	/* 0x1520 */	0x99, 0x1F, 0xE5, 0x31, 0x80, 0x42, 0x21, 0xFF, 0x4C, 0xE5, 0x21, 0xFF, 0xFF, 0xE5, 0x21, 0x0F, 0xFF, 0xE5, 0x21, 0xFF, 0xFF, 0xE5, 0x21, 0xFF, 0xFF, 0xE5, 0x21, 0xFF, 0xFF, 0xE5, 0x21, 0x9A, 
	/* 0x1540 */	0x00, 0xE5, 0x21, 0x2E, 0x60, 0xE5, 0x31, 0x70, 0x43, 0x21, 0x87, 0x87, 0xE5, 0x21, 0x01, 0xF7, 0xE5, 0x21, 0xFF, 0xFF, 0xE5, 0x21, 0xFF, 0xFF, 0xE5, 0x21, 0xFF, 0xFF, 0xE5, 0x21, 0xFF, 0xF8, 
	/* 0x1560 */	0xE5, 0x21, 0xFF, 0xFF, 0xE5, 0x21, 0x49, 0x1F, 0xE5, 0x31, 0x80, 0x43, 0x21, 0xFF, 0x49, 0xE5, 0x21, 0xFF, 0xFF, 0xE5, 0x21, 0x07, 0xFF, 0xE5, 0x21, 0xFF, 0xFF, 0xE5, 0x21, 0xFF, 0xFF, 0xE5, 
	/* 0x1580 */	0x21, 0xFF, 0xFF, 0xE5, 0x21, 0x5D, 0xC0, 0xE5, 0x21, 0x3C, 0x38, 0xE5, 0x31, 0x70, 0x44, 0x21, 0x08, 0xFF, 0xE5, 0x21, 0x03, 0x2F, 0xE5, 0x21, 0xFF, 0xFF, 0xE5, 0x21, 0xFF, 0xFF, 0xE5, 0x21, 
	/* 0x15A0 */	0xFF, 0xFF, 0xE5, 0x21, 0xFF, 0xF0, 0xE5, 0x21, 0xFF, 0xFF, 0xE5, 0x21, 0x51, 0x1F, 0xE5, 0x31, 0x88, 0x00, 0xF1, 0x08, 0xF1, 0x01, 0x78, 0x78, 0x11, 0x38, 0x38, 0x21, 0x70, 0x7E, 0xDD, 0x21, 
	/* 0x15C0 */	0x70, 0x7E, 0xFD, 0x21, 0x7E, 0x7E, 0xD9, 0x01, 0x78, 0x38, 0x11, 0x78, 0x78, 0x21, 0x38, 0x38, 0x31, 0x30, 0x59, 0x22, 0x20, 0x59, 0x21, 0x78, 0x70, 0x22, 0x22, 0x59, 0x21, 0x78, 0x78, 0xE5, 
	/* 0x15E0 */	0xD5, 0xC5, 0xF5, 0xD9, 0x08, 0xFD, 0xE5, 0xDD, 0xE5, 0x31, 0x38, 0x59, 0xE5, 0xD5, 0xC5, 0xF5, 0x01, 0x7E, 0x7E, 0x11, 0x7E, 0x70, 0x21, 0x78, 0x78, 0x31, 0x3E, 0x59, 0xE5, 0xD5, 0xC5, 0x21, 
	/* 0x1600 */	0x38, 0x38, 0x22, 0x3E, 0x59, 0x00, 0x00, 0x00, 0x31, 0x80, 0x44, 0x21, 0xFF, 0x51, 0xE5, 0x21, 0xFF, 0xFF, 0xE5, 0x21, 0x07, 0xFF, 0xE5, 0x21, 0xFF, 0xFF, 0xE5, 0x21, 0xFF, 0xFF, 0xE5, 0x21, 
	/* 0x1620 */	0xFF, 0xFF, 0xE5, 0x21, 0x1E, 0xF0, 0xE5, 0x21, 0x7F, 0xE4, 0xE5, 0x31, 0x70, 0x45, 0x21, 0x27, 0xFF, 0xE5, 0x21, 0x07, 0xBE, 0xE5, 0x21, 0xFF, 0xFF, 0xE5, 0x21, 0xFF, 0xFF, 0xE5, 0x21, 0xFF, 
	/* 0x1640 */	0xFF, 0xE5, 0x21, 0xFF, 0xE0, 0xE5, 0x21, 0xFF, 0xFF, 0xE5, 0x21, 0x50, 0x1F, 0xE5, 0x31, 0x80, 0x45, 0x21, 0xFF, 0x11, 0xE5, 0x21, 0xFF, 0xFF, 0xE5, 0x21, 0x03, 0xFF, 0xE5, 0x21, 0xFF, 0xFF, 
	/* 0x1660 */	0xE5, 0x21, 0xFF, 0xFF, 0xE5, 0x21, 0xFF, 0xFF, 0xE5, 0x21, 0x0E, 0xF8, 0xE5, 0x21, 0x6F, 0xF8, 0xE5, 0x31, 0x70, 0x46, 0x21, 0x3F, 0xBF, 0xE5, 0x21, 0x07, 0xDC, 0xE5, 0x21, 0xFF, 0xFF, 0xE5, 
	/* 0x1680 */	0x21, 0xFF, 0xFF, 0xE5, 0x21, 0xFF, 0xFF, 0xE5, 0x21, 0xFF, 0xE0, 0xE5, 0x21, 0xFF, 0xFF, 0xE5, 0x21, 0x40, 0x1F, 0xE5, 0x31, 0x80, 0x46, 0x21, 0xFF, 0x11, 0xE5, 0x21, 0xFF, 0xFF, 0xE5, 0x21, 
	/* 0x16A0 */	0x01, 0xFF, 0xE5, 0x21, 0xFF, 0xFF, 0xE5, 0x21, 0xFF, 0xFF, 0xE5, 0x21, 0xFF, 0xFF, 0xE5, 0x21, 0x07, 0xF8, 0xE5, 0x21, 0x7F, 0x3F, 0xE5, 0x31, 0x70, 0x47, 0x21, 0xF9, 0xFF, 0xE5, 0x21, 0x07, 
	/* 0x16C0 */	0xDC, 0xE5, 0x21, 0xFF, 0xFF, 0xE5, 0x21, 0xFF, 0xFF, 0xE5, 0x21, 0xFF, 0xFF, 0xE5, 0x21, 0xFF, 0xC0, 0xE5, 0x21, 0xFF, 0xFF, 0xE5, 0x21, 0xC0, 0x1F, 0xE5, 0x31, 0x8C, 0x00, 0xF1, 0x08, 0xF1, 
	/* 0x16E0 */	0x01, 0x78, 0x78, 0x11, 0x78, 0x38, 0x21, 0x78, 0x7E, 0xDD, 0x21, 0x70, 0x7E, 0xFD, 0x21, 0x7E, 0x7E, 0xD9, 0x01, 0x78, 0x78, 0x11, 0x78, 0x78, 0x21, 0x38, 0x38, 0x31, 0x50, 0x59, 0x22, 0x40, 
	/* 0x1700 */	0x59, 0x21, 0x78, 0x78, 0x22, 0x42, 0x59, 0x21, 0x78, 0x78, 0xE5, 0xD5, 0xC5, 0xF5, 0xD9, 0x08, 0xFD, 0xE5, 0xDD, 0xE5, 0x31, 0x58, 0x59, 0xE5, 0xD5, 0xC5, 0xF5, 0x01, 0x7E, 0x7E, 0x11, 0x7E, 
	/* 0x1720 */	0x78, 0x21, 0x78, 0x78, 0x31, 0x5E, 0x59, 0xE5, 0xD5, 0xC5, 0x21, 0x38, 0x38, 0x22, 0x5E, 0x59, 0x00, 0x00, 0x00, 0x31, 0x80, 0x47, 0x21, 0xFF, 0x05, 0xE5, 0x21, 0xFF, 0xFF, 0xE5, 0x21, 0x01, 
	/* 0x1740 */	0xFF, 0xE5, 0x21, 0xFF, 0xFF, 0xE5, 0x21, 0xFF, 0xFF, 0xE5, 0x21, 0xFF, 0xFF, 0xE5, 0x21, 0xC7, 0xF8, 0xE5, 0x21, 0x7F, 0xF7, 0xE5, 0x31, 0x90, 0x40, 0x21, 0xEF, 0xFF, 0xE5, 0x21, 0x0F, 0xF9, 
	/* 0x1760 */	0xE5, 0x21, 0xFF, 0xFF, 0xE5, 0x21, 0xFF, 0xFF, 0xE5, 0x21, 0xFF, 0xFF, 0xE5, 0x21, 0xFF, 0x80, 0xE5, 0x21, 0xFF, 0xFF, 0xE5, 0x21, 0xC8, 0x1F, 0xE5, 0x31, 0xA0, 0x40, 0x21, 0xFC, 0x0D, 0xE5, 
	/* 0x1780 */	0x21, 0xFF, 0xFF, 0xE5, 0x21, 0xFF, 0xFF, 0xE5, 0x21, 0xFF, 0xFF, 0xE5, 0x21, 0xFF, 0xFF, 0xE5, 0x21, 0xFF, 0xFF, 0xE5, 0x21, 0xF7, 0xB8, 0xE5, 0x21, 0x7F, 0xFE, 0xE5, 0x31, 0x90, 0x41, 0x21, 
	/* 0x17A0 */	0xBF, 0xFF, 0xE5, 0x21, 0x07, 0xB7, 0xE5, 0x21, 0xFF, 0xFF, 0xE5, 0x21, 0xFF, 0xFF, 0xE5, 0x21, 0xFF, 0xFF, 0xE5, 0x21, 0xFF, 0x80, 0xE5, 0x21, 0xFF, 0xFF, 0xE5, 0x21, 0xD9, 0x07, 0xE5, 0x31, 
	/* 0x17C0 */	0xA0, 0x41, 0x21, 0xF9, 0x6D, 0xE5, 0x21, 0xFF, 0xFF, 0xE5, 0x21, 0xFF, 0x7F, 0xE5, 0x21, 0xFF, 0xFF, 0xE5, 0x21, 0xFF, 0xFF, 0xE5, 0x21, 0xFF, 0xFF, 0xE5, 0x21, 0xBB, 0xB8, 0xE5, 0x21, 0x7F, 
	/* 0x17E0 */	0xFF, 0xE5, 0x31, 0x90, 0x42, 0x21, 0xF8, 0x3F, 0xE5, 0x21, 0x07, 0xAE, 0xE5, 0x21, 0xFF, 0xFF, 0xE5, 0x21, 0xFF, 0xFF, 0xE5, 0x21, 0xFF, 0xFF, 0xE5, 0x21, 0xFF, 0x00, 0xE5, 0x21, 0xFF, 0xFF, 
	/* 0x1800 */	0xE5, 0x21, 0xD9, 0x07, 0xE5, 0x31, 0x90, 0x00, 0xF1, 0x08, 0xF1, 0x01, 0x78, 0x78, 0x11, 0x78, 0x78, 0x21, 0x38, 0x70, 0xDD, 0x21, 0x78, 0x70, 0xFD, 0x21, 0x7E, 0x7E, 0xD9, 0x01, 0x38, 0x78, 
	/* 0x1820 */	0x11, 0x78, 0x78, 0x21, 0x38, 0x38, 0x31, 0x70, 0x59, 0x22, 0x60, 0x59, 0x21, 0x38, 0x38, 0x22, 0x62, 0x59, 0x21, 0x38, 0x38, 0xE5, 0xD5, 0xC5, 0xF5, 0xD9, 0x08, 0xFD, 0xE5, 0xDD, 0xE5, 0x31, 
	/* 0x1840 */	0x78, 0x59, 0xE5, 0xD5, 0xC5, 0xF5, 0x01, 0x7E, 0x7E, 0x11, 0x7E, 0x78, 0x21, 0x38, 0x78, 0x31, 0x7E, 0x59, 0xE5, 0xD5, 0xC5, 0x21, 0x38, 0x38, 0x22, 0x7E, 0x59, 0x00, 0x00, 0x00, 0x31, 0xA0, 
	/* 0x1860 */	0x42, 0x21, 0xFB, 0x6D, 0xE5, 0x21, 0xFF, 0xFF, 0xE5, 0x21, 0xFF, 0x7F, 0xE5, 0x21, 0xFF, 0xFF, 0xE5, 0x21, 0xFF, 0xFF, 0xE5, 0x21, 0xFF, 0xFF, 0xE5, 0x21, 0xDD, 0xB8, 0xE5, 0x21, 0x7F, 0x83, 
	/* 0x1880 */	0xE5, 0x31, 0x90, 0x43, 0x21, 0xF0, 0x1F, 0xE5, 0x21, 0x07, 0xDD, 0xE5, 0x21, 0xFF, 0xFF, 0xE5, 0x21, 0xFF, 0xFF, 0xE5, 0x21, 0xFF, 0xFF, 0xE5, 0x21, 0xFF, 0x00, 0xE5, 0x21, 0xFF, 0xFF, 0xE5, 
	/* 0x18A0 */	0x21, 0xD9, 0x07, 0xE5, 0x31, 0xA0, 0x43, 0x21, 0xFB, 0x6D, 0xE5, 0x21, 0xFF, 0xFF, 0xE5, 0x21, 0xFF, 0x3F, 0xE5, 0x21, 0xFF, 0xFF, 0xE5, 0x21, 0xFF, 0xFF, 0xE5, 0x21, 0xFF, 0xFF, 0xE5, 0x21, 
	/* 0x18C0 */	0xF7, 0xF8, 0xE5, 0x21, 0x7F, 0x01, 0xE5, 0x31, 0x90, 0x44, 0x21, 0xE0, 0x0F, 0xE5, 0x21, 0x0F, 0xBB, 0xE5, 0x21, 0xFF, 0xFF, 0xE5, 0x21, 0xFF, 0xFF, 0xE5, 0x21, 0xFF, 0xFF, 0xE5, 0x21, 0xFE, 
	/* 0x18E0 */	0x00, 0xE5, 0x21, 0xFF, 0xFF, 0xE5, 0x21, 0xD9, 0x07, 0xE5, 0x31, 0xA0, 0x44, 0x21, 0xF9, 0x6D, 0xE5, 0x21, 0xFF, 0xFF, 0xE5, 0x21, 0xFF, 0x1F, 0xE5, 0x21, 0xFF, 0xFF, 0xE5, 0x21, 0xFF, 0xFF, 
	/* 0x1900 */	0xE5, 0x21, 0xFF, 0xFF, 0xE5, 0x21, 0xFB, 0xB8, 0xE5, 0x21, 0x7E, 0x00, 0xE5, 0x31, 0x90, 0x45, 0x21, 0xE0, 0x0F, 0xE5, 0x21, 0x0F, 0xF5, 0xE5, 0x21, 0xFF, 0xFF, 0xE5, 0x21, 0xFF, 0xFF, 0xE5, 
	/* 0x1920 */	0x21, 0xFF, 0xFF, 0xE5, 0x21, 0xFE, 0x00, 0xE5, 0x21, 0xFF, 0xFF, 0xE5, 0x21, 0xD9, 0x27, 0xE5, 0x31, 0x94, 0x00, 0xF1, 0x08, 0xF1, 0x01, 0x78, 0x78, 0x11, 0x30, 0x78, 0x21, 0x38, 0x70, 0xDD, 
	/* 0x1940 */	0x21, 0x78, 0x70, 0xFD, 0x21, 0x7E, 0x7E, 0xD9, 0x01, 0x38, 0x70, 0x11, 0x30, 0x38, 0x21, 0x38, 0x38, 0x31, 0x90, 0x59, 0x22, 0x80, 0x59, 0x21, 0x38, 0x38, 0x22, 0x82, 0x59, 0x21, 0x38, 0x38, 
	/* 0x1960 */	0xE5, 0xD5, 0xC5, 0xF5, 0xD9, 0x08, 0xFD, 0xE5, 0xDD, 0xE5, 0x31, 0x98, 0x59, 0xE5, 0xD5, 0xC5, 0xF5, 0x01, 0x7E, 0x70, 0x11, 0x7E, 0x78, 0x21, 0x38, 0x78, 0x31, 0x9E, 0x59, 0xE5, 0xD5, 0xC5, 
	/* 0x1980 */	0x21, 0x38, 0x38, 0x22, 0x9E, 0x59, 0x00, 0x00, 0x00, 0x31, 0xA0, 0x45, 0x21, 0xFB, 0x6D, 0xE5, 0x21, 0xFF, 0xFF, 0xE5, 0x21, 0xFF, 0x1F, 0xE5, 0x21, 0xFF, 0xFF, 0xE5, 0x21, 0xFF, 0xFF, 0xE5, 
	/* 0x19A0 */	0x21, 0xFF, 0xFF, 0xE5, 0x21, 0xFD, 0xBC, 0xE5, 0x21, 0x7E, 0x00, 0xE5, 0x31, 0x90, 0x46, 0x21, 0xE0, 0x0F, 0xE5, 0x21, 0x0F, 0x67, 0xE5, 0x21, 0xFF, 0xFF, 0xE5, 0x21, 0xFF, 0xFF, 0xE5, 0x21, 
	/* 0x19C0 */	0xFF, 0xFF, 0xE5, 0x21, 0xFC, 0x00, 0xE5, 0x21, 0xFF, 0xFF, 0xE5, 0x21, 0xD9, 0x07, 0xE5, 0x31, 0xA0, 0x46, 0x21, 0xFA, 0x6D, 0xE5, 0x21, 0xFF, 0xFF, 0xE5, 0x21, 0xFF, 0x0F, 0xE5, 0x21, 0xFF, 
	/* 0x19E0 */	0xFF, 0xE5, 0x21, 0xFF, 0xFF, 0xE5, 0x21, 0xFF, 0xFF, 0xE5, 0x21, 0xFD, 0xDC, 0xE5, 0x21, 0x7E, 0x00, 0xE5, 0x31, 0x90, 0x47, 0x21, 0xE0, 0x0F, 0xE5, 0x21, 0x0F, 0xEB, 0xE5, 0x21, 0xFF, 0xFF, 
	/* 0x1A00 */	0xE5, 0x21, 0xFF, 0xFF, 0xE5, 0x21, 0xFF, 0xFF, 0xE5, 0x21, 0xFC, 0x00, 0xE5, 0x21, 0xFF, 0xFF, 0xE5, 0x21, 0xD9, 0x27, 0xE5, 0x31, 0xA0, 0x47, 0x21, 0xFA, 0x6D, 0xE5, 0x21, 0xFF, 0xFF, 0xE5, 
	/* 0x1A20 */	0x21, 0xFF, 0x0F, 0xE5, 0x21, 0xFF, 0xFF, 0xE5, 0x21, 0xFF, 0xFF, 0xE5, 0x21, 0xFF, 0xFF, 0xE5, 0x21, 0xFA, 0xEE, 0xE5, 0x21, 0x7E, 0x00, 0xE5, 0x31, 0xB0, 0x40, 0x21, 0xE0, 0x1F, 0xE5, 0x21, 
	/* 0x1A40 */	0x0B, 0xEB, 0xE5, 0x21, 0xFF, 0xFF, 0xE5, 0x21, 0xFF, 0xFF, 0xE5, 0x21, 0xFF, 0xFF, 0xE5, 0x21, 0xF8, 0xFF, 0xE5, 0x21, 0xFF, 0xFF, 0xE5, 0x21, 0xD9, 0x27, 0xE5, 0x31, 0x98, 0x00, 0xF1, 0x08, 
	/* 0x1A60 */	0xF1, 0x01, 0x38, 0x78, 0x11, 0x3E, 0x70, 0x21, 0x38, 0x70, 0xDD, 0x21, 0x78, 0x70, 0xFD, 0x21, 0x70, 0x70, 0xD9, 0x01, 0x38, 0x30, 0x11, 0x30, 0x38, 0x21, 0x38, 0x38, 0x31, 0xB0, 0x59, 0x22, 
	/* 0x1A80 */	0xA0, 0x59, 0x21, 0x38, 0x38, 0x22, 0xA2, 0x59, 0x21, 0x78, 0x38, 0xE5, 0xD5, 0xC5, 0xF5, 0xD9, 0x08, 0xFD, 0xE5, 0xDD, 0xE5, 0x31, 0xB8, 0x59, 0xE5, 0xD5, 0xC5, 0xF5, 0x01, 0x70, 0x70, 0x11, 
	/* 0x1AA0 */	0x70, 0x78, 0x21, 0x38, 0x38, 0x31, 0xBE, 0x59, 0xE5, 0xD5, 0xC5, 0x21, 0x38, 0x38, 0x22, 0xBE, 0x59, 0x00, 0x00, 0x00, 0x31, 0xC0, 0x40, 0x21, 0xFA, 0x6D, 0xE5, 0x21, 0xFF, 0xFF, 0xE5, 0x21, 
	/* 0x1AC0 */	0xFF, 0x07, 0xE5, 0x21, 0xFF, 0xFF, 0xE5, 0x21, 0xFF, 0xFF, 0xE5, 0x21, 0xFF, 0xFF, 0xE5, 0x21, 0xFF, 0xE9, 0xE5, 0x21, 0x7F, 0x00, 0xE5, 0x31, 0xB0, 0x41, 0x21, 0xF0, 0x3F, 0xE5, 0x21, 0x0D, 
	/* 0x1AE0 */	0xF2, 0xE5, 0x21, 0xFF, 0xFF, 0xE5, 0x21, 0xFF, 0xFF, 0xE5, 0x21, 0xFF, 0xFF, 0xE5, 0x21, 0xF8, 0xFF, 0xE5, 0x21, 0xFF, 0xFF, 0xE5, 0x21, 0xD9, 0x27, 0xE5, 0x31, 0xC0, 0x41, 0x21, 0xFA, 0x6D, 
	/* 0x1B00 */	0xE5, 0x21, 0xFF, 0xFF, 0xE5, 0x21, 0xFF, 0x07, 0xE5, 0x21, 0xFF, 0xFF, 0xE5, 0x21, 0xFF, 0xFF, 0xE5, 0x21, 0xFF, 0xFF, 0xE5, 0x21, 0xFF, 0xF8, 0xE5, 0x21, 0x7F, 0x81, 0xE5, 0x31, 0xB0, 0x42, 
	/* 0x1B20 */	0x21, 0xF8, 0x7F, 0xE5, 0x21, 0x0F, 0x77, 0xE5, 0x21, 0xFF, 0xFF, 0xE5, 0x21, 0xFF, 0xFF, 0xE5, 0x21, 0xFF, 0xFF, 0xE5, 0x21, 0xF0, 0xFF, 0xE5, 0x21, 0xFF, 0xFF, 0xE5, 0x21, 0xD9, 0x27, 0xE5, 
	/* 0x1B40 */	0x31, 0xC0, 0x42, 0x21, 0xFA, 0x6D, 0xE5, 0x21, 0xFF, 0xFF, 0xE5, 0x21, 0xFF, 0x03, 0xE5, 0x21, 0xFF, 0xFF, 0xE5, 0x21, 0xFF, 0xFF, 0xE5, 0x21, 0xFF, 0xFF, 0xE5, 0x21, 0xFD, 0xD0, 0xE5, 0x21, 
	/* 0x1B60 */	0x7F, 0xE3, 0xE5, 0x31, 0xB0, 0x43, 0x21, 0xFF, 0xFF, 0xE5, 0x21, 0x1D, 0x97, 0xE5, 0x21, 0xFF, 0xFF, 0xE5, 0x21, 0xFF, 0xFF, 0xE5, 0x21, 0xFF, 0xFF, 0xE5, 0x21, 0xF0, 0xFF, 0xE5, 0x21, 0xFF, 
	/* 0x1B80 */	0xFF, 0xE5, 0x21, 0x59, 0x27, 0xE5, 0x31, 0x9C, 0x00, 0xF1, 0x08, 0xF1, 0x01, 0x38, 0x78, 0x11, 0x3E, 0x70, 0x21, 0x70, 0x70, 0xDD, 0x21, 0x78, 0x78, 0xFD, 0x21, 0x78, 0x70, 0xD9, 0x01, 0x38, 
	/* 0x1BA0 */	0x30, 0x11, 0x30, 0x38, 0x21, 0x38, 0x38, 0x31, 0xD0, 0x59, 0x22, 0xC0, 0x59, 0x21, 0x38, 0x38, 0x22, 0xC2, 0x59, 0x21, 0x38, 0x38, 0xE5, 0xD5, 0xC5, 0xF5, 0xD9, 0x08, 0xFD, 0xE5, 0xDD, 0xE5, 
	/* 0x1BC0 */	0x31, 0xD8, 0x59, 0xE5, 0xD5, 0xC5, 0xF5, 0x01, 0x70, 0x78, 0x11, 0x78, 0x78, 0x21, 0x38, 0x38, 0x31, 0xDE, 0x59, 0xE5, 0xD5, 0xC5, 0x21, 0x38, 0x38, 0x22, 0xDE, 0x59, 0x00, 0x00, 0x00, 0x31, 
	/* 0x1BE0 */	0xC0, 0x43, 0x21, 0xFA, 0x6D, 0xE5, 0x21, 0xFF, 0xFF, 0xE5, 0x21, 0xFF, 0x03, 0xE5, 0x21, 0xFF, 0xFF, 0xE5, 0x21, 0xFF, 0xFF, 0xE5, 0x21, 0xFF, 0xFF, 0xE5, 0x21, 0xFD, 0x36, 0xE5, 0x21, 0x7F, 
	/* 0x1C00 */	0xFF, 0xE5, 0x31, 0xB0, 0x44, 0x21, 0xFF, 0xFF, 0xE5, 0x21, 0x1D, 0x97, 0xE5, 0x21, 0xFF, 0xFF, 0xE5, 0x21, 0xFF, 0xFF, 0xE5, 0x21, 0xFF, 0xFF, 0xE5, 0x21, 0xE0, 0xFF, 0xE5, 0x21, 0xFF, 0xFF, 
	/* 0x1C20 */	0xE5, 0x21, 0x19, 0x27, 0xE5, 0x31, 0xC0, 0x44, 0x21, 0xFA, 0x6D, 0xE5, 0x21, 0xFF, 0xFF, 0xE5, 0x21, 0xFF, 0x03, 0xE5, 0x21, 0xFF, 0xFF, 0xE5, 0x21, 0xFF, 0xFF, 0xE5, 0x21, 0xFF, 0xFF, 0xE5, 
	/* 0x1C40 */	0x21, 0xFD, 0x36, 0xE5, 0x21, 0x7F, 0xFF, 0xE5, 0x31, 0xB0, 0x45, 0x21, 0xFF, 0xFF, 0xE5, 0x21, 0x3B, 0x8F, 0xE5, 0x21, 0xFF, 0xFF, 0xE5, 0x21, 0xFF, 0xFF, 0xE5, 0x21, 0xFF, 0xFF, 0xE5, 0x21, 
	/* 0x1C60 */	0xE0, 0xFF, 0xE5, 0x21, 0xFF, 0xFF, 0xE5, 0x21, 0x65, 0x27, 0xE5, 0x31, 0xC0, 0x45, 0x21, 0xFA, 0x61, 0xE5, 0x21, 0xFF, 0xFF, 0xE5, 0x21, 0xFF, 0x01, 0xE5, 0x21, 0xFF, 0xFF, 0xE5, 0x21, 0xFF, 
	/* 0x1C80 */	0xFF, 0xE5, 0x21, 0xFF, 0xFF, 0xE5, 0x21, 0xFD, 0xB9, 0xE5, 0x21, 0x7F, 0xFF, 0xE5, 0x31, 0xB0, 0x46, 0x21, 0xFF, 0xFF, 0xE5, 0x21, 0x3B, 0x0F, 0xE5, 0x21, 0xFF, 0xFF, 0xE5, 0x21, 0xFF, 0xFF, 
	/* 0x1CA0 */	0xE5, 0x21, 0xFF, 0xFF, 0xE5, 0x21, 0xC0, 0xFF, 0xE5, 0x21, 0xFF, 0xFF, 0xE5, 0x21, 0x44, 0xA7, 0xE5, 0x31, 0xA0, 0x00, 0xF1, 0x08, 0xF1, 0x01, 0x38, 0x30, 0x11, 0x3E, 0x30, 0x21, 0x70, 0x70, 
	/* 0x1CC0 */	0xDD, 0x21, 0x38, 0x38, 0xFD, 0x21, 0x38, 0x78, 0xD9, 0x01, 0x78, 0x30, 0x11, 0x30, 0x38, 0x21, 0x38, 0x38, 0x31, 0xF0, 0x59, 0x22, 0xE0, 0x59, 0x21, 0x38, 0x38, 0x22, 0xE2, 0x59, 0x21, 0x38, 
	/* 0x1CE0 */	0x30, 0xE5, 0xD5, 0xC5, 0xF5, 0xD9, 0x08, 0xFD, 0xE5, 0xDD, 0xE5, 0x31, 0xF8, 0x59, 0xE5, 0xD5, 0xC5, 0xF5, 0x01, 0x78, 0x38, 0x11, 0x38, 0x38, 0x21, 0x38, 0x38, 0x31, 0xFE, 0x59, 0xE5, 0xD5, 
	/* 0x1D00 */	0xC5, 0x21, 0x38, 0x38, 0x22, 0xFE, 0x59, 0x00, 0x00, 0x00, 0x31, 0xC0, 0x46, 0x21, 0xFA, 0x01, 0xE5, 0x21, 0xFF, 0xFF, 0xE5, 0x21, 0xFF, 0x01, 0xE5, 0x21, 0xFF, 0xFF, 0xE5, 0x21, 0xFF, 0xFF, 
	/* 0x1D20 */	0xE5, 0x21, 0xFF, 0xFF, 0xE5, 0x21, 0xFD, 0x98, 0xE5, 0x21, 0x7F, 0xFF, 0xE5, 0x31, 0xB0, 0x47, 0x21, 0xF8, 0x7F, 0xE5, 0x21, 0x7F, 0x2F, 0xE5, 0x21, 0xFF, 0xFF, 0xE5, 0x21, 0xFF, 0xFF, 0xE5, 
	/* 0x1D40 */	0x21, 0xFF, 0xFF, 0xE5, 0x21, 0xC0, 0xFF, 0xE5, 0x21, 0xFF, 0xFF, 0xE5, 0x21, 0x02, 0xA7, 0xE5, 0x31, 0xC0, 0x47, 0x21, 0xFA, 0x20, 0xE5, 0x21, 0xFF, 0xFF, 0xE5, 0x21, 0xFF, 0x00, 0xE5, 0x21, 
	/* 0x1D60 */	0xFF, 0xFF, 0xE5, 0x21, 0xFF, 0xFF, 0xE5, 0x21, 0x7F, 0xFF, 0xE5, 0x21, 0xFF, 0x9C, 0xE5, 0x21, 0x7F, 0xC3, 0xE5, 0x31, 0xD0, 0x40, 0x21, 0xF0, 0x3F, 0xE5, 0x21, 0x13, 0x0F, 0xE5, 0x21, 0xFF, 
	/* 0x1D80 */	0x00, 0xE5, 0x21, 0xFF, 0xFF, 0xE5, 0x21, 0xFF, 0xFF, 0xE5, 0x21, 0x80, 0xFF, 0xE5, 0x21, 0xFF, 0xFF, 0xE5, 0x21, 0x40, 0x87, 0xE5, 0x31, 0xE0, 0x40, 0x21, 0xF8, 0x01, 0xE5, 0x21, 0xFF, 0xFF, 
	/* 0x1DA0 */	0xE5, 0x21, 0xFF, 0xFF, 0xE5, 0x21, 0xFF, 0xFF, 0xE5, 0x21, 0xFF, 0xFF, 0xE5, 0x21, 0x1F, 0xFF, 0xE5, 0x21, 0xFF, 0x19, 0xE5, 0x21, 0x7F, 0x81, 0xE5, 0x31, 0xD0, 0x41, 0x21, 0xE0, 0x1F, 0xE5, 
	/* 0x1DC0 */	0x21, 0x9F, 0x2F, 0xE5, 0x21, 0xFF, 0x01, 0xE5, 0x21, 0xFF, 0xFF, 0xE5, 0x21, 0xFF, 0xFF, 0xE5, 0x21, 0x80, 0xFF, 0xE5, 0x21, 0xFF, 0xFF, 0xE5, 0x21, 0xD8, 0x07, 0xE5, 0x31, 0xA4, 0x00, 0xF1, 
	/* 0x1DE0 */	0x08, 0xF1, 0x01, 0x38, 0x30, 0x11, 0x3E, 0x30, 0x21, 0x70, 0x7E, 0xDD, 0x21, 0x38, 0x38, 0xFD, 0x21, 0x38, 0x78, 0xD9, 0x01, 0x78, 0x30, 0x11, 0x30, 0x38, 0x21, 0x38, 0x38, 0x31, 0x10, 0x5A, 
	/* 0x1E00 */	0x22, 0x00, 0x5A, 0x21, 0x38, 0x38, 0x22, 0x02, 0x5A, 0x21, 0x38, 0x30, 0xE5, 0xD5, 0xC5, 0xF5, 0xD9, 0x08, 0xFD, 0xE5, 0xDD, 0xE5, 0x31, 0x18, 0x5A, 0xE5, 0xD5, 0xC5, 0xF5, 0x01, 0x78, 0x38, 
	/* 0x1E20 */	0x11, 0x38, 0x38, 0x21, 0x38, 0x38, 0x31, 0x1E, 0x5A, 0xE5, 0xD5, 0xC5, 0x21, 0x38, 0x38, 0x22, 0x1E, 0x5A, 0x00, 0x00, 0x00, 0x31, 0xE0, 0x41, 0x21, 0xF8, 0x05, 0xE5, 0x21, 0xFF, 0xFF, 0xE5, 
	/* 0x1E40 */	0x21, 0xFF, 0xFF, 0xE5, 0x21, 0xFF, 0xFF, 0xE5, 0x21, 0xFF, 0xFF, 0xE5, 0x21, 0x0F, 0xFF, 0xE5, 0x21, 0xFF, 0x1F, 0xE5, 0x21, 0x7F, 0x00, 0xE5, 0x31, 0xD0, 0x42, 0x21, 0xC0, 0x1F, 0xE5, 0x21, 
	/* 0x1E60 */	0x97, 0x2F, 0xE5, 0x21, 0xFF, 0x03, 0xE5, 0x21, 0xFF, 0xFF, 0xE5, 0x21, 0xFF, 0xFF, 0xE5, 0x21, 0x80, 0xFF, 0xE5, 0x21, 0xFF, 0xFF, 0xE5, 0x21, 0xDB, 0x07, 0xE5, 0x31, 0xE0, 0x42, 0x21, 0xF8, 
	/* 0x1E80 */	0x0D, 0xE5, 0x21, 0x7F, 0xFF, 0xE5, 0x21, 0xFF, 0xFF, 0xE5, 0x21, 0xFF, 0xFF, 0xE5, 0x21, 0xFF, 0xFF, 0xE5, 0x21, 0x27, 0xFF, 0xE5, 0x21, 0x7F, 0x1F, 0xE5, 0x21, 0x7F, 0x00, 0xE5, 0x31, 0xD0, 
	/* 0x1EA0 */	0x43, 0x21, 0xC0, 0x00, 0xE5, 0x21, 0xD7, 0x2F, 0xE5, 0x21, 0xFF, 0x07, 0xE5, 0x21, 0xFF, 0xFF, 0xE5, 0x21, 0xFF, 0xFF, 0xE5, 0x21, 0x00, 0xFF, 0xE5, 0x21, 0xFF, 0xFF, 0xE5, 0x21, 0xDB, 0x47, 
	/* 0x1EC0 */	0xE5, 0x31, 0xE0, 0x43, 0x21, 0xF8, 0x6D, 0xE5, 0x21, 0x7F, 0xFF, 0xE5, 0x21, 0xFF, 0xFF, 0xE5, 0x21, 0xFF, 0xFF, 0xE5, 0x21, 0xFF, 0xFF, 0xE5, 0x21, 0x27, 0xFF, 0xE5, 0x21, 0x7F, 0x85, 0xE5, 
	/* 0x1EE0 */	0x21, 0xE0, 0x00, 0xE5, 0x31, 0xD0, 0x44, 0x21, 0xC3, 0xFF, 0xE5, 0x21, 0xD6, 0x2F, 0xE5, 0x21, 0xFF, 0x07, 0xE5, 0x21, 0xFF, 0xFF, 0xE5, 0x21, 0xFF, 0xFF, 0xE5, 0x21, 0x00, 0xFF, 0xE5, 0x21, 
	/* 0x1F00 */	0xFF, 0xFF, 0xE5, 0x21, 0xDB, 0x67, 0xE5, 0x31, 0xA8, 0x00, 0xF1, 0x08, 0xF1, 0x01, 0x38, 0x38, 0x11, 0x38, 0x38, 0x21, 0x38, 0x38, 0xDD, 0x21, 0x38, 0x38, 0xFD, 0x21, 0x38, 0x38, 0xD9, 0x01, 
	/* 0x1F20 */	0x38, 0x38, 0x11, 0x38, 0x38, 0x21, 0x38, 0x38, 0x31, 0x30, 0x5A, 0x22, 0x20, 0x5A, 0x21, 0x38, 0x38, 0x22, 0x22, 0x5A, 0x21, 0x38, 0x38, 0xE5, 0xD5, 0xC5, 0xF5, 0xD9, 0x08, 0xFD, 0xE5, 0xDD, 
	/* 0x1F40 */	0xE5, 0x31, 0x38, 0x5A, 0xE5, 0xD5, 0xC5, 0xF5, 0x01, 0x38, 0x38, 0x11, 0x38, 0x38, 0x21, 0x38, 0x38, 0x31, 0x3E, 0x5A, 0xE5, 0xD5, 0xC5, 0x21, 0x38, 0x38, 0x22, 0x3E, 0x5A, 0x00, 0x00, 0x00, 
	/* 0x1F60 */	0x31, 0xE0, 0x44, 0x21, 0xF9, 0x6D, 0xE5, 0x21, 0x7F, 0xFF, 0xE5, 0x21, 0xFF, 0xFF, 0xE5, 0x21, 0xFF, 0xFF, 0xE5, 0x21, 0xFF, 0xFF, 0xE5, 0x21, 0x6B, 0xFF, 0xE5, 0x21, 0x7F, 0x8D, 0xE5, 0x21, 
	/* 0x1F80 */	0xFF, 0xF0, 0xE5, 0x31, 0xD0, 0x45, 0x21, 0x3F, 0xFE, 0xE5, 0x21, 0xD6, 0x2F, 0xE5, 0x21, 0xFF, 0x0F, 0xE5, 0x21, 0xFF, 0xFF, 0xE5, 0x21, 0xFF, 0xFF, 0xE5, 0x21, 0x00, 0xFF, 0xE5, 0x21, 0xFF, 
	/* 0x1FA0 */	0xFF, 0xE5, 0x21, 0xDB, 0x67, 0xE5, 0x31, 0xE0, 0x45, 0x21, 0xF9, 0xED, 0xE5, 0x21, 0x3F, 0xFF, 0xE5, 0x21, 0xFF, 0xFF, 0xE5, 0x21, 0xFF, 0xFF, 0xE5, 0x21, 0xFF, 0xFF, 0xE5, 0x21, 0x79, 0xFF, 
	/* 0x1FC0 */	0xE5, 0x21, 0x1F, 0x8D, 0xE5, 0x21, 0xFF, 0xFF, 0xE5, 0x31, 0xD0, 0x46, 0x21, 0xFE, 0x7F, 0xE5, 0x21, 0xDE, 0x31, 0xE5, 0x21, 0xFF, 0x1F, 0xE5, 0x21, 0xFF, 0xFF, 0xE5, 0x21, 0xFF, 0xFF, 0xE5, 
	/* 0x1FE0 */	0x21, 0x00, 0xFF, 0xE5, 0x21, 0xFF, 0xFE, 0xE5, 0x21, 0xDB, 0x67, 0xE5, 0x31, 0xE0, 0x46, 0x21, 0xF1, 0xED, 0xE5, 0x21, 0x3F, 0xFF, 0xE5, 0x21, 0xFF, 0xFF, 0xE5, 0x21, 0xFF, 0xFF, 0xE5, 0x21, 
	/* 0x2000 */	0xFF, 0xFF, 0xE5, 0x21, 0x7A, 0xFF, 0xE5, 0x21, 0xF3, 0x9F, 0xE5, 0x21, 0x7F, 0xCF, 0xE5, 0x31, 0xD0, 0x47, 0x21, 0xEF, 0xFF, 0xE5, 0x21, 0xDE, 0x4F, 0xE5, 0x21, 0xFF, 0x0E, 0xE5, 0x21, 0xFF, 
	/* 0x2020 */	0xFF, 0xE5, 0x21, 0xFF, 0xFF, 0xE5, 0x21, 0x00, 0xFF, 0xE5, 0x21, 0xFF, 0xFE, 0xE5, 0x21, 0xDB, 0x61, 0xE5, 0x31, 0xAC, 0x00, 0xF1, 0x08, 0xF1, 0x01, 0x78, 0x78, 0x11, 0x78, 0x78, 0x21, 0x78, 
	/* 0x2040 */	0x78, 0xDD, 0x21, 0x78, 0x78, 0xFD, 0x21, 0x78, 0x78, 0xD9, 0x01, 0x38, 0x78, 0x11, 0x78, 0x78, 0x21, 0x38, 0x38, 0x31, 0x50, 0x5A, 0x22, 0x40, 0x5A, 0x21, 0x38, 0x78, 0x22, 0x42, 0x5A, 0x21, 
	/* 0x2060 */	0x78, 0x78, 0xE5, 0xD5, 0xC5, 0xF5, 0xD9, 0x08, 0xFD, 0xE5, 0xDD, 0xE5, 0x31, 0x58, 0x5A, 0xE5, 0xD5, 0xC5, 0xF5, 0x01, 0x38, 0x38, 0x11, 0x78, 0x78, 0x21, 0x78, 0x78, 0x31, 0x5E, 0x5A, 0xE5, 
	/* 0x2080 */	0xD5, 0xC5, 0x21, 0x38, 0x38, 0x22, 0x5E, 0x5A, 0x00, 0x00, 0x00, 0x31, 0xE0, 0x47, 0x21, 0xC1, 0xED, 0xE5, 0x21, 0x3F, 0xFF, 0xE5, 0x21, 0xFF, 0xFF, 0xE5, 0x21, 0xFF, 0xFF, 0xE5, 0x21, 0xFF, 
	/* 0x20A0 */	0xFF, 0xE5, 0x21, 0x7A, 0x7F, 0xE5, 0x21, 0xFC, 0x8F, 0xE5, 0x21, 0x7F, 0xFC, 0xE5, 0x31, 0xF0, 0x40, 0x21, 0xF8, 0x3F, 0xE5, 0x21, 0xD6, 0x3E, 0xE5, 0x21, 0xFF, 0x0B, 0xE5, 0x21, 0xFF, 0xFF, 
	/* 0x20C0 */	0xE5, 0x21, 0xFF, 0xFF, 0xE5, 0x21, 0xFF, 0xFF, 0xE5, 0x21, 0x7F, 0xFE, 0xE5, 0x21, 0xDB, 0x64, 0xE5, 0x31, 0x00, 0x41, 0x21, 0x81, 0xED, 0xE5, 0x21, 0x1F, 0xFF, 0xE5, 0x21, 0xFF, 0xFF, 0xE5, 
	/* 0x20E0 */	0x21, 0xFF, 0xFF, 0xE5, 0x21, 0xFF, 0xFF, 0xE5, 0x21, 0x7A, 0x80, 0xE5, 0x21, 0xDF, 0xBD, 0xE5, 0x21, 0x7F, 0x83, 0xE5, 0x31, 0xF0, 0x41, 0x21, 0xF0, 0x1F, 0xE5, 0x21, 0xF6, 0xFF, 0xE5, 0x21, 
	/* 0x2100 */	0xFF, 0x3F, 0xE5, 0x21, 0xFF, 0xFF, 0xE5, 0x21, 0xFF, 0xFF, 0xE5, 0x21, 0xFF, 0xFF, 0xE5, 0x21, 0x7F, 0xFE, 0xE5, 0x21, 0xDB, 0x64, 0xE5, 0x31, 0x00, 0x42, 0x21, 0xA1, 0x6D, 0xE5, 0x21, 0x1F, 
	/* 0x2120 */	0xFF, 0xE5, 0x21, 0xFF, 0xFF, 0xE5, 0x21, 0xFF, 0xFF, 0xE5, 0x21, 0xFF, 0xFF, 0xE5, 0x21, 0xFF, 0x80, 0xE5, 0x21, 0xFF, 0xCD, 0xE5, 0x21, 0x7F, 0x01, 0xE5, 0x31, 0xF0, 0x42, 0x21, 0xE0, 0x1F, 
	/* 0x2140 */	0xE5, 0x21, 0xF5, 0xFF, 0xE5, 0x21, 0xFF, 0x3F, 0xE5, 0x21, 0xFF, 0xFF, 0xE5, 0x21, 0xFF, 0xFF, 0xE5, 0x21, 0xFF, 0xFF, 0xE5, 0x21, 0x7F, 0xFC, 0xE5, 0x21, 0xDB, 0x64, 0xE5, 0x31, 0xB0, 0x00, 
	/* 0x2160 */	0xF1, 0x08, 0xF1, 0x01, 0x38, 0x78, 0x11, 0x78, 0x78, 0x21, 0x78, 0x78, 0xDD, 0x21, 0x78, 0x78, 0xFD, 0x21, 0x78, 0x78, 0xD9, 0x01, 0x78, 0x78, 0x11, 0x78, 0x78, 0x21, 0x38, 0x38, 0x31, 0x70, 
	/* 0x2180 */	0x5A, 0x22, 0x60, 0x5A, 0x21, 0x78, 0x78, 0x22, 0x62, 0x5A, 0x21, 0x78, 0x78, 0xE5, 0xD5, 0xC5, 0xF5, 0xD9, 0x08, 0xFD, 0xE5, 0xDD, 0xE5, 0x31, 0x78, 0x5A, 0xE5, 0xD5, 0xC5, 0xF5, 0x01, 0x78, 
	/* 0x21A0 */	0x78, 0x11, 0x78, 0x78, 0x21, 0x78, 0x38, 0x31, 0x7E, 0x5A, 0xE5, 0xD5, 0xC5, 0x21, 0x38, 0x38, 0x22, 0x7E, 0x5A, 0x00, 0x00, 0x00, 0x31, 0x00, 0x43, 0x21, 0xA1, 0x6D, 0xE5, 0x21, 0x1F, 0xFF, 
	/* 0x21C0 */	0xE5, 0x21, 0xFF, 0xFF, 0xE5, 0x21, 0xFF, 0xFF, 0xE5, 0x21, 0xFF, 0xFF, 0xE5, 0x21, 0xFE, 0xC0, 0xE5, 0x21, 0xFC, 0xF5, 0xE5, 0x21, 0x7F, 0x00, 0xE5, 0x31, 0xF0, 0x43, 0x21, 0xE0, 0x0F, 0xE5, 
	/* 0x21E0 */	0x21, 0xFB, 0xFF, 0xE5, 0x21, 0xFF, 0x3F, 0xE5, 0x21, 0xFF, 0xFF, 0xE5, 0x21, 0xFF, 0xFF, 0xE5, 0x21, 0xFF, 0xFF, 0xE5, 0x21, 0x7F, 0xFC, 0xE5, 0x21, 0xDB, 0x64, 0xE5, 0x31, 0x00, 0x44, 0x21, 
	/* 0x2200 */	0x81, 0xED, 0xE5, 0x21, 0x0F, 0xFF, 0xE5, 0x21, 0xFF, 0xFF, 0xE5, 0x21, 0xFF, 0xFF, 0xE5, 0x21, 0xFF, 0xFF, 0xE5, 0x21, 0xFE, 0xE0, 0xE5, 0x21, 0xFD, 0xBB, 0xE5, 0x21, 0x7E, 0x00, 0xE5, 0x31, 
	/* 0x2220 */	0xF0, 0x44, 0x21, 0xE0, 0x0F, 0xE5, 0x21, 0xF7, 0xBF, 0xE5, 0x21, 0xFF, 0x7F, 0xE5, 0x21, 0xFF, 0xFF, 0xE5, 0x21, 0xFF, 0xFF, 0xE5, 0x21, 0xFF, 0xFF, 0xE5, 0x21, 0x7F, 0xFC, 0xE5, 0x21, 0xDB, 
	/* 0x2240 */	0x64, 0xE5, 0x31, 0x00, 0x45, 0x21, 0x81, 0xED, 0xE5, 0x21, 0x0F, 0xFF, 0xE5, 0x21, 0xFF, 0xFF, 0xE5, 0x21, 0xFF, 0xFF, 0xE5, 0x21, 0xFF, 0xFF, 0xE5, 0x21, 0xFE, 0xF0, 0xE5, 0x21, 0xFD, 0xBD, 
	/* 0x2260 */	0xE5, 0x21, 0x7E, 0x00, 0xE5, 0x31, 0xF0, 0x45, 0x21, 0xE0, 0x0F, 0xE5, 0x21, 0xF6, 0xBF, 0xE5, 0x21, 0xFF, 0xBF, 0xE5, 0x21, 0xFF, 0xFF, 0xE5, 0x21, 0xFF, 0xFF, 0xE5, 0x21, 0xFF, 0xFF, 0xE5, 
	/* 0x2280 */	0x21, 0x7F, 0xFC, 0xE5, 0x21, 0xDB, 0x64, 0xE5, 0x31, 0xB4, 0x00, 0xF1, 0x08, 0xF1, 0x01, 0x38, 0x78, 0x11, 0x78, 0x78, 0x21, 0x78, 0x78, 0xDD, 0x21, 0x78, 0x38, 0xFD, 0x21, 0x78, 0x78, 0xD9, 
	/* 0x22A0 */	0x01, 0x78, 0x78, 0x11, 0x78, 0x78, 0x21, 0x38, 0x38, 0x31, 0x90, 0x5A, 0x22, 0x80, 0x5A, 0x21, 0x78, 0x78, 0x22, 0x82, 0x5A, 0x21, 0x78, 0x78, 0xE5, 0xD5, 0xC5, 0xF5, 0xD9, 0x08, 0xFD, 0xE5, 
	/* 0x22C0 */	0xDD, 0xE5, 0x31, 0x98, 0x5A, 0xE5, 0xD5, 0xC5, 0xF5, 0x01, 0x78, 0x78, 0x11, 0x78, 0x78, 0x21, 0x78, 0x38, 0x31, 0x9E, 0x5A, 0xE5, 0xD5, 0xC5, 0x21, 0x38, 0x38, 0x22, 0x9E, 0x5A, 0x00, 0x00, 
	/* 0x22E0 */	0x00, 0x31, 0x00, 0x46, 0x21, 0x81, 0xED, 0xE5, 0x21, 0x0F, 0xFF, 0xE5, 0x21, 0xFF, 0xFF, 0xE5, 0x21, 0xFF, 0xFF, 0xE5, 0x21, 0xFF, 0xFF, 0xE5, 0x21, 0xFF, 0xF0, 0xE5, 0x21, 0xFD, 0xAD, 0xE5, 
	/* 0x2300 */	0x21, 0x7E, 0x00, 0xE5, 0x31, 0xF0, 0x46, 0x21, 0xE0, 0x1F, 0xE5, 0x21, 0xFF, 0xB7, 0xE5, 0x21, 0xFF, 0xBF, 0xE5, 0x21, 0xFF, 0xFF, 0xE5, 0x21, 0xFF, 0xFF, 0xE5, 0x21, 0xFF, 0xFF, 0xE5, 0x21, 
	/* 0x2320 */	0x7F, 0xFC, 0xE5, 0x21, 0xDB, 0x60, 0xE5, 0x31, 0x00, 0x47, 0x21, 0xA1, 0xED, 0xE5, 0x21, 0x0F, 0xFF, 0xE5, 0x21, 0xFF, 0xFF, 0xE5, 0x21, 0xFF, 0xFF, 0xE5, 0x21, 0xFF, 0xFF, 0xE5, 0x21, 0xFF, 
	/* 0x2340 */	0xF0, 0xE5, 0x21, 0xFD, 0xFF, 0xE5, 0x21, 0x7E, 0x00, 0xE5, 0x31, 0xF0, 0x47, 0x21, 0xF0, 0x1F, 0xE5, 0x21, 0xFE, 0xF7, 0xE5, 0x21, 0xFC, 0xFF, 0xE5, 0x21, 0xFF, 0xFF, 0xE5, 0x21, 0xFF, 0xFF, 
	/* 0x2360 */	0xE5, 0x21, 0xFF, 0xFF, 0xE5, 0x21, 0x7F, 0xFC, 0xE5, 0x21, 0xDB, 0x60, 0xE5, 0x31, 0x00, 0x48, 0x21, 0x81, 0xED, 0xE5, 0x21, 0x0F, 0xFF, 0xE5, 0x21, 0xFF, 0xFF, 0xE5, 0x21, 0xFF, 0xFF, 0xE5, 
	/* 0x2380 */	0x21, 0xFF, 0xFF, 0xE5, 0x21, 0xFF, 0xF8, 0xE5, 0x21, 0xFD, 0xEF, 0xE5, 0x21, 0x7F, 0x01, 0xE5, 0x31, 0x10, 0x48, 0x21, 0xF8, 0x3F, 0xE5, 0x21, 0xFE, 0x77, 0xE5, 0x21, 0x00, 0x7F, 0xE5, 0x21, 
	/* 0x23A0 */	0xFF, 0xFF, 0xE5, 0x21, 0xFF, 0xFF, 0xE5, 0x21, 0xFF, 0xFF, 0xE5, 0x21, 0x7F, 0xFC, 0xE5, 0x21, 0xDB, 0x64, 0xE5, 0x31, 0xB8, 0x00, 0xF1, 0x08, 0xF1, 0x01, 0x38, 0x78, 0x11, 0x78, 0x78, 0x21, 
	/* 0x23C0 */	0x78, 0x38, 0xDD, 0x21, 0x78, 0x38, 0xFD, 0x21, 0x78, 0x78, 0xD9, 0x01, 0x78, 0x38, 0x11, 0x78, 0x78, 0x21, 0x38, 0x38, 0x31, 0xB0, 0x5A, 0x22, 0xA0, 0x5A, 0x21, 0x38, 0x78, 0x22, 0xA2, 0x5A, 
	/* 0x23E0 */	0x21, 0x78, 0x38, 0xE5, 0xD5, 0xC5, 0xF5, 0xD9, 0x08, 0xFD, 0xE5, 0xDD, 0xE5, 0x31, 0xB8, 0x5A, 0xE5, 0xD5, 0xC5, 0xF5, 0x01, 0x78, 0x78, 0x11, 0x78, 0x78, 0x21, 0x78, 0x78, 0x31, 0xBE, 0x5A, 
	/* 0x2400 */	0xE5, 0xD5, 0xC5, 0x21, 0x38, 0x38, 0x22, 0xBE, 0x5A, 0x00, 0x00, 0x00, 0x31, 0x20, 0x48, 0x21, 0xA1, 0xED, 0xE5, 0x21, 0x0F, 0xFF, 0xE5, 0x21, 0xFF, 0x00, 0xE5, 0x21, 0xFF, 0xFF, 0xE5, 0x21, 
	/* 0x2420 */	0xFF, 0xFF, 0xE5, 0x21, 0xFF, 0xF0, 0xE5, 0x21, 0xFF, 0xCF, 0xE5, 0x21, 0x7F, 0xC3, 0xE5, 0x31, 0x10, 0x49, 0x21, 0xFF, 0xFF, 0xE5, 0x21, 0xFE, 0x7F, 0xE5, 0x21, 0x01, 0x7F, 0xE5, 0x21, 0xFF, 
	/* 0x2440 */	0xFF, 0xE5, 0x21, 0xFF, 0xFF, 0xE5, 0x21, 0xFF, 0xFF, 0xE5, 0x21, 0x7F, 0xFC, 0xE5, 0x21, 0xDB, 0x64, 0xE5, 0x31, 0x20, 0x49, 0x21, 0x81, 0xED, 0xE5, 0x21, 0x0F, 0xFF, 0xE5, 0x21, 0xFF, 0x00, 
	/* 0x2460 */	0xE5, 0x21, 0xFF, 0xFF, 0xE5, 0x21, 0xFF, 0xFF, 0xE5, 0x21, 0xFF, 0xF0, 0xE5, 0x21, 0xFF, 0xCF, 0xE5, 0x21, 0x7F, 0xFF, 0xE5, 0x31, 0x10, 0x4A, 0x21, 0xFF, 0xFF, 0xE5, 0x21, 0xFF, 0x3F, 0xE5, 
	/* 0x2480 */	0x21, 0x01, 0xFF, 0xE5, 0x21, 0xFF, 0xFF, 0xE5, 0x21, 0xFF, 0xFF, 0xE5, 0x21, 0xFF, 0xFF, 0xE5, 0x21, 0x7F, 0xFC, 0xE5, 0x21, 0xDB, 0x64, 0xE5, 0x31, 0x20, 0x4A, 0x21, 0x81, 0xED, 0xE5, 0x21, 
	/* 0x24A0 */	0x0F, 0xFF, 0xE5, 0x21, 0xFF, 0x00, 0xE5, 0x21, 0xFF, 0xFF, 0xE5, 0x21, 0xFF, 0xFF, 0xE5, 0x21, 0xFF, 0xF8, 0xE5, 0x21, 0xFF, 0x9F, 0xE5, 0x21, 0x7F, 0xFF, 0xE5, 0x31, 0x10, 0x4B, 0x21, 0xFF, 
	/* 0x24C0 */	0xFF, 0xE5, 0x21, 0xFF, 0x9F, 0xE5, 0x21, 0x05, 0xFF, 0xE5, 0x21, 0xFF, 0xFF, 0xE5, 0x21, 0xFF, 0xFF, 0xE5, 0x21, 0xFF, 0xFF, 0xE5, 0x21, 0x7F, 0xFC, 0xE5, 0x21, 0xDB, 0x64, 0xE5, 0x31, 0xBC, 
	/* 0x24E0 */	0x00, 0xF1, 0x08, 0xF1, 0x01, 0x38, 0x38, 0x11, 0x38, 0x38, 0x21, 0x38, 0x38, 0xDD, 0x21, 0x38, 0x38, 0xFD, 0x21, 0x38, 0x38, 0xD9, 0x01, 0x38, 0x38, 0x11, 0x38, 0x38, 0x21, 0x38, 0x38, 0x31, 
	/* 0x2500 */	0xD0, 0x5A, 0x22, 0xC0, 0x5A, 0x21, 0x38, 0x38, 0x22, 0xC2, 0x5A, 0x21, 0x38, 0x38, 0xE5, 0xD5, 0xC5, 0xF5, 0xD9, 0x08, 0xFD, 0xE5, 0xDD, 0xE5, 0x31, 0xD8, 0x5A, 0xE5, 0xD5, 0xC5, 0xF5, 0x01, 
	/* 0x2520 */	0x38, 0x38, 0x11, 0x38, 0x78, 0x21, 0x38, 0x38, 0x31, 0xDE, 0x5A, 0xE5, 0xD5, 0xC5, 0x21, 0x38, 0x38, 0x22, 0xDE, 0x5A, 0x00, 0x00, 0x00, 0x31, 0x20, 0x4B, 0x21, 0x81, 0xED, 0xE5, 0x21, 0x0F, 
	/* 0x2540 */	0xFF, 0xE5, 0x21, 0xFF, 0x00, 0xE5, 0x21, 0xFF, 0xFF, 0xE5, 0x21, 0xFF, 0xFF, 0xE5, 0x21, 0xFF, 0xFC, 0xE5, 0x21, 0xFB, 0x3F, 0xE5, 0x21, 0x7F, 0xFF, 0xE5, 0x31, 0x10, 0x4C, 0x21, 0xFF, 0xFF, 
	/* 0x2560 */	0xE5, 0x21, 0xFD, 0x9F, 0xE5, 0x21, 0x07, 0xFF, 0xE5, 0x21, 0xFF, 0xFF, 0xE5, 0x21, 0xFF, 0xFF, 0xE5, 0x21, 0xFF, 0xFF, 0xE5, 0x21, 0x7F, 0xFC, 0xE5, 0x21, 0xDB, 0x64, 0xE5, 0x31, 0x20, 0x4C, 
	/* 0x2580 */	0x21, 0x81, 0xED, 0xE5, 0x21, 0x0F, 0xFF, 0xE5, 0x21, 0xFF, 0x00, 0xE5, 0x21, 0xFF, 0xFF, 0xE5, 0x21, 0xFF, 0xFF, 0xE5, 0x21, 0xFF, 0xFC, 0xE5, 0x21, 0xFF, 0x37, 0xE5, 0x21, 0x7F, 0xFF, 0xE5, 
	/* 0x25A0 */	0x31, 0x10, 0x4D, 0x21, 0xFF, 0xFF, 0xE5, 0x21, 0xFD, 0xCF, 0xE5, 0x21, 0x17, 0xFF, 0xE5, 0x21, 0xFF, 0xFF, 0xE5, 0x21, 0xFF, 0xFF, 0xE5, 0x21, 0xFF, 0xFF, 0xE5, 0x21, 0x7F, 0xFC, 0xE5, 0x21, 
	/* 0x25C0 */	0xDB, 0x60, 0xE5, 0x31, 0x20, 0x4D, 0x21, 0xA1, 0xED, 0xE5, 0x21, 0x0F, 0xFF, 0xE5, 0x21, 0xFF, 0x00, 0xE5, 0x21, 0xFF, 0xFF, 0xE5, 0x21, 0xFF, 0xFF, 0xE5, 0x21, 0xFF, 0xFC, 0xE5, 0x21, 0xFE, 
	/* 0x25E0 */	0x77, 0xE5, 0x21, 0x7F, 0xFF, 0xE5, 0x31, 0x10, 0x4E, 0x21, 0xF8, 0x7F, 0xE5, 0x21, 0xFF, 0xE7, 0xE5, 0x21, 0x0F, 0xFF, 0xE5, 0x21, 0xFF, 0xFF, 0xE5, 0x21, 0xFF, 0xFF, 0xE5, 0x21, 0xFF, 0xFF, 
	/* 0x2600 */	0xE5, 0x21, 0x7F, 0xF8, 0xE5, 0x21, 0xDB, 0x60, 0xE5, 0x31, 0xC0, 0x00, 0xF1, 0x08, 0xF1, 0x01, 0x38, 0x78, 0x11, 0x78, 0x78, 0x21, 0x78, 0x78, 0xDD, 0x21, 0x78, 0x78, 0xFD, 0x21, 0x78, 0x78, 
	/* 0x2620 */	0xD9, 0x01, 0x78, 0x78, 0x11, 0x78, 0x78, 0x21, 0x78, 0x78, 0x31, 0xF0, 0x5A, 0x22, 0xE0, 0x5A, 0x21, 0x78, 0x78, 0x22, 0xE2, 0x5A, 0x21, 0x38, 0x78, 0xE5, 0xD5, 0xC5, 0xF5, 0xD9, 0x08, 0xFD, 
	/* 0x2640 */	0xE5, 0xDD, 0xE5, 0x31, 0xF8, 0x5A, 0xE5, 0xD5, 0xC5, 0xF5, 0x01, 0x78, 0x78, 0x11, 0x78, 0x78, 0x21, 0x78, 0x78, 0x31, 0xFE, 0x5A, 0xE5, 0xD5, 0xC5, 0x21, 0x78, 0x78, 0x22, 0xFE, 0x5A, 0x06, 
	/* 0x2660 */	0x08, 0x10, 0xFE, 0x00, 0x00, 0x31, 0x20, 0x4E, 0x21, 0x81, 0xED, 0xE5, 0x21, 0x6F, 0xFF, 0xE5, 0x21, 0xFF, 0x00, 0xE5, 0x21, 0xFF, 0xFF, 0xE5, 0x21, 0xFF, 0xFF, 0xE5, 0x21, 0xFF, 0xFC, 0xE5, 
	/* 0x2680 */	0x21, 0xFC, 0xF7, 0xE5, 0x21, 0x7F, 0xC3, 0xE5, 0x31, 0x10, 0x4F, 0x21, 0xF0, 0x1F, 0xE5, 0x21, 0xFF, 0xF3, 0xE5, 0x21, 0x0F, 0xFF, 0xE5, 0x21, 0xFF, 0xFF, 0xE5, 0x21, 0xFF, 0xFF, 0xE5, 0x21, 
	/* 0x26A0 */	0xFF, 0xFF, 0xE5, 0x21, 0x7F, 0xF8, 0xE5, 0x21, 0xDB, 0x64, 0xE5, 0x31, 0x20, 0x4F, 0x21, 0x89, 0xED, 0xE5, 0x21, 0x6F, 0xFF, 0xE5, 0x21, 0xFF, 0x03, 0xE5, 0x21, 0xFF, 0xFF, 0xE5, 0x21, 0xFF, 
	/* 0x26C0 */	0xFF, 0xE5, 0x21, 0xFF, 0xFE, 0xE5, 0x21, 0xF9, 0xFF, 0xE5, 0x21, 0x7F, 0x01, 0xE5, 0x31, 0x30, 0x48, 0x21, 0xE0, 0x1F, 0xE5, 0x21, 0xFF, 0xF9, 0xE5, 0x21, 0x0B, 0xFF, 0xE5, 0x21, 0xFF, 0xFF, 
	/* 0x26E0 */	0xE5, 0x21, 0xFF, 0xFF, 0xE5, 0x21, 0x00, 0xFF, 0xE5, 0x21, 0x7F, 0xF8, 0xE5, 0x21, 0xDB, 0x64, 0xE5, 0x31, 0x40, 0x48, 0x21, 0x81, 0xED, 0xE5, 0x21, 0x6F, 0xFF, 0xE5, 0x21, 0xFF, 0x03, 0xE5, 
	/* 0x2700 */	0x21, 0xFF, 0xFF, 0xE5, 0x21, 0x80, 0xFF, 0xE5, 0x21, 0xFF, 0xF6, 0xE5, 0x21, 0xF3, 0xFF, 0xE5, 0x21, 0x7E, 0x00, 0xE5, 0x31, 0x30, 0x49, 0x21, 0xE0, 0x0F, 0xE5, 0x21, 0xFE, 0xEC, 0xE5, 0x21, 
	/* 0x2720 */	0x3B, 0xFF, 0xE5, 0x21, 0xFF, 0xFF, 0xE5, 0x21, 0xFF, 0xFF, 0xE5, 0x21, 0x00, 0xFF, 0xE5, 0x21, 0x7F, 0xF8, 0xE5, 0x21, 0xDB, 0x60, 0xE5, 0x31, 0x40, 0x49, 0x21, 0x81, 0xED, 0xE5, 0x21, 0x6F, 
	/* 0x2740 */	0xFF, 0xE5, 0x21, 0xFF, 0x03, 0xE5, 0x21, 0xFF, 0xFF, 0xE5, 0x21, 0xC0, 0xFF, 0xE5, 0x21, 0xFF, 0xFE, 0xE5, 0x21, 0xE3, 0xEF, 0xE5, 0x21, 0x7E, 0x00, 0xE5, 0x31, 0x30, 0x4A, 0x21, 0x60, 0x0F, 
	/* 0x2760 */	0xE5, 0x21, 0xFE, 0xFE, 0xE5, 0x21, 0x2B, 0xFF, 0xE5, 0x21, 0xFF, 0xFE, 0xE5, 0x21, 0xFF, 0xFF, 0xE5, 0x21, 0x00, 0xFF, 0xE5, 0x21, 0x7F, 0xF8, 0xE5, 0x21, 0xDB, 0x60, 0xE5, 0x31, 0x40, 0x4A, 
	/* 0x2780 */	0x21, 0x81, 0xED, 0xE5, 0x21, 0x6F, 0xFF, 0xE5, 0x21, 0xFF, 0x03, 0xE5, 0x21, 0xFF, 0xFF, 0xE5, 0x21, 0xC0, 0xFF, 0xE5, 0x21, 0xFF, 0xFE, 0xE5, 0x21, 0xCF, 0xEF, 0xE5, 0x21, 0x7E, 0x00, 0xE5, 
	/* 0x27A0 */	0x31, 0x30, 0x4B, 0x21, 0x20, 0x0F, 0xE5, 0x21, 0xFF, 0xF7, 0xE5, 0x21, 0xBB, 0xFF, 0xE5, 0x21, 0xFF, 0xFE, 0xE5, 0x21, 0xFF, 0xFF, 0xE5, 0x21, 0x00, 0xFF, 0xE5, 0x21, 0x7F, 0xF8, 0xE5, 0x21, 
	/* 0x27C0 */	0xDB, 0x64, 0xE5, 0x31, 0x40, 0x4B, 0x21, 0x89, 0xED, 0xE5, 0x21, 0x6B, 0xFF, 0xE5, 0x21, 0xFF, 0x03, 0xE5, 0x21, 0xFF, 0xFF, 0xE5, 0x21, 0xE0, 0xFF, 0xE5, 0x21, 0xFF, 0xFF, 0xE5, 0x21, 0x9D, 
	/* 0x27E0 */	0xFF, 0xE5, 0x21, 0x7E, 0x00, 0xE5, 0x31, 0x30, 0x4C, 0x21, 0x90, 0x0F, 0xE5, 0x21, 0xFF, 0x77, 0xE5, 0x21, 0x7F, 0xFF, 0xE5, 0x21, 0xFF, 0xFE, 0xE5, 0x21, 0xFF, 0xFF, 0xE5, 0x21, 0x00, 0xFF, 
	/* 0x2800 */	0xE5, 0x21, 0x7F, 0xF8, 0xE5, 0x21, 0xDB, 0x64, 0xE5, 0x31, 0x40, 0x4C, 0x21, 0x89, 0xED, 0xE5, 0x21, 0x07, 0xFF, 0xE5, 0x21, 0xFF, 0x03, 0xE5, 0x21, 0xFF, 0xFF, 0xE5, 0x21, 0xF0, 0xFF, 0xE5, 
	/* 0x2820 */	0x21, 0xFF, 0xFF, 0xE5, 0x21, 0x3D, 0xFF, 0xE5, 0x21, 0x7E, 0x01, 0xE5, 0x31, 0x30, 0x4D, 0x21, 0xC0, 0x1F, 0xE5, 0x21, 0xFF, 0x7F, 0xE5, 0x21, 0x7F, 0xFF, 0xE5, 0x21, 0xFF, 0xFC, 0xE5, 0x21, 
	/* 0x2840 */	0xFF, 0xFF, 0xE5, 0x21, 0xC0, 0xFF, 0xE5, 0x21, 0x7F, 0xE7, 0xE5, 0x21, 0xDB, 0x60, 0xE5, 0x31, 0x40, 0x4D, 0x21, 0x81, 0xED, 0xE5, 0x21, 0xF9, 0xBF, 0xE5, 0x21, 0xFF, 0x03, 0xE5, 0x21, 0xFF, 
	/* 0x2860 */	0xFF, 0xE5, 0x21, 0xF0, 0xFF, 0xE5, 0x21, 0xFF, 0xFF, 0xE5, 0x21, 0x7F, 0xDF, 0xE5, 0x21, 0x7F, 0x04, 0xE5, 0x31, 0x30, 0x4E, 0x21, 0xF2, 0x3F, 0xE5, 0x21, 0xFF, 0xFB, 0xE5, 0x21, 0x7F, 0xFF, 
	/* 0x2880 */	0xE5, 0x21, 0xFF, 0xF8, 0xE5, 0x21, 0xFF, 0xFF, 0xE5, 0x21, 0xE0, 0xFF, 0xE5, 0x21, 0x7F, 0xEF, 0xE5, 0x21, 0xDB, 0x68, 0xE5, 0x31, 0x40, 0x4E, 0x21, 0x85, 0xED, 0xE5, 0x21, 0xF9, 0xFF, 0xE5, 
	/* 0x28A0 */	0x21, 0xFF, 0x1F, 0xE5, 0x21, 0xFF, 0xFF, 0xE5, 0x21, 0xE4, 0xFF, 0xE5, 0x21, 0xFF, 0xFF, 0xE5, 0x21, 0xFB, 0xCF, 0xE5, 0x21, 0x7F, 0x89, 0xE5, 0x31, 0x30, 0x4F, 0x21, 0xF8, 0xFF, 0xE5, 0x21, 
	/* 0x28C0 */	0xFF, 0xFF, 0xE5, 0x21, 0x7F, 0xFF, 0xE5, 0x21, 0xFF, 0xC0, 0xE5, 0x21, 0xFF, 0xFF, 0xE5, 0x21, 0xE0, 0xFF, 0xE5, 0x21, 0x3F, 0xEF, 0xE5, 0x21, 0xDB, 0x68, 0xE5, 0x31, 0x40, 0x4F, 0x21, 0x95, 
	/* 0x28E0 */	0xED, 0xE5, 0x21, 0xF9, 0xFF, 0xE5, 0x21, 0xFF, 0x1F, 0xE5, 0x21, 0xFF, 0xFF, 0xE5, 0x21, 0xFC, 0xFF, 0xE5, 0x21, 0xFF, 0xFF, 0xE5, 0x21, 0xFF, 0xEF, 0xE5, 0x21, 0x7F, 0xE3, 0xE5, 0x31, 0x50, 
	/* 0x2900 */	0x48, 0x21, 0xFF, 0x3F, 0xE5, 0x21, 0xF6, 0xBD, 0xE5, 0x21, 0xFF, 0xFF, 0xE5, 0x21, 0x00, 0x00, 0xE5, 0x21, 0xFF, 0xFF, 0xE5, 0x21, 0xE0, 0xFF, 0xE5, 0x21, 0x1F, 0xEF, 0xE5, 0x21, 0xDB, 0x61, 
	/* 0x2920 */	0xE5, 0x31, 0x60, 0x48, 0x21, 0x81, 0xED, 0xE5, 0x21, 0x59, 0xCE, 0xE5, 0x21, 0xFF, 0xE3, 0xE5, 0x21, 0xFF, 0xFF, 0xE5, 0x21, 0xEE, 0xFF, 0xE5, 0x21, 0xFF, 0xFF, 0xE5, 0x21, 0xF7, 0xBD, 0xE5, 
	/* 0x2940 */	0x21, 0x7F, 0x0F, 0xE5, 0x31, 0x50, 0x49, 0x21, 0xFF, 0xC3, 0xE5, 0x21, 0xE7, 0xBF, 0xE5, 0x21, 0x01, 0xFF, 0xE5, 0x21, 0x00, 0x1C, 0xE5, 0x21, 0xFF, 0xFF, 0xE5, 0x21, 0xE0, 0xFF, 0xE5, 0x21, 
	/* 0x2960 */	0x1F, 0xEF, 0xE5, 0x21, 0xDB, 0x61, 0xE5, 0x31, 0x60, 0x49, 0x21, 0x01, 0xED, 0xE5, 0x21, 0x59, 0xDE, 0xE5, 0x21, 0xFF, 0xE3, 0xE5, 0x21, 0xFF, 0xFF, 0xE5, 0x21, 0xFA, 0xFF, 0xE5, 0x21, 0xFF, 
	/* 0x2980 */	0xFF, 0xE5, 0x21, 0xFF, 0xBD, 0xE5, 0x21, 0x70, 0x7F, 0xE5, 0x31, 0x50, 0x4A, 0x21, 0xFF, 0xFF, 0xE5, 0x21, 0xE7, 0xFE, 0xE5, 0x21, 0x07, 0x3F, 0xE5, 0x21, 0x00, 0x60, 0xE5, 0x21, 0xFF, 0xFF, 
	/* 0x29A0 */	0xE5, 0x21, 0xE0, 0xFF, 0xE5, 0x21, 0x1F, 0xEE, 0xE5, 0x21, 0xDB, 0x6C, 0xE5, 0x31, 0x60, 0x4A, 0x21, 0x0D, 0xED, 0xE5, 0x21, 0x79, 0xF4, 0xE5, 0x21, 0xFF, 0xE3, 0xE5, 0x21, 0xFF, 0xFF, 0xE5, 
	/* 0x29C0 */	0x21, 0xFC, 0xFF, 0xE5, 0x21, 0xFF, 0xFF, 0xE5, 0x21, 0xEF, 0xFC, 0xE5, 0x21, 0x7F, 0xFF, 0xE5, 0x31, 0x50, 0x4B, 0x21, 0x7F, 0xFF, 0xE5, 0x21, 0xC7, 0xDF, 0xE5, 0x21, 0xFF, 0xEF, 0xE5, 0x21, 
	/* 0x29E0 */	0x01, 0xFF, 0xE5, 0x21, 0xFF, 0xFF, 0xE5, 0x21, 0xE0, 0xFF, 0xE5, 0x21, 0x1F, 0xEE, 0xE5, 0x21, 0xDB, 0x6D, 0xE5, 0x31, 0x60, 0x4B, 0x21, 0x2D, 0xED, 0xE5, 0x21, 0x59, 0xFC, 0xE5, 0x21, 0xFF, 
	/* 0x2A00 */	0xE1, 0xE5, 0x21, 0xFF, 0xFF, 0xE5, 0x21, 0x1C, 0x7F, 0xE5, 0x21, 0x7F, 0xFE, 0xE5, 0x21, 0xDF, 0x7C, 0xE5, 0x21, 0x7F, 0xFF, 0xE5, 0x31, 0x50, 0x4C, 0x21, 0xBF, 0xFF, 0xE5, 0x21, 0x80, 0x5F, 
	/* 0x2A20 */	0xE5, 0x21, 0xFF, 0xF7, 0xE5, 0x21, 0x01, 0x3F, 0xE5, 0x21, 0xFF, 0xFF, 0xE5, 0x21, 0xE0, 0xFF, 0xE5, 0x21, 0x1F, 0xEF, 0xE5, 0x21, 0xDB, 0x6D, 0xE5, 0x31, 0x60, 0x4C, 0x21, 0xAD, 0xED, 0xE5, 
	/* 0x2A40 */	0x21, 0xF9, 0x7C, 0xE5, 0x21, 0xFF, 0xE1, 0xE5, 0x21, 0xFF, 0xFF, 0xE5, 0x21, 0xFE, 0x1F, 0xE5, 0x21, 0x3F, 0xF3, 0xE5, 0x21, 0xBF, 0xC4, 0xE5, 0x21, 0x7F, 0xFF, 0xE5, 0x31, 0x50, 0x4D, 0x21, 
	/* 0x2A60 */	0xDF, 0xFF, 0xE5, 0x21, 0x07, 0xFF, 0xE5, 0x21, 0xFF, 0xFF, 0xE5, 0x21, 0x01, 0xFF, 0xE5, 0x21, 0xFF, 0xFF, 0xE5, 0x21, 0xF0, 0xFF, 0xE5, 0x21, 0x5F, 0xEF, 0xE5, 0x21, 0xDB, 0x6D, 0xE5, 0x31, 
	/* 0x2A80 */	0x60, 0x4D, 0x21, 0xAD, 0xED, 0xE5, 0x21, 0xF9, 0xFC, 0xE5, 0x21, 0xFF, 0xC3, 0xE5, 0x21, 0xFF, 0xFF, 0xE5, 0x21, 0xF2, 0x0F, 0xE5, 0x21, 0x3F, 0xFF, 0xE5, 0x21, 0x6E, 0xFD, 0xE5, 0x21, 0x7F, 
	/* 0x2AA0 */	0xFF, 0xE5, 0x31, 0x50, 0x4E, 0x21, 0xEF, 0xFF, 0xE5, 0x21, 0x00, 0x2F, 0xE5, 0x21, 0xFF, 0xFF, 0xE5, 0x21, 0x03, 0x7F, 0xE5, 0x21, 0xFF, 0xFF, 0xE5, 0x21, 0xF8, 0xFF, 0xE5, 0x21, 0x5F, 0xEF, 
	/* 0x2AC0 */	0xE5, 0x21, 0xDB, 0x6D, 0xE5, 0x31, 0x60, 0x4E, 0x21, 0xAD, 0xED, 0xE5, 0x21, 0xF9, 0x7C, 0xE5, 0x21, 0xFF, 0xC7, 0xE5, 0x21, 0xFF, 0xFF, 0xE5, 0x21, 0xC0, 0x0F, 0xE5, 0x21, 0xBF, 0xFF, 0xE5, 
	/* 0x2AE0 */	0x21, 0xDE, 0xC0, 0xE5, 0x21, 0x7F, 0xFE, 0xE5, 0x31, 0x50, 0x4F, 0x21, 0xB7, 0xFF, 0xE5, 0x21, 0xA5, 0x7F, 0xE5, 0x21, 0xFF, 0xFF, 0xE5, 0x21, 0x03, 0xFF, 0xE5, 0x21, 0xFF, 0xFF, 0xE5, 0x21, 
	/* 0x2B00 */	0xFE, 0xFF, 0xE5, 0x21, 0x5F, 0xEF, 0xE5, 0x21, 0xDB, 0x6D, 0xE5, 0x31, 0x60, 0x4F, 0x21, 0xAD, 0xED, 0xE5, 0x21, 0xF9, 0xFC, 0xE5, 0x21, 0xFF, 0xD7, 0xE5, 0x21, 0xFF, 0xFF, 0xE5, 0x21, 0x7F, 
	/* 0x2B20 */	0x0F, 0xE5, 0x21, 0x15, 0xFE, 0xE5, 0x21, 0xFD, 0xD6, 0xE5, 0x21, 0x7F, 0xFD, 0xE5, 0x31, 0x70, 0x48, 0x21, 0xF9, 0xFF, 0xE5, 0x21, 0xAD, 0x77, 0xE5, 0x21, 0xFF, 0xFF, 0xE5, 0x21, 0x03, 0xFF, 
	/* 0x2B40 */	0xE5, 0x21, 0xFF, 0xFF, 0xE5, 0x21, 0xDE, 0x00, 0xE5, 0x21, 0x5F, 0xAF, 0xE5, 0x21, 0xDB, 0x6D, 0xE5, 0x31, 0x80, 0x48, 0x21, 0xAD, 0xED, 0xE5, 0x21, 0xD9, 0xFC, 0xE5, 0x21, 0xFF, 0x17, 0xE5, 
	/* 0x2B60 */	0x21, 0xFF, 0xFF, 0xE5, 0x21, 0xFF, 0xF0, 0xE5, 0x21, 0x0F, 0xFB, 0xE5, 0x21, 0xFD, 0xD6, 0xE5, 0x21, 0x7F, 0xF7, 0xE5, 0x31, 0x70, 0x49, 0x21, 0xFE, 0x7F, 0xE5, 0x21, 0xEE, 0x7B, 0xE5, 0x21, 
	/* 0x2B80 */	0xFF, 0xFF, 0xE5, 0x21, 0x03, 0xFF, 0xE5, 0x21, 0xFF, 0xFF, 0xE5, 0x21, 0xDE, 0x00, 0xE5, 0x21, 0x5F, 0xEF, 0xE5, 0x21, 0xDB, 0x6D, 0xE5, 0x31, 0x80, 0x49, 0x21, 0xAD, 0xED, 0xE5, 0x21, 0x79, 
	/* 0x2BA0 */	0xFC, 0xE5, 0x21, 0xFF, 0x17, 0xE5, 0x21, 0xFF, 0xFF, 0xE5, 0x21, 0xFF, 0xF0, 0xE5, 0x21, 0x07, 0xEF, 0xE5, 0x21, 0xFB, 0xC7, 0xE5, 0x21, 0x7F, 0xDF, 0xE5, 0x31, 0x70, 0x4A, 0x21, 0xFF, 0xCF, 
	/* 0x2BC0 */	0xE5, 0x21, 0xEF, 0x6B, 0xE5, 0x21, 0x7F, 0xFF, 0xE5, 0x21, 0x03, 0xF8, 0xE5, 0x21, 0xFF, 0xFF, 0xE5, 0x21, 0x5F, 0x00, 0xE5, 0x21, 0x57, 0xEF, 0xE5, 0x21, 0xDB, 0x6D, 0xE5, 0x31, 0x80, 0x4A, 
	/* 0x2BE0 */	0x21, 0xAD, 0xED, 0xE5, 0x21, 0x79, 0xFC, 0xE5, 0x21, 0xFF, 0x17, 0xE5, 0x21, 0xFF, 0xFF, 0xE5, 0x21, 0xFF, 0xF0, 0xE5, 0x21, 0x1F, 0xBF, 0xE5, 0x21, 0xFE, 0xD7, 0xE5, 0x21, 0x7C, 0x7F, 0xE5, 
	/* 0x2C00 */	0x31, 0x70, 0x4B, 0x21, 0xFF, 0xFE, 0xE5, 0x21, 0xEF, 0x75, 0xE5, 0x21, 0xFF, 0xFF, 0xE5, 0x21, 0x03, 0xCF, 0xE5, 0x21, 0xFF, 0xFF, 0xE5, 0x21, 0x5F, 0x80, 0xE5, 0x21, 0x5F, 0xEF, 0xE5, 0x21, 
	/* 0x2C20 */	0xDB, 0x6D, 0xE5, 0x31, 0x80, 0x4B, 0x21, 0xAD, 0xED, 0xE5, 0x21, 0x79, 0xF4, 0xE5, 0x21, 0xFF, 0x97, 0xE5, 0x21, 0xFF, 0xFF, 0xE5, 0x21, 0xFF, 0xF0, 0xE5, 0x21, 0x2F, 0xFF, 0xE5, 0x21, 0xF5, 
	/* 0x2C40 */	0xF6, 0xE5, 0x21, 0x7F, 0xFF, 0xE5, 0x31, 0x70, 0x4C, 0x21, 0xFF, 0xFF, 0xE5, 0x21, 0xBF, 0xFB, 0xE5, 0x21, 0xFF, 0xFF, 0xE5, 0x21, 0x03, 0x7F, 0xE5, 0x21, 0xFF, 0xFF, 0xE5, 0x21, 0x5F, 0x80, 
	/* 0x2C60 */	0xE5, 0x21, 0x5F, 0xEF, 0xE5, 0x21, 0xDB, 0x6D, 0xE5, 0x31, 0x80, 0x4C, 0x21, 0xAD, 0xED, 0xE5, 0x21, 0x59, 0xF4, 0xE5, 0x21, 0xFF, 0x97, 0xE5, 0x21, 0xFF, 0xFF, 0xE5, 0x21, 0xE4, 0xF0, 0xE5, 
	/* 0x2C80 */	0x21, 0x27, 0xFF, 0xE5, 0x21, 0xFF, 0xF7, 0xE5, 0x21, 0x7F, 0xFF, 0xE5, 0x31, 0x70, 0x4D, 0x21, 0xFF, 0xFF, 0xE5, 0x21, 0xAF, 0xFB, 0xE5, 0x21, 0xFF, 0xEF, 0xE5, 0x21, 0x03, 0xFF, 0xE5, 0x21, 
	/* 0x2CA0 */	0xFF, 0xFF, 0xE5, 0x21, 0xDF, 0xC0, 0xE5, 0x21, 0x4F, 0xEE, 0xE5, 0x21, 0xDB, 0x6D, 0xE5, 0x31, 0x80, 0x4D, 0x21, 0xAD, 0xED, 0xE5, 0x21, 0x79, 0xFC, 0xE5, 0x21, 0xFF, 0x95, 0xE5, 0x21, 0xFF, 
	/* 0x2CC0 */	0xFF, 0xE5, 0x21, 0xFF, 0xF0, 0xE5, 0x21, 0x0F, 0xFF, 0xE5, 0x21, 0xFB, 0xFF, 0xE5, 0x21, 0x7F, 0xFF, 0xE5, 0x31, 0x70, 0x4E, 0x21, 0xFF, 0xFF, 0xE5, 0x21, 0x2F, 0xFF, 0xE5, 0x21, 0x7F, 0xF7, 
	/* 0x2CE0 */	0xE5, 0x21, 0x01, 0x80, 0xE5, 0x21, 0xFF, 0xFF, 0xE5, 0x21, 0x5F, 0xC0, 0xE5, 0x21, 0x56, 0x6F, 0xE5, 0x21, 0xDB, 0x6D, 0xE5, 0x31, 0x80, 0x4E, 0x21, 0xAD, 0xED, 0xE5, 0x21, 0x59, 0xFC, 0xE5, 
	/* 0x2D00 */	0x21, 0xFF, 0x95, 0xE5, 0x21, 0xFF, 0xFF, 0xE5, 0x21, 0xFF, 0xF0, 0xE5, 0x21, 0x17, 0xFF, 0xE5, 0x21, 0xFF, 0xF6, 0xE5, 0x21, 0x7F, 0xFF, 0xE5, 0x31, 0x70, 0x4F, 0x21, 0x7F, 0xFF, 0xE5, 0x21, 
	/* 0x2D20 */	0x2F, 0xFF, 0xE5, 0x21, 0xFF, 0xBA, 0xE5, 0x21, 0x01, 0x3F, 0xE5, 0x21, 0xFF, 0xFF, 0xE5, 0x21, 0x5F, 0xC0, 0xE5, 0x21, 0x5D, 0xA7, 0xE5, 0x21, 0xDB, 0x6D, 0xE5, 0x31, 0x80, 0x4F, 0x21, 0xAD, 
	/* 0x2D40 */	0xED, 0xE5, 0x21, 0x59, 0x7C, 0xE5, 0x21, 0xFF, 0x95, 0xE5, 0x21, 0xFF, 0xFF, 0xE5, 0x21, 0xFF, 0xF0, 0xE5, 0x21, 0x1D, 0xFF, 0xE5, 0x21, 0xBF, 0xFF, 0xE5, 0x21, 0xFF, 0xFF, 0xE5, 0x31, 0x90, 
	/* 0x2D60 */	0x48, 0x21, 0xDF, 0xFF, 0xE5, 0x21, 0x3F, 0xEF, 0xE5, 0x21, 0xFF, 0xE6, 0xE5, 0x21, 0x07, 0xFF, 0xE5, 0x21, 0xFF, 0xFF, 0xE5, 0x21, 0xDF, 0xC0, 0xE5, 0x21, 0xCB, 0xA7, 0xE5, 0x21, 0xDB, 0x6D, 
	/* 0x2D80 */	0xE5, 0x31, 0xA0, 0x48, 0x21, 0xAD, 0xED, 0xE5, 0x21, 0x79, 0xEC, 0xE5, 0x21, 0xFF, 0x95, 0xE5, 0x21, 0xFF, 0x00, 0xE5, 0x21, 0xFF, 0xF0, 0xE5, 0x21, 0x9F, 0x7F, 0xE5, 0x21, 0x7F, 0xFF, 0xE5, 
	/* 0x2DA0 */	0x21, 0xFF, 0xFE, 0xE5, 0x31, 0x90, 0x49, 0x21, 0xF7, 0xFF, 0xE5, 0x21, 0x1F, 0xF7, 0xE5, 0x21, 0xFF, 0xF0, 0xE5, 0x21, 0x07, 0x0F, 0xE5, 0x21, 0xFF, 0xFF, 0xE5, 0x21, 0xFF, 0xC0, 0xE5, 0x21, 
	/* 0x2DC0 */	0xC5, 0x01, 0xE5, 0x21, 0xDB, 0x6D, 0xE5, 0x31, 0xA0, 0x49, 0x21, 0xAD, 0xED, 0xE5, 0x21, 0xF8, 0x54, 0xE5, 0x21, 0xFF, 0x97, 0xE5, 0x21, 0xFF, 0x00, 0xE5, 0x21, 0xFF, 0xF0, 0xE5, 0x21, 0x0F, 
	/* 0x2DE0 */	0xFF, 0xE5, 0x21, 0xFD, 0xFF, 0xE5, 0x21, 0x7F, 0xFD, 0xE5, 0x31, 0x90, 0x4A, 0x21, 0xBC, 0xFF, 0xE5, 0x21, 0x0F, 0xFF, 0xE5, 0x21, 0xFF, 0xFE, 0xE5, 0x21, 0x0F, 0xFF, 0xE5, 0x21, 0xFF, 0xFF, 
	/* 0x2E00 */	0xE5, 0x21, 0x3F, 0xC0, 0xE5, 0x21, 0xDD, 0xF8, 0xE5, 0x21, 0xDB, 0x6D, 0xE5, 0x31, 0xA0, 0x4A, 0x21, 0xAD, 0xED, 0xE5, 0x21, 0x3F, 0x04, 0xE5, 0x21, 0xFF, 0x96, 0xE5, 0x21, 0xFF, 0x00, 0xE5, 
	/* 0x2E20 */	0x21, 0xFF, 0xF0, 0xE5, 0x21, 0x07, 0xDF, 0xE5, 0x21, 0xBF, 0xFE, 0xE5, 0x21, 0x7F, 0xCF, 0xE5, 0x31, 0x90, 0x4B, 0x21, 0xDF, 0xCF, 0xE5, 0x21, 0x1F, 0xFF, 0xE5, 0x21, 0xFF, 0xFE, 0xE5, 0x21, 
	/* 0x2E40 */	0x07, 0xFF, 0xE5, 0x21, 0xFF, 0xFF, 0xE5, 0x21, 0x7F, 0xC0, 0xE5, 0x21, 0xDB, 0xFF, 0xE5, 0x21, 0xDB, 0x6D, 0xE5, 0x31, 0xA0, 0x4B, 0x21, 0xAD, 0xED, 0xE5, 0x21, 0xBF, 0x34, 0xE5, 0x21, 0xFF, 
	/* 0x2E60 */	0x95, 0xE5, 0x21, 0xFF, 0x00, 0xE5, 0x21, 0xFF, 0xF0, 0xE5, 0x21, 0x03, 0x7F, 0xE5, 0x21, 0xFF, 0xF7, 0xE5, 0x21, 0xFC, 0xFE, 0xE5, 0x31, 0x90, 0x4C, 0x21, 0x73, 0xFF, 0xE5, 0x21, 0x1D, 0xFF, 
	/* 0x2E80 */	0xE5, 0x21, 0xFF, 0xFF, 0xE5, 0x21, 0x0F, 0xCF, 0xE5, 0x21, 0xFF, 0xFF, 0xE5, 0x21, 0x7F, 0xC0, 0xE5, 0x21, 0xDF, 0xF3, 0xE5, 0x21, 0xDB, 0x6D, 0xE5, 0x31, 0xA0, 0x4C, 0x21, 0xAD, 0xED, 0xE5, 
	/* 0x2EA0 */	0x21, 0xAB, 0x54, 0xE5, 0x21, 0xFF, 0x95, 0xE5, 0x21, 0xFF, 0x00, 0xE5, 0x21, 0xFF, 0xF0, 0xE5, 0x21, 0x03, 0xFF, 0xE5, 0x21, 0xFF, 0xF3, 0xE5, 0x21, 0xFF, 0xFB, 0xE5, 0x31, 0x90, 0x4D, 0x21, 
	/* 0x2EC0 */	0xBE, 0xFF, 0xE5, 0x21, 0x0F, 0xFF, 0xE5, 0x21, 0xFF, 0xFE, 0xE5, 0x21, 0x07, 0x7F, 0xE5, 0x21, 0xFF, 0xFF, 0xE5, 0x21, 0x6F, 0xC0, 0xE5, 0x21, 0xDF, 0xFF, 0xE5, 0x21, 0xDB, 0x6D, 0xE5, 0x3A, 
	/* 0x2EE0 */	0xFD, 0x3F, 0xC3, 0xC4, 0x00, 0xED, 0x7B, 0x02, 0xE0, 0xC9, 0x00, 0x00, 0x00, 0x00, 0x00, 0x00, 0x00, 0x00, 0x00, 0x00, 0x00, 0x00, 0x00, 0x00, 0x00, 0x00, 0x00, 0x00, 0x00, 0x00, 0x00, 0x00,

		},
		{

	/* 0x0000 */	0xC3, 0x3A, 0x00, 0x00, 0x00, 0x00, 0x00, 0x00, 0x00, 0x00, 0x00, 0x00, 0x00, 0x00, 0x00, 0x00, 0x00, 0x00, 0x00, 0x00, 0x00, 0x00, 0x00, 0x00, 0x00, 0x00, 0x00, 0x00, 0x00, 0x00, 0x00, 0x00, 
	/* 0x0020 */	0x00, 0x00, 0x00, 0x00, 0x00, 0x00, 0x00, 0x00, 0x00, 0x00, 0x00, 0x00, 0x00, 0x00, 0x00, 0x00, 0x00, 0x00, 0x00, 0x00, 0x00, 0x00, 0x00, 0x00, 0xED, 0x4D, 0xF3, 0x31, 0xFE, 0xE0, 0xED, 0x56, 
	/* 0x0040 */	0xAF, 0xD3, 0xFE, 0x21, 0x00, 0x58, 0x11, 0x01, 0x58, 0x01, 0xFF, 0x02, 0x36, 0x00, 0xED, 0xB0, 0xFB, 0x3A, 0xFE, 0x3F, 0x76, 0x3E, 0x04, 0xD3, 0xFE, 0xCD, 0xC4, 0x00, 0x3E, 0x02, 0xD3, 0xFE, 
	/* 0x0060 */	0xFB, 0xC3, 0x51, 0x00, 0x7E, 0x7E, 0x70, 0x70, 0x7E, 0x7E, 0x7E, 0x7E, 0x78, 0x78, 0x7E, 0x7E, 0x78, 0x78, 0x7E, 0x7E, 0x78, 0x78, 0x7E, 0x7E, 0x78, 0x78, 0x7E, 0x7E, 0x78, 0x78, 0x7E, 0x7E, 
	/* 0x0080 */	0x78, 0x78, 0x7E, 0x7E, 0x78, 0x78, 0x7E, 0x7E, 0x78, 0x78, 0x7E, 0x7E, 0x78, 0x78, 0x70, 0x78, 0x38, 0x78, 0x70, 0x78, 0x38, 0x78, 0x70, 0x78, 0x78, 0x78, 0x70, 0x78, 0x30, 0x38, 0x70, 0x78, 
	/* 0x00A0 */	0x30, 0x38, 0x70, 0x78, 0x30, 0x38, 0x7E, 0x78, 0x38, 0x38, 0x38, 0x38, 0x78, 0x78, 0x78, 0x38, 0x78, 0x78, 0x78, 0x78, 0x78, 0x78, 0x38, 0x78, 0x38, 0x78, 0x38, 0x78, 0x38, 0x38, 0x38, 0x38, 
	/* 0x00C0 */	0x78, 0x38, 0x78, 0x78, 0x31, 0x00, 0x5B, 0x21, 0x78, 0x78, 0xE5, 0x21, 0x78, 0x78, 0xE5, 0x21, 0x78, 0x78, 0xE5, 0x21, 0x78, 0x78, 0xE5, 0x21, 0x78, 0x78, 0xE5, 0x21, 0x78, 0x78, 0xE5, 0x21, 
	/* 0x00E0 */	0x38, 0x78, 0xE5, 0x21, 0x78, 0x38, 0xE5, 0x21, 0x38, 0x78, 0xE5, 0x21, 0x78, 0x78, 0xE5, 0x21, 0x78, 0x78, 0xE5, 0x21, 0x78, 0x78, 0xE5, 0x21, 0x78, 0x78, 0xE5, 0x21, 0x78, 0x78, 0xE5, 0x21, 
	/* 0x0100 */	0x78, 0x78, 0xE5, 0x21, 0x78, 0x78, 0xE5, 0x21, 0x38, 0x38, 0xE5, 0x21, 0x38, 0x38, 0xE5, 0x21, 0x38, 0x78, 0xE5, 0x21, 0x38, 0x38, 0xE5, 0x21, 0x38, 0x38, 0xE5, 0x21, 0x38, 0x38, 0xE5, 0x21, 
	/* 0x0120 */	0x38, 0x38, 0xE5, 0x21, 0x38, 0x38, 0xE5, 0x21, 0x38, 0x38, 0xE5, 0x21, 0x38, 0x38, 0xE5, 0x21, 0x38, 0x38, 0xE5, 0x21, 0x38, 0x38, 0xE5, 0x21, 0x38, 0x38, 0xE5, 0x21, 0x38, 0x38, 0xE5, 0x21, 
	/* 0x0140 */	0x38, 0x38, 0xE5, 0x21, 0x38, 0x38, 0xE5, 0x21, 0x38, 0x38, 0xE5, 0x21, 0x78, 0x78, 0xE5, 0x21, 0x78, 0x78, 0xE5, 0x21, 0x78, 0x78, 0xE5, 0x21, 0x78, 0x38, 0xE5, 0x21, 0x78, 0x78, 0xE5, 0x21, 
	/* 0x0160 */	0x38, 0x78, 0xE5, 0x21, 0x38, 0x78, 0xE5, 0x21, 0x78, 0x38, 0xE5, 0x21, 0x78, 0x78, 0xE5, 0x21, 0x78, 0x38, 0xE5, 0x21, 0x38, 0x78, 0xE5, 0x21, 0x78, 0x78, 0xE5, 0x21, 0x78, 0x38, 0xE5, 0x21, 
	/* 0x0180 */	0x38, 0x78, 0xE5, 0x21, 0x38, 0x38, 0xE5, 0x21, 0x38, 0x38, 0xE5, 0x21, 0x78, 0x38, 0xE5, 0x21, 0x78, 0x78, 0xE5, 0x21, 0x78, 0x78, 0xE5, 0x21, 0x78, 0x78, 0xE5, 0x21, 0x78, 0x78, 0xE5, 0x21, 
	/* 0x01A0 */	0x38, 0x78, 0xE5, 0x21, 0x78, 0x78, 0xE5, 0x21, 0x78, 0x78, 0xE5, 0x21, 0x78, 0x78, 0xE5, 0x21, 0x78, 0x78, 0xE5, 0x21, 0x38, 0x78, 0xE5, 0x21, 0x78, 0x78, 0xE5, 0x21, 0x78, 0x38, 0xE5, 0x21, 
	/* 0x01C0 */	0x78, 0x78, 0xE5, 0x21, 0x38, 0x38, 0xE5, 0x21, 0x38, 0x38, 0xE5, 0x21, 0x78, 0x38, 0xE5, 0x21, 0x78, 0x78, 0xE5, 0x21, 0x78, 0x78, 0xE5, 0x21, 0x78, 0x78, 0xE5, 0x21, 0x78, 0x78, 0xE5, 0x21, 
	/* 0x01E0 */	0x38, 0x78, 0xE5, 0x21, 0x78, 0x78, 0xE5, 0x21, 0x78, 0x78, 0xE5, 0x21, 0x78, 0x78, 0xE5, 0x21, 0x78, 0x78, 0xE5, 0x21, 0x78, 0x78, 0xE5, 0x21, 0x78, 0x78, 0xE5, 0x21, 0x78, 0x78, 0xE5, 0x21, 
	/* 0x0200 */	0x78, 0x78, 0xE5, 0x21, 0x38, 0x38, 0xE5, 0x21, 0x38, 0x38, 0xE5, 0x21, 0x78, 0x78, 0xE5, 0x21, 0x78, 0x78, 0xE5, 0x21, 0x38, 0x38, 0xE5, 0x21, 0x78, 0x78, 0xE5, 0x21, 0x78, 0x78, 0xE5, 0x21, 
	/* 0x0220 */	0x78, 0x78, 0xE5, 0x21, 0x78, 0x78, 0xE5, 0x21, 0x78, 0x78, 0xE5, 0x21, 0x78, 0x78, 0xE5, 0x21, 0x38, 0x78, 0xE5, 0x21, 0x78, 0x38, 0xE5, 0x21, 0x78, 0x78, 0xE5, 0x21, 0x78, 0x78, 0xE5, 0x21, 
	/* 0x0240 */	0x38, 0x78, 0xE5, 0x21, 0x38, 0x38, 0xE5, 0x21, 0x38, 0x38, 0xE5, 0x21, 0x38, 0x38, 0xE5, 0x21, 0x38, 0x38, 0xE5, 0x21, 0x38, 0x38, 0xE5, 0x21, 0x38, 0x38, 0xE5, 0x21, 0x38, 0x38, 0xE5, 0x21, 
	/* 0x0260 */	0x38, 0x38, 0xE5, 0x21, 0x38, 0x38, 0xE5, 0x21, 0x38, 0x38, 0xE5, 0x21, 0x38, 0x38, 0xE5, 0x21, 0x38, 0x38, 0xE5, 0x21, 0x38, 0x38, 0xE5, 0x21, 0x38, 0x38, 0xE5, 0x21, 0x38, 0x38, 0xE5, 0x21, 
	/* 0x0280 */	0x38, 0x38, 0xE5, 0x21, 0x38, 0x38, 0xE5, 0x21, 0x38, 0x38, 0xE5, 0x21, 0x38, 0x38, 0xE5, 0x21, 0x38, 0x38, 0xE5, 0x21, 0x78, 0x38, 0xE5, 0x21, 0x50, 0x7A, 0xE5, 0x21, 0x3A, 0x10, 0xE5, 0x21, 
	/* 0x02A0 */	0x38, 0x10, 0xE5, 0x21, 0x10, 0x38, 0xE5, 0x21, 0x38, 0x10, 0xE5, 0x21, 0x10, 0x38, 0xE5, 0x21, 0x78, 0x10, 0xE5, 0x21, 0x7A, 0x78, 0xE5, 0x21, 0x38, 0x78, 0xE5, 0x21, 0x38, 0x38, 0xE5, 0x21, 
	/* 0x02C0 */	0x38, 0x38, 0xE5, 0x21, 0x38, 0x38, 0xE5, 0x21, 0x38, 0x38, 0xE5, 0x21, 0x38, 0x38, 0xE5, 0x21, 0x38, 0x38, 0xE5, 0x21, 0x78, 0x38, 0xE5, 0x21, 0x50, 0x50, 0xE5, 0x21, 0x3A, 0x10, 0xE5, 0x21, 
	/* 0x02E0 */	0x38, 0x10, 0xE5, 0x21, 0x10, 0x38, 0xE5, 0x21, 0x38, 0x10, 0xE5, 0x21, 0x10, 0x38, 0xE5, 0x21, 0x78, 0x10, 0xE5, 0x21, 0x50, 0x78, 0xE5, 0x21, 0x38, 0x78, 0xE5, 0x21, 0x38, 0x38, 0xE5, 0x21, 
	/* 0x0300 */	0x38, 0x38, 0xE5, 0x21, 0x38, 0x38, 0xE5, 0x21, 0x38, 0x38, 0xE5, 0x21, 0x38, 0x38, 0xE5, 0x21, 0x78, 0x78, 0xE5, 0x21, 0x50, 0x78, 0xE5, 0x21, 0x50, 0x50, 0xE5, 0x21, 0x3A, 0x50, 0xE5, 0x21, 
	/* 0x0320 */	0x38, 0x78, 0xE5, 0x21, 0x10, 0x38, 0xE5, 0x21, 0x38, 0x38, 0xE5, 0x21, 0x10, 0x38, 0xE5, 0x21, 0x38, 0x10, 0xE5, 0x21, 0x50, 0x78, 0xE5, 0x21, 0x78, 0x50, 0xE5, 0x21, 0x78, 0x78, 0xE5, 0x21, 
	/* 0x0340 */	0x38, 0x38, 0xE5, 0x21, 0x38, 0x38, 0xE5, 0x21, 0x38, 0x38, 0xE5, 0x21, 0x38, 0x38, 0xE5, 0x21, 0x50, 0x78, 0xE5, 0x21, 0x50, 0x50, 0xE5, 0x21, 0x38, 0x50, 0xE5, 0x21, 0x3A, 0x50, 0xE5, 0x21, 
	/* 0x0360 */	0x38, 0x78, 0xE5, 0x21, 0x78, 0x78, 0xE5, 0x21, 0x78, 0x38, 0xE5, 0x21, 0x10, 0x38, 0xE5, 0x21, 0x38, 0x10, 0xE5, 0x21, 0x50, 0x78, 0xE5, 0x21, 0x50, 0x50, 0xE5, 0x21, 0x78, 0x50, 0xE5, 0x21, 
	/* 0x0380 */	0x38, 0x38, 0xE5, 0x21, 0x38, 0x38, 0xE5, 0x21, 0x38, 0x38, 0xE5, 0x21, 0x38, 0x78, 0xE5, 0x21, 0x7A, 0x78, 0xE5, 0x21, 0x7A, 0x50, 0xE5, 0x21, 0x38, 0x50, 0xE5, 0x21, 0x10, 0x78, 0xE5, 0x21, 
	/* 0x03A0 */	0x78, 0x78, 0xE5, 0x21, 0x38, 0x78, 0xE5, 0x21, 0x38, 0x38, 0xE5, 0x21, 0x10, 0x38, 0xE5, 0x21, 0x38, 0x50, 0xE5, 0x21, 0x50, 0x78, 0xE5, 0x21, 0x7A, 0x7A, 0xE5, 0x21, 0x78, 0x50, 0xE5, 0x21, 
	/* 0x03C0 */	0x38, 0x38, 0xE5, 0x21, 0x38, 0x38, 0xE5, 0x21, 0x38, 0x38, 0xE5, 0x21, 0x38, 0x78, 0xE5, 0x21, 0x7A, 0x78, 0xE5, 0x21, 0x7A, 0x7A, 0xE5, 0x21, 0x38, 0x50, 0xE5, 0x21, 0x78, 0x78, 0xE5, 0x21, 
	/* 0x03E0 */	0x78, 0x78, 0xE5, 0x21, 0x38, 0x78, 0xE5, 0x21, 0x38, 0x38, 0xE5, 0x21, 0x78, 0x78, 0xE5, 0x21, 0x38, 0x78, 0xE5, 0x21, 0x50, 0x78, 0xE5, 0x21, 0x7A, 0x7A, 0xE5, 0x21, 0x78, 0x50, 0xE5, 0x21, 
	/* 0x0400 */	0x38, 0x38, 0xE5, 0x21, 0x38, 0x38, 0xE5, 0x21, 0x38, 0x38, 0xE5, 0x21, 0x78, 0x78, 0xE5, 0x21, 0x7A, 0x78, 0xE5, 0x21, 0x7A, 0x7A, 0xE5, 0x21, 0x78, 0x7A, 0xE5, 0x21, 0x78, 0x38, 0xE5, 0x21, 
	/* 0x0420 */	0x78, 0x78, 0xE5, 0x21, 0x78, 0x78, 0xE5, 0x21, 0x78, 0x78, 0xE5, 0x21, 0x78, 0x78, 0xE5, 0x21, 0x78, 0x78, 0xE5, 0x21, 0x50, 0x78, 0xE5, 0x21, 0x7A, 0x7A, 0xE5, 0x21, 0x50, 0x7A, 0xE5, 0x21, 
	/* 0x0440 */	0x78, 0x78, 0xE5, 0x21, 0x38, 0x38, 0xE5, 0x21, 0x38, 0x38, 0xE5, 0x21, 0x78, 0x78, 0xE5, 0x21, 0x7A, 0x50, 0xE5, 0x21, 0x7A, 0x7A, 0xE5, 0x21, 0x50, 0x7A, 0xE5, 0x21, 0x38, 0x38, 0xE5, 0x21, 
	/* 0x0460 */	0x78, 0x78, 0xE5, 0x21, 0x78, 0x78, 0xE5, 0x21, 0x78, 0x78, 0xE5, 0x21, 0x78, 0x78, 0xE5, 0x21, 0x78, 0x38, 0xE5, 0x21, 0x7A, 0x7A, 0xE5, 0x21, 0x7A, 0x7A, 0xE5, 0x21, 0x50, 0x7A, 0xE5, 0x21, 
	/* 0x0480 */	0x78, 0x50, 0xE5, 0x21, 0x38, 0x38, 0xE5, 0x21, 0x38, 0x38, 0xE5, 0x21, 0x50, 0x38, 0xE5, 0x21, 0x7A, 0x50, 0xE5, 0x21, 0x7A, 0x7A, 0xE5, 0x21, 0x7A, 0x7A, 0xE5, 0x21, 0x38, 0x50, 0xE5, 0x21, 
	/* 0x04A0 */	0x78, 0x78, 0xE5, 0x21, 0x78, 0x78, 0xE5, 0x21, 0x78, 0x78, 0xE5, 0x21, 0x38, 0x78, 0xE5, 0x21, 0x50, 0x38, 0xE5, 0x21, 0x7A, 0x7A, 0xE5, 0x21, 0x7A, 0x7A, 0xE5, 0x21, 0x7A, 0x7A, 0xE5, 0x21, 
	/* 0x04C0 */	0x78, 0x50, 0xE5, 0x21, 0x38, 0x38, 0xE5, 0x21, 0x78, 0x38, 0xE5, 0x21, 0x50, 0x38, 0xE5, 0x21, 0x7A, 0x7A, 0xE5, 0x21, 0x7A, 0x7A, 0xE5, 0x21, 0x7A, 0x7A, 0xE5, 0x21, 0x78, 0x50, 0xE5, 0x21, 
	/* 0x04E0 */	0x78, 0x78, 0xE5, 0x21, 0x78, 0x78, 0xE5, 0x21, 0x78, 0x78, 0xE5, 0x21, 0x78, 0x78, 0xE5, 0x21, 0x7A, 0x50, 0xE5, 0x21, 0x7A, 0x7A, 0xE5, 0x21, 0x7A, 0x7A, 0xE5, 0x21, 0x7A, 0x7A, 0xE5, 0x21, 
	/* 0x0500 */	0x78, 0x50, 0xE5, 0x21, 0x38, 0x38, 0xE5, 0x21, 0x78, 0x38, 0xE5, 0x21, 0x50, 0x38, 0xE5, 0x21, 0x7A, 0x7A, 0xE5, 0x21, 0x7A, 0x7A, 0xE5, 0x21, 0x7A, 0x7A, 0xE5, 0x21, 0x78, 0x7A, 0xE5, 0x21, 
	/* 0x0520 */	0x78, 0x78, 0xE5, 0x21, 0x78, 0x78, 0xE5, 0x21, 0x78, 0x78, 0xE5, 0x21, 0x78, 0x78, 0xE5, 0x21, 0x7A, 0x50, 0xE5, 0x21, 0x7A, 0x7A, 0xE5, 0x21, 0x7A, 0x7A, 0xE5, 0x21, 0x50, 0x7A, 0xE5, 0x21, 
	/* 0x0540 */	0x38, 0x50, 0xE5, 0x21, 0x38, 0x78, 0xE5, 0x21, 0x78, 0x38, 0xE5, 0x21, 0x38, 0x38, 0xE5, 0x21, 0x7A, 0x50, 0xE5, 0x21, 0x7A, 0x7A, 0xE5, 0x21, 0x7A, 0x7A, 0xE5, 0x21, 0x7A, 0x7A, 0xE5, 0x21, 
	/* 0x0560 */	0x78, 0x78, 0xE5, 0x21, 0x78, 0x78, 0xE5, 0x21, 0x78, 0x78, 0xE5, 0x21, 0x50, 0x78, 0xE5, 0x21, 0x7A, 0x7A, 0xE5, 0x21, 0x7A, 0x7A, 0xE5, 0x21, 0x7A, 0x7A, 0xE5, 0x21, 0x50, 0x7A, 0xE5, 0x21, 
	/* 0x0580 */	0x38, 0x38, 0xE5, 0x21, 0x38, 0x78, 0xE5, 0x21, 0x78, 0x38, 0xE5, 0x21, 0x38, 0x38, 0xE5, 0x21, 0x7A, 0x50, 0xE5, 0x21, 0x7A, 0x7A, 0xE5, 0x21, 0x7A, 0x7A, 0xE5, 0x21, 0x7A, 0x7A, 0xE5, 0x21, 
	/* 0x05A0 */	0x78, 0x50, 0xE5, 0x21, 0x78, 0x78, 0xE5, 0x21, 0x78, 0x78, 0xE5, 0x21, 0x50, 0x78, 0xE5, 0x21, 0x7A, 0x7A, 0xE5, 0x21, 0x7A, 0x7A, 0xE5, 0x21, 0x7A, 0x7A, 0xE5, 0x21, 0x50, 0x50, 0xE5, 0x21, 
	/* 0x05C0 */	0x38, 0x38, 0xE5, 0x21, 0x38, 0x78, 0xE5, 0x21, 0x38, 0x38, 0xE5, 0x21, 0x38, 0x38, 0xE5, 0x21, 0x50, 0x38, 0xE5, 0x21, 0x7A, 0x7A, 0xE5, 0x21, 0x7A, 0x7A, 0xE5, 0x21, 0x7A, 0x7A, 0xE5, 0x21, 
	/* 0x05E0 */	0x78, 0x50, 0xE5, 0x21, 0x78, 0x78, 0xE5, 0x21, 0x78, 0x78, 0xE5, 0x21, 0x50, 0x78, 0xE5, 0x21, 0x7A, 0x7A, 0xE5, 0x21, 0x7A, 0x7A, 0xE5, 0x21, 0x7A, 0x7A, 0xE5, 0x21, 0x38, 0x10, 0xE5, 0x21, 
	/* 0x0600 */	0x38, 0x38, 0xE5, 0x21, 0x38, 0x78, 0xE5, 0x21, 0x38, 0x38, 0xE5, 0x21, 0x38, 0x38, 0xE5, 0x21, 0x50, 0x38, 0xE5, 0x21, 0x7A, 0x50, 0xE5, 0x21, 0x7A, 0x7A, 0xE5, 0x21, 0x7A, 0x7A, 0xE5, 0x21, 
	/* 0x0620 */	0x50, 0x7A, 0xE5, 0x21, 0x78, 0x78, 0xE5, 0x21, 0x78, 0x78, 0xE5, 0x21, 0x7A, 0x7A, 0xE5, 0x21, 0x7A, 0x7A, 0xE5, 0x21, 0x7A, 0x7A, 0xE5, 0x21, 0x50, 0x7A, 0xE5, 0x21, 0x38, 0x38, 0xE5, 0x21, 
	/* 0x0640 */	0x38, 0x38, 0xE5, 0x21, 0x38, 0x78, 0xE5, 0x21, 0x38, 0x38, 0xE5, 0x21, 0x38, 0x38, 0xE5, 0x21, 0x38, 0x38, 0xE5, 0x21, 0x50, 0x50, 0xE5, 0x21, 0x7A, 0x7A, 0xE5, 0x21, 0x7A, 0x7A, 0xE5, 0x21, 
	/* 0x0660 */	0x7A, 0x7A, 0xE5, 0x21, 0x7A, 0x7A, 0xE5, 0x21, 0x7A, 0x50, 0xE5, 0x21, 0x7A, 0x7A, 0xE5, 0x21, 0x7A, 0x7A, 0xE5, 0x21, 0x7A, 0x7A, 0xE5, 0x21, 0x50, 0x50, 0xE5, 0x21, 0x38, 0x38, 0xE5, 0x21, 
	/* 0x0680 */	0x38, 0x38, 0xE5, 0x21, 0x38, 0x78, 0xE5, 0x21, 0x38, 0x38, 0xE5, 0x21, 0x38, 0x38, 0xE5, 0x21, 0x38, 0x38, 0xE5, 0x21, 0x50, 0x38, 0xE5, 0x21, 0x7A, 0x50, 0xE5, 0x21, 0x7A, 0x7A, 0xE5, 0x21, 
	/* 0x06A0 */	0x7A, 0x7A, 0xE5, 0x21, 0x7A, 0x7A, 0xE5, 0x21, 0x7A, 0x7A, 0xE5, 0x21, 0x7A, 0x7A, 0xE5, 0x21, 0x7A, 0x7A, 0xE5, 0x21, 0x50, 0x50, 0xE5, 0x21, 0x38, 0x38, 0xE5, 0x21, 0x38, 0x38, 0xE5, 0x21, 
	/* 0x06C0 */	0x38, 0x38, 0xE5, 0x21, 0x38, 0x38, 0xE5, 0x31, 0xA0, 0x4D, 0x21, 0xAD, 0xED, 0xE5, 0x21, 0xBF, 0x74, 0xE5, 0x21, 0xFF, 0xD5, 0xE5, 0x21, 0xFF, 0x00, 0xE5, 0x21, 0xFF, 0xF0, 0xE5, 0x21, 0x03, 
	/* 0x06E0 */	0xBF, 0xE5, 0x21, 0xBF, 0xF3, 0xE5, 0x21, 0xFF, 0xCF, 0xE5, 0x31, 0x90, 0x4E, 0x21, 0xDF, 0xFF, 0xE5, 0x21, 0x0E, 0xFF, 0xE5, 0x21, 0xFF, 0xFC, 0xE5, 0x21, 0x03, 0xFF, 0xE5, 0x21, 0xFF, 0xFF, 
	/* 0x0700 */	0xE5, 0x21, 0x7F, 0xC0, 0xE5, 0x21, 0xD9, 0x7B, 0xE5, 0x21, 0xDB, 0x6D, 0xE5, 0x31, 0xA0, 0x4E, 0x21, 0xAD, 0xED, 0xE5, 0x21, 0xAB, 0x70, 0xE5, 0x21, 0xFF, 0xD5, 0xE5, 0x21, 0xFF, 0x08, 0xE5, 
	/* 0x0720 */	0x21, 0xFF, 0xF0, 0xE5, 0x21, 0x01, 0xBF, 0xE5, 0x21, 0x7F, 0xF3, 0xE5, 0x21, 0xFF, 0xFF, 0xE5, 0x31, 0x90, 0x4F, 0x21, 0xEF, 0xFF, 0xE5, 0x21, 0x08, 0xFF, 0xE5, 0x21, 0xFF, 0x9C, 0xE5, 0x21, 
	/* 0x0740 */	0x03, 0x87, 0xE5, 0x21, 0xFF, 0xFF, 0xE5, 0x21, 0x7D, 0xC0, 0xE5, 0x21, 0x9B, 0xF3, 0xE5, 0x21, 0xDB, 0x6D, 0xE5, 0x31, 0xA0, 0x4F, 0x21, 0xAD, 0xED, 0xE5, 0x21, 0xAB, 0x38, 0xE5, 0x21, 0xFF, 
	/* 0x0760 */	0xD5, 0xE5, 0x21, 0xFF, 0x08, 0xE5, 0x21, 0xFF, 0xF0, 0xE5, 0x21, 0x00, 0x5F, 0xE5, 0x21, 0xFF, 0xF2, 0xE5, 0x21, 0xFF, 0xFE, 0xE5, 0x31, 0xB0, 0x48, 0x21, 0xEF, 0xFF, 0xE5, 0x21, 0x0F, 0xFF, 
	/* 0x0780 */	0xE5, 0x21, 0xFF, 0xE4, 0xE5, 0x21, 0x0F, 0x3F, 0xE5, 0x21, 0x00, 0x00, 0xE5, 0x21, 0x6F, 0xC0, 0xE5, 0x21, 0xD3, 0xFF, 0xE5, 0x21, 0xDB, 0x6D, 0xE5, 0x31, 0xC0, 0x48, 0x21, 0xAD, 0xED, 0xE5, 
	/* 0x07A0 */	0x21, 0xBB, 0x60, 0xE5, 0x21, 0x00, 0xF5, 0xE5, 0x21, 0x00, 0x08, 0xE5, 0x21, 0xFF, 0xF0, 0xE5, 0x21, 0xFF, 0x0F, 0xE5, 0x21, 0xFF, 0xF2, 0xE5, 0x21, 0xFF, 0xFD, 0xE5, 0x31, 0xB0, 0x49, 0x21, 
	/* 0x07C0 */	0xF7, 0xFF, 0xE5, 0x21, 0x03, 0xFF, 0xE5, 0x21, 0xFF, 0xF0, 0xE5, 0x21, 0x0F, 0xFF, 0xE5, 0x21, 0x00, 0x00, 0xE5, 0x21, 0x6F, 0xC0, 0xE5, 0x21, 0xD7, 0xF3, 0xE5, 0x21, 0xDB, 0x6D, 0xE5, 0x31, 
	/* 0x07E0 */	0xC0, 0x49, 0x21, 0xAD, 0xED, 0xE5, 0x21, 0xAB, 0x00, 0xE5, 0x21, 0x00, 0xF5, 0xE5, 0x21, 0x00, 0x08, 0xE5, 0x21, 0xFF, 0xF0, 0xE5, 0x21, 0xFF, 0x2F, 0xE5, 0x21, 0xFF, 0xF2, 0xE5, 0x21, 0xFF, 
	/* 0x0800 */	0xFF, 0xE5, 0x31, 0xB0, 0x4A, 0x21, 0xFB, 0xFF, 0xE5, 0x21, 0x03, 0xFF, 0xE5, 0x21, 0xFF, 0xFE, 0xE5, 0x21, 0x0F, 0xFF, 0xE5, 0x21, 0x00, 0x00, 0xE5, 0x21, 0x6F, 0xC0, 0xE5, 0x21, 0xA0, 0x7F, 
	/* 0x0820 */	0xE5, 0x21, 0xDB, 0x6D, 0xE5, 0x31, 0xC0, 0x4A, 0x21, 0xAD, 0xED, 0xE5, 0x21, 0xBF, 0x00, 0xE5, 0x21, 0x00, 0xF5, 0xE5, 0x21, 0x00, 0x08, 0xE5, 0x21, 0xFF, 0xF0, 0xE5, 0x21, 0xFF, 0x17, 0xE5, 
	/* 0x0840 */	0x21, 0xFF, 0xF8, 0xE5, 0x21, 0xFF, 0xFB, 0xE5, 0x31, 0xB0, 0x4B, 0x21, 0xFD, 0xFF, 0xE5, 0x21, 0x03, 0xFF, 0xE5, 0x21, 0xFF, 0xFE, 0xE5, 0x21, 0x0F, 0xFF, 0xE5, 0x21, 0x00, 0x00, 0xE5, 0x21, 
	/* 0x0860 */	0x4F, 0xC0, 0xE5, 0x21, 0xA0, 0x3F, 0xE5, 0x21, 0xDB, 0x6D, 0xE5, 0x31, 0xC0, 0x4B, 0x21, 0xAD, 0xED, 0xE5, 0x21, 0xAB, 0x02, 0xE5, 0x21, 0x00, 0xF5, 0xE5, 0x21, 0x00, 0x08, 0xE5, 0x21, 0xFF, 
	/* 0x0880 */	0xF0, 0xE5, 0x21, 0xFF, 0x0B, 0xE5, 0x21, 0xFF, 0xF2, 0xE5, 0x21, 0xFF, 0xEF, 0xE5, 0x31, 0xB0, 0x4C, 0x21, 0xFE, 0xFF, 0xE5, 0x21, 0x07, 0xFF, 0xE5, 0x21, 0xFF, 0xFE, 0xE5, 0x21, 0x0F, 0xFF, 
	/* 0x08A0 */	0xE5, 0x21, 0x00, 0x00, 0xE5, 0x21, 0x4F, 0xC0, 0xE5, 0x21, 0xB5, 0x3F, 0xE5, 0x21, 0xDB, 0x6D, 0xE5, 0x31, 0xC0, 0x4C, 0x21, 0xAD, 0xED, 0xE5, 0x21, 0xBF, 0x4A, 0xE5, 0x21, 0x00, 0xFD, 0xE5, 
	/* 0x08C0 */	0x21, 0x00, 0x08, 0xE5, 0x21, 0xFF, 0xF0, 0xE5, 0x21, 0xFF, 0x0F, 0xE5, 0x21, 0xFF, 0xFA, 0xE5, 0x21, 0xFF, 0xDF, 0xE5, 0x31, 0xB0, 0x4D, 0x21, 0xFF, 0xBF, 0xE5, 0x21, 0x0F, 0xFF, 0xE5, 0x21, 
	/* 0x08E0 */	0xFF, 0xFC, 0xE5, 0x21, 0x0F, 0xFF, 0xE5, 0x21, 0x0F, 0x00, 0xE5, 0x21, 0x4F, 0xC0, 0xE5, 0x21, 0xB5, 0x33, 0xE5, 0x21, 0xDB, 0x6D, 0xE5, 0x31, 0xC0, 0x4D, 0x21, 0xAD, 0xED, 0xE5, 0x21, 0xAB, 
	/* 0x0900 */	0x42, 0xE5, 0x21, 0x00, 0xFD, 0xE5, 0x21, 0x00, 0x3C, 0xE5, 0x21, 0xFF, 0xF0, 0xE5, 0x21, 0xFF, 0x1F, 0xE5, 0x21, 0xFF, 0xFA, 0xE5, 0x21, 0xFF, 0xBF, 0xE5, 0x31, 0xB0, 0x4E, 0x21, 0xFF, 0xCF, 
	/* 0x0920 */	0xE5, 0x21, 0x0F, 0xFF, 0xE5, 0x21, 0xFF, 0xF8, 0xE5, 0x21, 0x0F, 0x07, 0xE5, 0x21, 0x1F, 0xC0, 0xE5, 0x21, 0x47, 0xC0, 0xE5, 0x21, 0xA1, 0x33, 0xE5, 0x21, 0xDB, 0x6D, 0xE5, 0x31, 0xC0, 0x4E, 
	/* 0x0940 */	0x21, 0xAD, 0xED, 0xE5, 0x21, 0xAB, 0x40, 0xE5, 0x21, 0x80, 0xF5, 0xE5, 0x21, 0x01, 0xFF, 0xE5, 0x21, 0xFF, 0xE0, 0xE5, 0x21, 0xFF, 0x3F, 0xE5, 0x21, 0xFF, 0xFA, 0xE5, 0x21, 0xFE, 0xFF, 0xE5, 
	/* 0x0960 */	0x31, 0xB0, 0x4F, 0x21, 0xFF, 0xFB, 0xE5, 0x21, 0x0B, 0xFF, 0xE5, 0x21, 0xFF, 0x88, 0xE5, 0x21, 0x0F, 0xFF, 0xE5, 0x21, 0xFF, 0xC0, 0xE5, 0x21, 0x2F, 0xC0, 0xE5, 0x21, 0xBD, 0x3F, 0xE5, 0x21, 
	/* 0x0980 */	0xDB, 0x6D, 0xE5, 0x31, 0xC0, 0x4F, 0x21, 0xAD, 0xED, 0xE5, 0x21, 0xBF, 0x4A, 0xE5, 0x21, 0xC0, 0xF7, 0xE5, 0x21, 0x01, 0xFF, 0xE5, 0x21, 0xFF, 0xF0, 0xE5, 0x21, 0xFF, 0x3F, 0xE5, 0x21, 0xFF, 
	/* 0x09A0 */	0xFA, 0xE5, 0x21, 0xF3, 0xFF, 0xE5, 0x31, 0xD0, 0x48, 0x21, 0xFF, 0xFF, 0xE5, 0x21, 0x0F, 0xFF, 0xE5, 0x21, 0xFF, 0xE0, 0xE5, 0x21, 0x0F, 0xFF, 0xE5, 0x21, 0xDB, 0xC0, 0xE5, 0x21, 0x61, 0xC1, 
	/* 0x09C0 */	0xE5, 0x21, 0xA1, 0x3E, 0xE5, 0x21, 0xDB, 0x6D, 0xE5, 0x31, 0xE0, 0x48, 0x21, 0xAD, 0xED, 0xE5, 0x21, 0x3F, 0x42, 0xE5, 0x21, 0xC0, 0xE0, 0xE5, 0x21, 0x01, 0x95, 0xE5, 0x21, 0xFF, 0xF0, 0xE5, 
	/* 0x09E0 */	0x21, 0xFF, 0x7F, 0xE5, 0x21, 0xFF, 0xFA, 0xE5, 0x21, 0xFF, 0xFF, 0xE5, 0x31, 0xD0, 0x49, 0x21, 0xFF, 0xFF, 0xE5, 0x21, 0x0F, 0xFF, 0xE5, 0x21, 0xFF, 0xFC, 0xE5, 0x21, 0x0F, 0xFF, 0xE5, 0x21, 
	/* 0x0A00 */	0xDF, 0xC0, 0xE5, 0x21, 0xD1, 0xFF, 0xE5, 0x21, 0xAD, 0x3F, 0xE5, 0x21, 0xDB, 0x6D, 0xE5, 0x31, 0xE0, 0x49, 0x21, 0xAD, 0xED, 0xE5, 0x21, 0xFF, 0x42, 0xE5, 0x21, 0xE6, 0xE7, 0xE5, 0x21, 0x01, 
	/* 0x0A20 */	0xFD, 0xE5, 0x21, 0xFF, 0xF0, 0xE5, 0x21, 0xFF, 0x7F, 0xE5, 0x21, 0xFF, 0xFA, 0xE5, 0x21, 0xFF, 0xFF, 0xE5, 0x31, 0xD0, 0x4A, 0x21, 0xFF, 0xFF, 0xE5, 0x21, 0x0F, 0xFF, 0xE5, 0x21, 0xFF, 0xFC, 
	/* 0x0A40 */	0xE5, 0x21, 0x0F, 0xFF, 0xE5, 0x21, 0xDB, 0xC0, 0xE5, 0x21, 0xC1, 0xF1, 0xE5, 0x21, 0xB1, 0x3F, 0xE5, 0x21, 0xDB, 0x6D, 0xE5, 0x31, 0xE0, 0x4A, 0x21, 0xAD, 0xED, 0xE5, 0x21, 0x9F, 0x4A, 0xE5, 
	/* 0x0A60 */	0x21, 0xEE, 0xE1, 0xE5, 0x21, 0x01, 0xFD, 0xE5, 0x21, 0xFF, 0xF0, 0xE5, 0x21, 0xFF, 0xFF, 0xE5, 0x21, 0xFF, 0xFA, 0xE5, 0x21, 0xFF, 0xFF, 0xE5, 0x31, 0xD0, 0x4B, 0x21, 0xFF, 0xFF, 0xE5, 0x21, 
	/* 0x0A80 */	0x0F, 0xFF, 0xE5, 0x21, 0xFF, 0xFC, 0xE5, 0x21, 0x0F, 0xFF, 0xE5, 0x21, 0xDB, 0xC0, 0xE5, 0x21, 0xD8, 0x77, 0xE5, 0x21, 0xB5, 0x3F, 0xE5, 0x21, 0xDB, 0x6D, 0xE5, 0x31, 0xE0, 0x4B, 0x21, 0xAD, 
	/* 0x0AA0 */	0xED, 0xE5, 0x21, 0xFE, 0x4A, 0xE5, 0x21, 0xEA, 0xE7, 0xE5, 0x21, 0x01, 0xFD, 0xE5, 0x21, 0xFF, 0xF0, 0xE5, 0x21, 0xFF, 0xFF, 0xE5, 0x21, 0xFF, 0xFE, 0xE5, 0x21, 0xFF, 0xFF, 0xE5, 0x31, 0xD0, 
	/* 0x0AC0 */	0x4C, 0x21, 0xFF, 0xFF, 0xE5, 0x21, 0x0F, 0xFF, 0xE5, 0x21, 0xFF, 0xF8, 0xE5, 0x21, 0x07, 0xFF, 0xE5, 0x21, 0xD8, 0xF0, 0xE5, 0x21, 0xDE, 0x07, 0xE5, 0x21, 0xA1, 0x3F, 0xE5, 0x21, 0xDB, 0x6D, 
	/* 0x0AE0 */	0xE5, 0x31, 0xE0, 0x4C, 0x21, 0xAD, 0xED, 0xE5, 0x21, 0xAA, 0x40, 0xE5, 0x21, 0xEC, 0x0F, 0xE5, 0x21, 0x01, 0xD5, 0xE5, 0x21, 0xFF, 0xE0, 0xE5, 0x21, 0xFF, 0xFF, 0xE5, 0x21, 0xFF, 0xFE, 0xE5, 
	/* 0x0B00 */	0x21, 0xFF, 0xFF, 0xE5, 0x31, 0xD0, 0x4D, 0x21, 0xFF, 0xFF, 0xE5, 0x21, 0x0F, 0xFF, 0xE5, 0x21, 0xFF, 0x30, 0xE5, 0x21, 0x07, 0x03, 0xE5, 0x21, 0xDF, 0xF0, 0xE5, 0x21, 0xDF, 0xF7, 0xE5, 0x21, 
	/* 0x0B20 */	0xA1, 0x3E, 0xE5, 0x21, 0xDB, 0x6D, 0xE5, 0x31, 0xE0, 0x4D, 0x21, 0xAD, 0xED, 0xE5, 0x21, 0xAA, 0x42, 0xE5, 0x21, 0xFF, 0xFF, 0xE5, 0x21, 0x01, 0xFD, 0xE5, 0x21, 0xFF, 0xE0, 0xE5, 0x21, 0xFF, 
	/* 0x0B40 */	0xFD, 0xE5, 0x21, 0xFF, 0xFE, 0xE5, 0x21, 0xFF, 0xFF, 0xE5, 0x31, 0xD0, 0x4E, 0x21, 0xFF, 0xFF, 0xE5, 0x21, 0x0F, 0xFF, 0xE5, 0x21, 0xFF, 0x90, 0xE5, 0x21, 0x07, 0x7F, 0xE5, 0x21, 0xDB, 0xF0, 
	/* 0x0B60 */	0xE5, 0x21, 0xDF, 0xFF, 0xE5, 0x21, 0xB5, 0x3F, 0xE5, 0x21, 0xDB, 0x6D, 0xE5, 0x31, 0xE0, 0x4E, 0x21, 0xAD, 0xED, 0xE5, 0x21, 0xFE, 0x4A, 0xE5, 0x21, 0xEF, 0xFF, 0xE5, 0x21, 0x01, 0xBD, 0xE5, 
	/* 0x0B80 */	0x21, 0xFF, 0xE0, 0xE5, 0x21, 0xFF, 0xF8, 0xE5, 0x21, 0xFF, 0xFE, 0xE5, 0x21, 0x9F, 0xFF, 0xE5, 0x31, 0xD0, 0x4F, 0x21, 0xFF, 0xFF, 0xE5, 0x21, 0x0F, 0xFF, 0xE5, 0x21, 0xFF, 0xE8, 0xE5, 0x21, 
	/* 0x0BA0 */	0x07, 0xFF, 0xE5, 0x21, 0xDF, 0xF0, 0xE5, 0x21, 0xDF, 0xF5, 0xE5, 0x21, 0xB1, 0x3F, 0xE5, 0x21, 0xDB, 0x6D, 0xE5, 0x31, 0xE0, 0x4F, 0x21, 0xAD, 0xED, 0xE5, 0x21, 0xAA, 0x42, 0xE5, 0x21, 0xE3, 
	/* 0x0BC0 */	0xFF, 0xE5, 0x21, 0x01, 0xF5, 0xE5, 0x21, 0x7F, 0xE0, 0xE5, 0x21, 0xFF, 0xF0, 0xE5, 0x21, 0xFF, 0xFC, 0xE5, 0x21, 0x9F, 0xFF, 0xE5, 0x31, 0xF0, 0x48, 0x21, 0xFF, 0xFF, 0xE5, 0x21, 0x0F, 0xFF, 
	/* 0x0BE0 */	0xE5, 0x21, 0xFF, 0xF8, 0xE5, 0x21, 0x07, 0xFF, 0xE5, 0x21, 0xD8, 0xD0, 0xE5, 0x21, 0xDF, 0xF5, 0xE5, 0x21, 0xA1, 0x2F, 0xE5, 0x21, 0xDB, 0x6D, 0xE5, 0x31, 0x00, 0x49, 0x21, 0xAD, 0xED, 0xE5, 
	/* 0x0C00 */	0x21, 0xAA, 0x40, 0xE5, 0x21, 0xEB, 0xFF, 0xE5, 0x21, 0x01, 0xDD, 0xE5, 0x21, 0x7F, 0xE0, 0xE5, 0x21, 0xFF, 0xF0, 0xE5, 0x21, 0xFF, 0xF0, 0xE5, 0x21, 0x0F, 0xFF, 0xE5, 0x31, 0xF0, 0x49, 0x21, 
	/* 0x0C20 */	0xFF, 0xFF, 0xE5, 0x21, 0x0F, 0xFF, 0xE5, 0x21, 0xFF, 0xF8, 0xE5, 0x21, 0x07, 0xFF, 0xE5, 0x21, 0xDF, 0xD0, 0xE5, 0x21, 0xC0, 0x3F, 0xE5, 0x21, 0xB1, 0x3F, 0xE5, 0x21, 0x5B, 0x6D, 0xE5, 0x31, 
	/* 0x0C40 */	0x00, 0x4A, 0x21, 0xAD, 0xED, 0xE5, 0x21, 0xFE, 0x4A, 0xE5, 0x21, 0xFF, 0xFF, 0xE5, 0x21, 0x01, 0xFD, 0xE5, 0x21, 0x7F, 0xC0, 0xE5, 0x21, 0xFF, 0xF0, 0xE5, 0x21, 0xFF, 0xF8, 0xE5, 0x21, 0x0F, 
	/* 0x0C60 */	0xFF, 0xE5, 0x31, 0xF0, 0x4A, 0x21, 0xFF, 0xFE, 0xE5, 0x21, 0x0F, 0xFF, 0xE5, 0x21, 0xFF, 0xF8, 0xE5, 0x21, 0x07, 0xFF, 0xE5, 0x21, 0xD8, 0xDC, 0xE5, 0x21, 0xDE, 0x3D, 0xE5, 0x21, 0xB5, 0x3F, 
	/* 0x0C80 */	0xE5, 0x21, 0x5B, 0x6D, 0xE5, 0x31, 0x00, 0x4B, 0x21, 0xAD, 0xED, 0xE5, 0x21, 0xFE, 0x4A, 0xE5, 0x21, 0xEE, 0x03, 0xE5, 0x21, 0x0D, 0x95, 0xE5, 0x21, 0x7F, 0xC0, 0xE5, 0x21, 0xFF, 0xF0, 0xE5, 
	/* 0x0CA0 */	0x21, 0xFF, 0xF0, 0xE5, 0x21, 0x0F, 0xFF, 0xE5, 0x31, 0xF0, 0x4B, 0x21, 0xFF, 0xFE, 0xE5, 0x21, 0x0F, 0xFF, 0xE5, 0x21, 0xFF, 0xE0, 0xE5, 0x21, 0x03, 0xFF, 0xE5, 0x21, 0xDF, 0xDF, 0xE5, 0x21, 
	/* 0x0CC0 */	0xDC, 0x3D, 0xE5, 0x21, 0xA1, 0x3C, 0xE5, 0x21, 0x5B, 0x6D, 0xE5, 0x31, 0x00, 0x4C, 0x21, 0xAD, 0xED, 0xE5, 0x21, 0xAE, 0x40, 0xE5, 0x21, 0xEE, 0x3E, 0xE5, 0x21, 0x5D, 0xFD, 0xE5, 0x21, 0x7F, 
	/* 0x0CE0 */	0x80, 0xE5, 0x21, 0xFF, 0xC0, 0xE5, 0x21, 0xFF, 0xF4, 0xE5, 0x21, 0x0F, 0xFF, 0xE5, 0x31, 0xF0, 0x4C, 0x21, 0xFF, 0xFE, 0xE5, 0x21, 0x0F, 0xFF, 0xE5, 0x21, 0xFE, 0xE0, 0xE5, 0x21, 0x03, 0x07, 
	/* 0x0D00 */	0xE5, 0x21, 0xD8, 0xD3, 0xE5, 0x21, 0xDC, 0x3F, 0xE5, 0x21, 0xA1, 0x3C, 0xE5, 0x21, 0x5B, 0x6D, 0xE5, 0x31, 0x00, 0x4D, 0x21, 0xAD, 0xED, 0xE5, 0x21, 0xFE, 0x42, 0xE5, 0x21, 0xEE, 0x1F, 0xE5, 
	/* 0x0D20 */	0x21, 0x4D, 0xF5, 0xE5, 0x21, 0x7F, 0x80, 0xE5, 0x21, 0xFF, 0x00, 0xE5, 0x21, 0xFF, 0xF4, 0xE5, 0x21, 0x07, 0xFF, 0xE5, 0x31, 0xF0, 0x4D, 0x21, 0xFF, 0xFE, 0xE5, 0x21, 0x0F, 0xFF, 0xE5, 0x21, 
	/* 0x0D40 */	0xFF, 0xC0, 0xE5, 0x21, 0x03, 0x7F, 0xE5, 0x21, 0xDF, 0xD3, 0xE5, 0x21, 0xDC, 0x3D, 0xE5, 0x21, 0xA5, 0x3F, 0xE5, 0x21, 0xDB, 0x6D, 0xE5, 0x31, 0x00, 0x4E, 0x21, 0xAD, 0xED, 0xE5, 0x21, 0xAE, 
	/* 0x0D60 */	0x4A, 0xE5, 0x21, 0xEE, 0x1F, 0xE5, 0x21, 0x45, 0xFD, 0xE5, 0x21, 0xFE, 0x00, 0xE5, 0x21, 0xFF, 0x00, 0xE5, 0x21, 0xFF, 0xF4, 0xE5, 0x21, 0x07, 0xFF, 0xE5, 0x31, 0x64, 0x00, 0xF1, 0x08, 0xF1, 
	/* 0x0D80 */	0x01, 0x7E, 0x7E, 0x11, 0x7E, 0x7E, 0x21, 0x7E, 0x70, 0xDD, 0x21, 0x38, 0x38, 0xFD, 0x21, 0x38, 0x38, 0xD9, 0x01, 0x7E, 0x7E, 0x11, 0x7E, 0x7E, 0x21, 0x38, 0x38, 0x31, 0x10, 0x58, 0x22, 0x00, 
	/* 0x0DA0 */	0x58, 0x21, 0x38, 0x38, 0x22, 0x02, 0x58, 0x21, 0x7E, 0x7E, 0xE5, 0xD5, 0xC5, 0xF5, 0xD9, 0x08, 0xFD, 0xE5, 0xDD, 0xE5, 0x31, 0x18, 0x58, 0xE5, 0xD5, 0xC5, 0xF5, 0x01, 0x70, 0x38, 0x11, 0x38, 
	/* 0x0DC0 */	0x38, 0x21, 0x38, 0x38, 0x31, 0x1E, 0x58, 0xE5, 0xD5, 0xC5, 0x21, 0x38, 0x38, 0x22, 0x1E, 0x58, 0x00, 0x00, 0x00, 0x31, 0xF0, 0x4E, 0x21, 0xFF, 0xFA, 0xE5, 0x21, 0x0F, 0xFF, 0xE5, 0x21, 0xFF, 
	/* 0x0DE0 */	0xF0, 0xE5, 0x21, 0x03, 0xFF, 0xE5, 0x21, 0xDA, 0xD3, 0xE5, 0x21, 0xDC, 0x3D, 0xE5, 0x21, 0xA1, 0x3F, 0xE5, 0x21, 0xDB, 0x6D, 0xE5, 0x31, 0x00, 0x4F, 0x21, 0xAD, 0xED, 0xE5, 0x21, 0xAE, 0x42, 
	/* 0x0E00 */	0xE5, 0x21, 0xEE, 0x1F, 0xE5, 0x21, 0x45, 0xDD, 0xE5, 0x21, 0xFE, 0x00, 0xE5, 0x21, 0xFF, 0x01, 0xE5, 0x21, 0xFF, 0xF0, 0xE5, 0x21, 0x07, 0xFF, 0xE5, 0x31, 0xF0, 0x4F, 0x21, 0xFF, 0xF8, 0xE5, 
	/* 0x0E20 */	0x21, 0x0F, 0xFF, 0xE5, 0x21, 0xFF, 0xF0, 0xE5, 0x21, 0x03, 0xFF, 0xE5, 0x21, 0xDA, 0xD3, 0xE5, 0x21, 0xDE, 0xC7, 0xE5, 0x21, 0xA5, 0x3F, 0xE5, 0x21, 0x5B, 0x6D, 0xE5, 0x31, 0x00, 0x50, 0x21, 
	/* 0x0E40 */	0xAD, 0xED, 0xE5, 0x21, 0xFE, 0x42, 0xE5, 0x21, 0xFC, 0x1F, 0xE5, 0x21, 0x45, 0xFD, 0xE5, 0x21, 0xFC, 0x00, 0xE5, 0x21, 0xFF, 0x03, 0xE5, 0x21, 0xFF, 0xE8, 0xE5, 0x21, 0x07, 0xFF, 0xE5, 0x31, 
	/* 0x0E60 */	0x10, 0x50, 0x21, 0xFF, 0xF4, 0xE5, 0x21, 0x0F, 0xFF, 0xE5, 0x21, 0xFF, 0xC0, 0xE5, 0x21, 0xFF, 0xFF, 0xE5, 0x21, 0xDF, 0xCF, 0xE5, 0x21, 0xD8, 0x07, 0xE5, 0x21, 0xB1, 0x3F, 0xE5, 0x21, 0x5B, 
	/* 0x0E80 */	0x6D, 0xE5, 0x31, 0x20, 0x50, 0x21, 0xAD, 0xED, 0xE5, 0x21, 0xFE, 0x4A, 0xE5, 0x21, 0xF0, 0x17, 0xE5, 0x21, 0x7D, 0xFD, 0xE5, 0x21, 0xFC, 0xFF, 0xE5, 0x21, 0xFF, 0x07, 0xE5, 0x21, 0xFF, 0xF8, 
	/* 0x0EA0 */	0xE5, 0x21, 0x03, 0xFF, 0xE5, 0x31, 0x68, 0x00, 0xF1, 0x08, 0xF1, 0x01, 0x7E, 0x7E, 0x11, 0x7E, 0x7E, 0x21, 0x7E, 0x7E, 0xDD, 0x21, 0x38, 0x38, 0xFD, 0x21, 0x70, 0x70, 0xD9, 0x01, 0x7E, 0x7E, 
	/* 0x0EC0 */	0x11, 0x7E, 0x7E, 0x21, 0x38, 0x78, 0x31, 0x30, 0x58, 0x22, 0x20, 0x58, 0x21, 0x38, 0x38, 0x22, 0x22, 0x58, 0x21, 0x7E, 0x70, 0xE5, 0xD5, 0xC5, 0xF5, 0xD9, 0x08, 0xFD, 0xE5, 0xDD, 0xE5, 0x31, 
	/* 0x0EE0 */	0x38, 0x58, 0xE5, 0xD5, 0xC5, 0xF5, 0x01, 0x70, 0x70, 0x11, 0x38, 0x38, 0x21, 0x38, 0x38, 0x31, 0x3E, 0x58, 0xE5, 0xD5, 0xC5, 0x21, 0x38, 0x38, 0x22, 0x3E, 0x58, 0x00, 0x00, 0x00, 0x31, 0x10, 
	/* 0x0F00 */	0x51, 0x21, 0xFF, 0xF8, 0xE5, 0x21, 0x0F, 0xFF, 0xE5, 0x21, 0xFF, 0x80, 0xE5, 0x21, 0xFF, 0x7F, 0xE5, 0x21, 0xDF, 0xCF, 0xE5, 0x21, 0xD8, 0x07, 0xE5, 0x21, 0xB5, 0x3F, 0xE5, 0x21, 0xDB, 0x6D, 
	/* 0x0F20 */	0xE5, 0x31, 0x20, 0x51, 0x21, 0xAD, 0xED, 0xE5, 0x21, 0xFE, 0x4A, 0xE5, 0x21, 0xF3, 0xFF, 0xE5, 0x21, 0x79, 0xFD, 0xE5, 0x21, 0xF8, 0xFF, 0xE5, 0x21, 0xFF, 0x0F, 0xE5, 0x21, 0xFF, 0xE8, 0xE5, 
	/* 0x0F40 */	0x21, 0x07, 0xFF, 0xE5, 0x31, 0x10, 0x52, 0x21, 0xFF, 0xD8, 0xE5, 0x21, 0x0F, 0xFF, 0xE5, 0x21, 0xFC, 0xC0, 0xE5, 0x21, 0xFF, 0x47, 0xE5, 0x21, 0xDF, 0xC7, 0xE5, 0x21, 0xDF, 0xC7, 0xE5, 0x21, 
	/* 0x0F60 */	0xA1, 0x3F, 0xE5, 0x21, 0xDB, 0x6D, 0xE5, 0x31, 0x20, 0x52, 0x21, 0xAD, 0xED, 0xE5, 0x21, 0xFE, 0x42, 0xE5, 0x21, 0xF0, 0x0F, 0xE5, 0x21, 0x79, 0xFD, 0xE5, 0x21, 0xF8, 0xFF, 0xE5, 0x21, 0xFF, 
	/* 0x0F80 */	0x0F, 0xE5, 0x21, 0xFF, 0xF8, 0xE5, 0x21, 0x07, 0xFF, 0xE5, 0x31, 0x10, 0x53, 0x21, 0xFF, 0xF8, 0xE5, 0x21, 0x0F, 0xFF, 0xE5, 0x21, 0xFF, 0xC0, 0xE5, 0x21, 0xFF, 0x1F, 0xE5, 0x21, 0xDF, 0xD7, 
	/* 0x0FA0 */	0xE5, 0x21, 0xDF, 0xE7, 0xE5, 0x21, 0xB5, 0x3F, 0xE5, 0x21, 0xDB, 0x6D, 0xE5, 0x31, 0x20, 0x53, 0x21, 0xAD, 0xED, 0xE5, 0x21, 0xFE, 0x42, 0xE5, 0x21, 0xF0, 0x27, 0xE5, 0x21, 0x71, 0xFD, 0xE5, 
	/* 0x0FC0 */	0x21, 0xE0, 0xFF, 0xE5, 0x21, 0xFF, 0x0F, 0xE5, 0x21, 0xFF, 0xD0, 0xE5, 0x21, 0x0F, 0xFF, 0xE5, 0x31, 0x6C, 0x00, 0xF1, 0x08, 0xF1, 0x01, 0x70, 0x7E, 0x11, 0x7E, 0x7E, 0x21, 0x7E, 0x7E, 0xDD, 
	/* 0x0FE0 */	0x21, 0x38, 0x38, 0xFD, 0x21, 0x70, 0x7E, 0xD9, 0x01, 0x7E, 0x7E, 0x11, 0x7E, 0x7E, 0x21, 0x38, 0x78, 0x31, 0x50, 0x58, 0x22, 0x40, 0x58, 0x21, 0x38, 0x38, 0x22, 0x42, 0x58, 0x21, 0x78, 0x78, 
	/* 0x1000 */	0xE5, 0xD5, 0xC5, 0xF5, 0xD9, 0x08, 0xFD, 0xE5, 0xDD, 0xE5, 0x31, 0x58, 0x58, 0xE5, 0xD5, 0xC5, 0xF5, 0x01, 0x7E, 0x70, 0x11, 0x70, 0x38, 0x21, 0x38, 0x38, 0x31, 0x5E, 0x58, 0xE5, 0xD5, 0xC5, 
	/* 0x1020 */	0x21, 0x38, 0x38, 0x22, 0x5E, 0x58, 0x00, 0x00, 0x00, 0x31, 0x10, 0x54, 0x21, 0xFF, 0xF8, 0xE5, 0x21, 0x0F, 0xFF, 0xE5, 0x21, 0xFF, 0xE0, 0xE5, 0x21, 0xFF, 0xFF, 0xE5, 0x21, 0xDE, 0x57, 0xE5, 
	/* 0x1040 */	0x21, 0xDF, 0xE7, 0xE5, 0x21, 0xB5, 0x3F, 0xE5, 0x21, 0xDB, 0x6D, 0xE5, 0x31, 0x20, 0x54, 0x21, 0xAD, 0xED, 0xE5, 0x21, 0xFE, 0x0A, 0xE5, 0x21, 0xF3, 0xFF, 0xE5, 0x21, 0x71, 0xFD, 0xE5, 0x21, 
	/* 0x1060 */	0xC0, 0xFF, 0xE5, 0x21, 0xFF, 0x0F, 0xE5, 0x21, 0xFF, 0xF0, 0xE5, 0x21, 0x0F, 0xFF, 0xE5, 0x31, 0x10, 0x55, 0x21, 0xFF, 0xE8, 0xE5, 0x21, 0x0F, 0xFF, 0xE5, 0x21, 0xFF, 0xC0, 0xE5, 0x21, 0xFF, 
	/* 0x1080 */	0xFF, 0xE5, 0x21, 0xDF, 0xD7, 0xE5, 0x21, 0xDF, 0xC7, 0xE5, 0x21, 0xA1, 0x3F, 0xE5, 0x21, 0xDB, 0x6D, 0xE5, 0x31, 0x20, 0x55, 0x21, 0xAD, 0xED, 0xE5, 0x21, 0xFE, 0x02, 0xE5, 0x21, 0xF3, 0xFF, 
	/* 0x10A0 */	0xE5, 0x21, 0x79, 0xFD, 0xE5, 0x21, 0x00, 0xFF, 0xE5, 0x21, 0xFF, 0x03, 0xE5, 0x21, 0xFF, 0xF0, 0xE5, 0x21, 0x0F, 0xFF, 0xE5, 0x31, 0x10, 0x56, 0x21, 0xFF, 0xE8, 0xE5, 0x21, 0x0F, 0xFF, 0xE5, 
	/* 0x10C0 */	0x21, 0xFF, 0x00, 0xE5, 0x21, 0xFF, 0x3F, 0xE5, 0x21, 0xDF, 0xD7, 0xE5, 0x21, 0xDF, 0xE7, 0xE5, 0x21, 0xA1, 0x3F, 0xE5, 0x21, 0xDB, 0x6D, 0xE5, 0x31, 0x20, 0x56, 0x21, 0xAD, 0xED, 0xE5, 0x21, 
	/* 0x10E0 */	0xFE, 0x02, 0xE5, 0x21, 0xF3, 0xFF, 0xE5, 0x21, 0x79, 0xFD, 0xE5, 0x21, 0x00, 0xFF, 0xE5, 0x21, 0xFF, 0x02, 0xE5, 0x21, 0xFF, 0xF4, 0xE5, 0x21, 0x0F, 0xFF, 0xE5, 0x31, 0x70, 0x00, 0xF1, 0x08, 
	/* 0x1100 */	0xF1, 0x01, 0x78, 0x70, 0x11, 0x7E, 0x7E, 0x21, 0x7E, 0x7E, 0xDD, 0x21, 0x38, 0x30, 0xFD, 0x21, 0x7E, 0x7E, 0xD9, 0x01, 0x7E, 0x7E, 0x11, 0x70, 0x78, 0x21, 0x38, 0x78, 0x31, 0x70, 0x58, 0x22, 
	/* 0x1120 */	0x60, 0x58, 0x21, 0x38, 0x38, 0x22, 0x62, 0x58, 0x21, 0x78, 0x78, 0xE5, 0xD5, 0xC5, 0xF5, 0xD9, 0x08, 0xFD, 0xE5, 0xDD, 0xE5, 0x31, 0x78, 0x58, 0xE5, 0xD5, 0xC5, 0xF5, 0x01, 0x7E, 0x7E, 0x11, 
	/* 0x1140 */	0x70, 0x38, 0x21, 0x38, 0x38, 0x31, 0x7E, 0x58, 0xE5, 0xD5, 0xC5, 0x21, 0x38, 0x38, 0x22, 0x7E, 0x58, 0x00, 0x00, 0x00, 0x31, 0x10, 0x57, 0x21, 0xFF, 0xE4, 0xE5, 0x21, 0x0F, 0xFF, 0xE5, 0x21, 
	/* 0x1160 */	0xFF, 0x00, 0xE5, 0x21, 0xFF, 0x1F, 0xE5, 0x21, 0xDF, 0x47, 0xE5, 0x21, 0xDF, 0xE7, 0xE5, 0x21, 0xB5, 0x3F, 0xE5, 0x21, 0xDB, 0x6D, 0xE5, 0x31, 0x20, 0x57, 0x21, 0xAD, 0xED, 0xE5, 0x21, 0xFE, 
	/* 0x1180 */	0x0A, 0xE5, 0x21, 0xF2, 0xA7, 0xE5, 0x21, 0x7B, 0xFD, 0xE5, 0x21, 0x00, 0xFF, 0xE5, 0x21, 0xFF, 0x00, 0xE5, 0x21, 0xFF, 0xF4, 0xE5, 0x21, 0x0F, 0xFF, 0xE5, 0x31, 0x30, 0x50, 0x21, 0x00, 0x00, 
	/* 0x11A0 */	0xE5, 0x21, 0x00, 0x00, 0xE5, 0x21, 0x00, 0x00, 0xE5, 0x21, 0x00, 0x00, 0xE5, 0x21, 0x00, 0x00, 0xE5, 0x21, 0x00, 0x00, 0xE5, 0x21, 0x00, 0x00, 0xE5, 0x21, 0x00, 0x00, 0xE5, 0x31, 0x40, 0x50, 
	/* 0x11C0 */	0x21, 0x00, 0x00, 0xE5, 0x21, 0x00, 0x00, 0xE5, 0x21, 0x00, 0x00, 0xE5, 0x21, 0x00, 0x00, 0xE5, 0x21, 0x00, 0x00, 0xE5, 0x21, 0x00, 0x00, 0xE5, 0x21, 0x00, 0x00, 0xE5, 0x21, 0x00, 0x00, 0xE5, 
	/* 0x11E0 */	0x31, 0x30, 0x51, 0x21, 0x00, 0x00, 0xE5, 0x21, 0x00, 0x00, 0xE5, 0x21, 0x00, 0x00, 0xE5, 0x21, 0x00, 0x00, 0xE5, 0x21, 0x00, 0x00, 0xE5, 0x21, 0x00, 0x00, 0xE5, 0x21, 0x00, 0x00, 0xE5, 0x21, 
	/* 0x1200 */	0x00, 0x00, 0xE5, 0x31, 0x40, 0x51, 0x21, 0x00, 0x00, 0xE5, 0x21, 0x00, 0x00, 0xE5, 0x21, 0x00, 0x00, 0xE5, 0x21, 0x00, 0x00, 0xE5, 0x21, 0x00, 0x00, 0xE5, 0x21, 0x00, 0x00, 0xE5, 0x21, 0x00, 
	/* 0x1220 */	0x00, 0xE5, 0x21, 0x00, 0x00, 0xE5, 0x31, 0x74, 0x00, 0xF1, 0x08, 0xF1, 0x01, 0x78, 0x70, 0x11, 0x7E, 0x7E, 0x21, 0x7E, 0x7E, 0xDD, 0x21, 0x70, 0x70, 0xFD, 0x21, 0x7E, 0x7E, 0xD9, 0x01, 0x7E, 
	/* 0x1240 */	0x7E, 0x11, 0x70, 0x78, 0x21, 0x38, 0x78, 0x31, 0x90, 0x58, 0x22, 0x80, 0x58, 0x21, 0x38, 0x38, 0x22, 0x82, 0x58, 0x21, 0x78, 0x78, 0xE5, 0xD5, 0xC5, 0xF5, 0xD9, 0x08, 0xFD, 0xE5, 0xDD, 0xE5, 
	/* 0x1260 */	0x31, 0x98, 0x58, 0xE5, 0xD5, 0xC5, 0xF5, 0x01, 0x7E, 0x7E, 0x11, 0x7E, 0x70, 0x21, 0x38, 0x38, 0x31, 0x9E, 0x58, 0xE5, 0xD5, 0xC5, 0x21, 0x78, 0x38, 0x22, 0x9E, 0x58, 0x00, 0x00, 0x00, 0x31, 
	/* 0x1280 */	0x30, 0x52, 0x21, 0xFF, 0xFF, 0xE5, 0x21, 0xFF, 0xFF, 0xE5, 0x21, 0xFF, 0xFF, 0xE5, 0x21, 0xFF, 0xFF, 0xE5, 0x21, 0xFF, 0xFF, 0xE5, 0x21, 0xFF, 0xFF, 0xE5, 0x21, 0xFF, 0xFF, 0xE5, 0x21, 0xFF, 
	/* 0x12A0 */	0xFF, 0xE5, 0x31, 0x40, 0x52, 0x21, 0xFF, 0xFF, 0xE5, 0x21, 0xFF, 0xFF, 0xE5, 0x21, 0xFF, 0xFF, 0xE5, 0x21, 0xFF, 0xFF, 0xE5, 0x21, 0xFF, 0xFF, 0xE5, 0x21, 0xFF, 0xFF, 0xE5, 0x21, 0xFF, 0xFF, 
	/* 0x12C0 */	0xE5, 0x21, 0xFF, 0xFF, 0xE5, 0x31, 0x30, 0x53, 0x21, 0xFF, 0xFF, 0xE5, 0x21, 0xFF, 0xFF, 0xE5, 0x21, 0xFF, 0xFF, 0xE5, 0x21, 0xFF, 0xFF, 0xE5, 0x21, 0xFF, 0xFF, 0xE5, 0x21, 0xFF, 0xFF, 0xE5, 
	/* 0x12E0 */	0x21, 0xFF, 0xFF, 0xE5, 0x21, 0xFF, 0xFF, 0xE5, 0x31, 0x40, 0x53, 0x21, 0xFF, 0xFF, 0xE5, 0x21, 0xFF, 0xFF, 0xE5, 0x21, 0xFF, 0xFF, 0xE5, 0x21, 0xFF, 0xFF, 0xE5, 0x21, 0xFF, 0xFF, 0xE5, 0x21, 
	/* 0x1300 */	0xFF, 0xFF, 0xE5, 0x21, 0xFF, 0xFF, 0xE5, 0x21, 0xFF, 0xFF, 0xE5, 0x31, 0x30, 0x54, 0x21, 0xFF, 0xFF, 0xE5, 0x21, 0xFF, 0xFF, 0xE5, 0x21, 0xFF, 0xFF, 0xE5, 0x21, 0xFF, 0xFF, 0xE5, 0x21, 0xFF, 
	/* 0x1320 */	0xFF, 0xE5, 0x21, 0xFF, 0xFF, 0xE5, 0x21, 0xFF, 0xFF, 0xE5, 0x21, 0xFF, 0xFF, 0xE5, 0x31, 0x40, 0x54, 0x21, 0xFF, 0xFF, 0xE5, 0x21, 0xFF, 0xFF, 0xE5, 0x21, 0xFF, 0xFF, 0xE5, 0x21, 0xFF, 0xFF, 
	/* 0x1340 */	0xE5, 0x21, 0xFF, 0xFF, 0xE5, 0x21, 0xFF, 0xFF, 0xE5, 0x21, 0xFF, 0xFF, 0xE5, 0x21, 0xFF, 0xFF, 0xE5, 0x31, 0x78, 0x00, 0xF1, 0x08, 0xF1, 0x01, 0x78, 0x78, 0x11, 0x7E, 0x7E, 0x21, 0x7E, 0x7E, 
	/* 0x1360 */	0xDD, 0x21, 0x70, 0x7E, 0xFD, 0x21, 0x7E, 0x7E, 0xD9, 0x01, 0x7E, 0x7E, 0x11, 0x70, 0x78, 0x21, 0x38, 0x78, 0x31, 0xB0, 0x58, 0x22, 0xA0, 0x58, 0x21, 0x38, 0x38, 0x22, 0xA2, 0x58, 0x21, 0x78, 
	/* 0x1380 */	0x78, 0xE5, 0xD5, 0xC5, 0xF5, 0xD9, 0x08, 0xFD, 0xE5, 0xDD, 0xE5, 0x31, 0xB8, 0x58, 0xE5, 0xD5, 0xC5, 0xF5, 0x01, 0x7E, 0x7E, 0x11, 0x7E, 0x70, 0x21, 0x38, 0x38, 0x31, 0xBE, 0x58, 0xE5, 0xD5, 
	/* 0x13A0 */	0xC5, 0x21, 0x78, 0x38, 0x22, 0xBE, 0x58, 0x00, 0x00, 0x00, 0x31, 0x30, 0x55, 0x21, 0xE0, 0x7F, 0xE5, 0x21, 0xFF, 0xFF, 0xE5, 0x21, 0xFF, 0xFF, 0xE5, 0x21, 0xFF, 0xFF, 0xE5, 0x21, 0xFF, 0xE1, 
	/* 0x13C0 */	0xE5, 0x21, 0x0F, 0xFF, 0xE5, 0x21, 0xFF, 0x0C, 0xE5, 0x21, 0xFF, 0xFF, 0xE5, 0x31, 0x40, 0x55, 0x21, 0xFF, 0xFF, 0xE5, 0x21, 0x30, 0x3F, 0xE5, 0x21, 0xFF, 0xFC, 0xE5, 0x21, 0xFF, 0xFF, 0xE5, 
	/* 0x13E0 */	0x21, 0x87, 0xFF, 0xE5, 0x21, 0xFE, 0x1F, 0xE5, 0x21, 0x07, 0x0F, 0xE5, 0x21, 0xFC, 0x00, 0xE5, 0x31, 0x30, 0x56, 0x21, 0xE0, 0x0F, 0xE5, 0x21, 0xFF, 0x3F, 0xE5, 0x21, 0xFF, 0xFF, 0xE5, 0x21, 
	/* 0x1400 */	0x3F, 0xFF, 0xE5, 0x21, 0xFF, 0xE0, 0xE5, 0x21, 0x00, 0xFF, 0xE5, 0x21, 0xF0, 0x0C, 0xE5, 0x21, 0xFF, 0xFF, 0xE5, 0x31, 0x40, 0x56, 0x21, 0xFF, 0xFF, 0xE5, 0x21, 0x30, 0x03, 0xE5, 0x21, 0xFF, 
	/* 0x1420 */	0xC0, 0xE5, 0x21, 0xFF, 0xFF, 0xE5, 0x21, 0x80, 0xFF, 0xE5, 0x21, 0xFE, 0x1F, 0xE5, 0x21, 0x07, 0x0F, 0xE5, 0x21, 0xFC, 0x00, 0xE5, 0x31, 0x30, 0x57, 0x21, 0xE0, 0x07, 0xE5, 0x21, 0xF8, 0x3F, 
	/* 0x1440 */	0xE5, 0x21, 0xFF, 0xFF, 0xE5, 0x21, 0x1F, 0xFF, 0xE5, 0x21, 0xFF, 0xE0, 0xE5, 0x21, 0x00, 0x3F, 0xE5, 0x21, 0xC0, 0x0C, 0xE5, 0x21, 0xFF, 0xFF, 0xE5, 0x31, 0x40, 0x57, 0x21, 0xFF, 0xFF, 0xE5, 
	/* 0x1460 */	0x21, 0x30, 0x00, 0xE5, 0x21, 0xFF, 0x00, 0xE5, 0x21, 0xFF, 0xFF, 0xE5, 0x21, 0x80, 0x7F, 0xE5, 0x21, 0xFE, 0x1F, 0xE5, 0x21, 0x07, 0x0F, 0xE5, 0x21, 0xFC, 0x00, 0xE5, 0x31, 0x7C, 0x00, 0xF1, 
	/* 0x1480 */	0x08, 0xF1, 0x01, 0x78, 0x78, 0x11, 0x78, 0x7E, 0x21, 0x7E, 0x7E, 0xDD, 0x21, 0x70, 0x7E, 0xFD, 0x21, 0x7E, 0x7E, 0xD9, 0x01, 0x7E, 0x70, 0x11, 0x78, 0x78, 0x21, 0x38, 0x78, 0x31, 0xD0, 0x58, 
	/* 0x14A0 */	0x22, 0xC0, 0x58, 0x21, 0x38, 0x70, 0x22, 0xC2, 0x58, 0x21, 0x78, 0x78, 0xE5, 0xD5, 0xC5, 0xF5, 0xD9, 0x08, 0xFD, 0xE5, 0xDD, 0xE5, 0x31, 0xD8, 0x58, 0xE5, 0xD5, 0xC5, 0xF5, 0x01, 0x7E, 0x7E, 
	/* 0x14C0 */	0x11, 0x7E, 0x7E, 0x21, 0x70, 0x38, 0x31, 0xDE, 0x58, 0xE5, 0xD5, 0xC5, 0x21, 0x78, 0x38, 0x22, 0xDE, 0x58, 0x00, 0x00, 0x00, 0x31, 0x50, 0x50, 0x21, 0xE0, 0x01, 0xE5, 0x21, 0xE0, 0x3F, 0xE5, 
	/* 0x14E0 */	0x21, 0xFF, 0xFF, 0xE5, 0x21, 0x0F, 0xFF, 0xE5, 0x21, 0xFF, 0xE0, 0xE5, 0x21, 0x00, 0x0F, 0xE5, 0x21, 0x00, 0x0C, 0xE5, 0x21, 0xFF, 0xFF, 0xE5, 0x31, 0x60, 0x50, 0x21, 0x3F, 0xFF, 0xE5, 0x21, 
	/* 0x1500 */	0x30, 0x00, 0xE5, 0x21, 0xFC, 0x00, 0xE5, 0x21, 0xFF, 0xFF, 0xE5, 0x21, 0x80, 0x3F, 0xE5, 0x21, 0xFE, 0x1F, 0xE5, 0x21, 0x07, 0x0F, 0xE5, 0x21, 0xFC, 0x00, 0xE5, 0x31, 0x50, 0x51, 0x21, 0xE1, 
	/* 0x1520 */	0x80, 0xE5, 0x21, 0xC0, 0x3F, 0xE5, 0x21, 0xFF, 0xFF, 0xE5, 0x21, 0x0F, 0xFF, 0xE5, 0x21, 0xFF, 0xE0, 0xE5, 0x21, 0x38, 0x07, 0xE5, 0x21, 0x01, 0xFC, 0xE5, 0x21, 0xFF, 0xFE, 0xE5, 0x31, 0x60, 
	/* 0x1540 */	0x51, 0x21, 0x1F, 0xFF, 0xE5, 0x21, 0xF0, 0xE0, 0xE5, 0x21, 0xF8, 0x07, 0xE5, 0x21, 0xFF, 0xFF, 0xE5, 0x21, 0x80, 0x3F, 0xE5, 0x21, 0xFE, 0x1F, 0xE5, 0x21, 0xFF, 0x0F, 0xE5, 0x21, 0xFF, 0xF0, 
	/* 0x1560 */	0xE5, 0x31, 0x50, 0x52, 0x21, 0xE1, 0xE0, 0xE5, 0x21, 0x00, 0x3F, 0xE5, 0x21, 0xFF, 0xFF, 0xE5, 0x21, 0x07, 0xFF, 0xE5, 0x21, 0xFF, 0xE1, 0xE5, 0x21, 0x3F, 0x03, 0xE5, 0x21, 0x07, 0xFC, 0xE5, 
	/* 0x1580 */	0x21, 0xFF, 0xFC, 0xE5, 0x31, 0x60, 0x52, 0x21, 0x0F, 0xFF, 0xE5, 0x21, 0xF0, 0xF8, 0xE5, 0x21, 0xF0, 0x1F, 0xE5, 0x21, 0xFF, 0xFF, 0xE5, 0x21, 0x84, 0x1F, 0xE5, 0x21, 0xFE, 0x1F, 0xE5, 0x21, 
	/* 0x15A0 */	0xFF, 0x0F, 0xE5, 0x21, 0x7F, 0xF0, 0xE5, 0x31, 0x80, 0x00, 0xF1, 0x08, 0xF1, 0x01, 0x78, 0x78, 0x11, 0x78, 0x70, 0x21, 0x7E, 0x7E, 0xDD, 0x21, 0x7E, 0x7E, 0xFD, 0x21, 0x7E, 0x7E, 0xD9, 0x01, 
	/* 0x15C0 */	0x7E, 0x70, 0x11, 0x78, 0x78, 0x21, 0x38, 0x38, 0x31, 0xF0, 0x58, 0x22, 0xE0, 0x58, 0x21, 0x78, 0x70, 0x22, 0xE2, 0x58, 0x21, 0x78, 0x78, 0xE5, 0xD5, 0xC5, 0xF5, 0xD9, 0x08, 0xFD, 0xE5, 0xDD, 
	/* 0x15E0 */	0xE5, 0x31, 0xF8, 0x58, 0xE5, 0xD5, 0xC5, 0xF5, 0x01, 0x7E, 0x7E, 0x11, 0x7E, 0x7E, 0x21, 0x70, 0x38, 0x31, 0xFE, 0x58, 0xE5, 0xD5, 0xC5, 0x21, 0x78, 0x38, 0x22, 0xFE, 0x58, 0x00, 0x00, 0x00, 
	/* 0x1600 */	0x31, 0x50, 0x53, 0x21, 0xE1, 0xF0, 0xE5, 0x21, 0x00, 0x3F, 0xE5, 0x21, 0xFF, 0xFE, 0xE5, 0x21, 0x87, 0xFF, 0xE5, 0x21, 0xFF, 0xE1, 0xE5, 0x21, 0x3F, 0x81, 0xE5, 0x21, 0x1F, 0xFC, 0xE5, 0x21, 
	/* 0x1620 */	0xFF, 0xF8, 0xE5, 0x31, 0x60, 0x53, 0x21, 0x07, 0xFF, 0xE5, 0x21, 0xF0, 0xFE, 0xE5, 0x21, 0xE0, 0x7F, 0xE5, 0x21, 0xFF, 0xFF, 0xE5, 0x21, 0x86, 0x1F, 0xE5, 0x21, 0xFE, 0x1F, 0xE5, 0x21, 0xFF, 
	/* 0x1640 */	0x0F, 0xE5, 0x21, 0x3F, 0xF0, 0xE5, 0x31, 0x50, 0x54, 0x21, 0xE1, 0xF8, 0xE5, 0x21, 0x0C, 0x3F, 0xE5, 0x21, 0xFF, 0xFC, 0xE5, 0x21, 0x87, 0xFF, 0xE5, 0x21, 0xFF, 0xE1, 0xE5, 0x21, 0x3F, 0xE0, 
	/* 0x1660 */	0xE5, 0x21, 0x7F, 0xFC, 0xE5, 0x21, 0xFF, 0xF0, 0xE5, 0x31, 0x60, 0x54, 0x21, 0x83, 0xFF, 0xE5, 0x21, 0xF0, 0xFF, 0xE5, 0x21, 0xC1, 0xFF, 0xE5, 0x21, 0xFF, 0xFF, 0xE5, 0x21, 0x86, 0x1F, 0xE5, 
	/* 0x1680 */	0x21, 0xFE, 0x1F, 0xE5, 0x21, 0xFF, 0x0F, 0xE5, 0x21, 0x3F, 0xF0, 0xE5, 0x31, 0x50, 0x55, 0x21, 0xE1, 0xFC, 0xE5, 0x21, 0x1C, 0x3F, 0xE5, 0x21, 0xFF, 0xF8, 0xE5, 0x21, 0x07, 0xFF, 0xE5, 0x21, 
	/* 0x16A0 */	0x7F, 0xE1, 0xE5, 0x21, 0x3F, 0xF0, 0xE5, 0x21, 0xFF, 0xFC, 0xE5, 0x21, 0xFF, 0xE0, 0xE5, 0x31, 0x60, 0x55, 0x21, 0xC1, 0xFF, 0xE5, 0x21, 0xF0, 0xFF, 0xE5, 0x21, 0x83, 0xFF, 0xE5, 0x21, 0xFF, 
	/* 0x16C0 */	0xFF, 0xE5, 0x21, 0x84, 0x1F, 0xE5, 0x21, 0xFE, 0x1F, 0xE5, 0x21, 0xFF, 0x0F, 0xE5, 0x21, 0x1F, 0xF0, 0xE5, 0x31, 0x84, 0x00, 0xF1, 0x08, 0xF1, 0x01, 0x78, 0x78, 0x11, 0x38, 0x70, 0x21, 0x7E, 
	/* 0x16E0 */	0x7E, 0xDD, 0x21, 0x7E, 0x7E, 0xFD, 0x21, 0x7E, 0x7E, 0xD9, 0x01, 0x70, 0x38, 0x11, 0x38, 0x78, 0x21, 0x38, 0x38, 0x31, 0x10, 0x59, 0x22, 0x00, 0x59, 0x21, 0x78, 0x70, 0x22, 0x02, 0x59, 0x21, 
	/* 0x1700 */	0x78, 0x78, 0xE5, 0xD5, 0xC5, 0xF5, 0xD9, 0x08, 0xFD, 0xE5, 0xDD, 0xE5, 0x31, 0x18, 0x59, 0xE5, 0xD5, 0xC5, 0xF5, 0x01, 0x7E, 0x7E, 0x11, 0x7E, 0x70, 0x21, 0x70, 0x38, 0x31, 0x1E, 0x59, 0xE5, 
	/* 0x1720 */	0xD5, 0xC5, 0x21, 0x38, 0x38, 0x22, 0x1E, 0x59, 0x00, 0x00, 0x00, 0x31, 0x50, 0x56, 0x21, 0xE1, 0xFE, 0xE5, 0x21, 0x7C, 0x3F, 0xE5, 0x21, 0xFF, 0xF0, 0xE5, 0x21, 0x0F, 0xFF, 0xE5, 0x21, 0x3F, 
	/* 0x1740 */	0xE1, 0xE5, 0x21, 0x3F, 0xF8, 0xE5, 0x21, 0xFF, 0xFC, 0xE5, 0x21, 0xFF, 0xC1, 0xE5, 0x31, 0x60, 0x56, 0x21, 0xE0, 0xFF, 0xE5, 0x21, 0xF0, 0xFF, 0xE5, 0x21, 0x07, 0xFF, 0xE5, 0x21, 0xFF, 0xFF, 
	/* 0x1760 */	0xE5, 0x21, 0x84, 0x3F, 0xE5, 0x21, 0xFE, 0x1F, 0xE5, 0x21, 0xFF, 0x0F, 0xE5, 0x21, 0x1F, 0xF0, 0xE5, 0x31, 0x50, 0x57, 0x21, 0xE1, 0xFE, 0xE5, 0x21, 0xFC, 0x3F, 0xE5, 0x21, 0xFF, 0xE0, 0xE5, 
	/* 0x1780 */	0x21, 0x0F, 0xFF, 0xE5, 0x21, 0x3F, 0xE0, 0xE5, 0x21, 0x3F, 0xFC, 0xE5, 0x21, 0xFF, 0xFC, 0xE5, 0x21, 0xFF, 0xC3, 0xE5, 0x31, 0x60, 0x57, 0x21, 0xF0, 0xFF, 0xE5, 0x21, 0xF0, 0xFF, 0xE5, 0x21, 
	/* 0x17A0 */	0x0F, 0xFF, 0xE5, 0x21, 0xFF, 0xFF, 0xE5, 0x21, 0x80, 0x3F, 0xE5, 0x21, 0xFE, 0x1F, 0xE5, 0x21, 0xFF, 0x0F, 0xE5, 0x21, 0x0F, 0xF0, 0xE5, 0x31, 0x70, 0x50, 0x21, 0xE1, 0xFF, 0xE5, 0x21, 0xFC, 
	/* 0x17C0 */	0x3F, 0xE5, 0x21, 0xFF, 0xC1, 0xE5, 0x21, 0x1F, 0xFF, 0xE5, 0x21, 0x1F, 0x80, 0xE5, 0x21, 0x3F, 0xFC, 0xE5, 0x21, 0xFF, 0xFC, 0xE5, 0x21, 0xFF, 0x83, 0xE5, 0x31, 0x80, 0x50, 0x21, 0xF0, 0x7F, 
	/* 0x17E0 */	0xE5, 0x21, 0xF0, 0xFF, 0xE5, 0x21, 0x0F, 0xFF, 0xE5, 0x21, 0xFF, 0xFE, 0xE5, 0x21, 0x00, 0x7F, 0xE5, 0x21, 0xFE, 0x1E, 0xE5, 0x21, 0xFF, 0x0F, 0xE5, 0x21, 0x0F, 0xF0, 0xE5, 0x31, 0x88, 0x00, 
	/* 0x1800 */	0xF1, 0x08, 0xF1, 0x01, 0x78, 0x78, 0x11, 0x38, 0x38, 0x21, 0x70, 0x7E, 0xDD, 0x21, 0x70, 0x7E, 0xFD, 0x21, 0x7E, 0x7E, 0xD9, 0x01, 0x78, 0x38, 0x11, 0x78, 0x78, 0x21, 0x38, 0x38, 0x31, 0x30, 
	/* 0x1820 */	0x59, 0x22, 0x20, 0x59, 0x21, 0x78, 0x70, 0x22, 0x22, 0x59, 0x21, 0x78, 0x78, 0xE5, 0xD5, 0xC5, 0xF5, 0xD9, 0x08, 0xFD, 0xE5, 0xDD, 0xE5, 0x31, 0x38, 0x59, 0xE5, 0xD5, 0xC5, 0xF5, 0x01, 0x7E, 
	/* 0x1840 */	0x7E, 0x11, 0x7E, 0x70, 0x21, 0x78, 0x78, 0x31, 0x3E, 0x59, 0xE5, 0xD5, 0xC5, 0x21, 0x38, 0x38, 0x22, 0x3E, 0x59, 0x00, 0x00, 0x00, 0x31, 0x70, 0x51, 0x21, 0xE1, 0xFF, 0xE5, 0x21, 0xFC, 0x3F, 
	/* 0x1860 */	0xE5, 0x21, 0xFF, 0x83, 0xE5, 0x21, 0x07, 0xFF, 0xE5, 0x21, 0x1F, 0x00, 0xE5, 0x21, 0x3F, 0xFE, 0xE5, 0x21, 0xFF, 0xFC, 0xE5, 0x21, 0xFF, 0x87, 0xE5, 0x31, 0x80, 0x51, 0x21, 0xF8, 0x7F, 0xE5, 
	/* 0x1880 */	0x21, 0xF0, 0xFF, 0xE5, 0x21, 0x1F, 0xFF, 0xE5, 0x21, 0xFF, 0xFE, 0xE5, 0x21, 0x00, 0x1F, 0xE5, 0x21, 0xFE, 0x1C, 0xE5, 0x21, 0xFF, 0x0F, 0xE5, 0x21, 0x0F, 0xF0, 0xE5, 0x31, 0x70, 0x52, 0x21, 
	/* 0x18A0 */	0xE1, 0xFF, 0xE5, 0x21, 0xFC, 0x3F, 0xE5, 0x21, 0xFF, 0x87, 0xE5, 0x21, 0x01, 0xFF, 0xE5, 0x21, 0x0F, 0x00, 0xE5, 0x21, 0x3F, 0xFE, 0xE5, 0x21, 0xFF, 0xFC, 0xE5, 0x21, 0xFF, 0x07, 0xE5, 0x31, 
	/* 0x18C0 */	0x80, 0x52, 0x21, 0xFC, 0x3F, 0xE5, 0x21, 0xF0, 0xFF, 0xE5, 0x21, 0x1F, 0xFF, 0xE5, 0x21, 0xFF, 0xFC, 0xE5, 0x21, 0x00, 0x07, 0xE5, 0x21, 0xFE, 0x1C, 0xE5, 0x21, 0xFF, 0x0F, 0xE5, 0x21, 0x0F, 
	/* 0x18E0 */	0xF0, 0xE5, 0x31, 0x70, 0x53, 0x21, 0xE1, 0xFF, 0xE5, 0x21, 0xFC, 0x3F, 0xE5, 0x21, 0xFF, 0x07, 0xE5, 0x21, 0x00, 0x7F, 0xE5, 0x21, 0x0F, 0x00, 0xE5, 0x21, 0x3F, 0xFF, 0xE5, 0x21, 0xFF, 0xFC, 
	/* 0x1900 */	0xE5, 0x21, 0xFF, 0x0F, 0xE5, 0x31, 0x80, 0x53, 0x21, 0xFC, 0x3F, 0xE5, 0x21, 0xF0, 0xFF, 0xE5, 0x21, 0x3F, 0xFF, 0xE5, 0x21, 0xFF, 0xFC, 0xE5, 0x21, 0x00, 0x01, 0xE5, 0x21, 0xFE, 0x1C, 0xE5, 
	/* 0x1920 */	0x21, 0xFF, 0x0F, 0xE5, 0x21, 0x0F, 0xF0, 0xE5, 0x31, 0x8C, 0x00, 0xF1, 0x08, 0xF1, 0x01, 0x78, 0x78, 0x11, 0x78, 0x38, 0x21, 0x78, 0x7E, 0xDD, 0x21, 0x70, 0x7E, 0xFD, 0x21, 0x7E, 0x7E, 0xD9, 
	/* 0x1940 */	0x01, 0x78, 0x78, 0x11, 0x78, 0x78, 0x21, 0x38, 0x38, 0x31, 0x50, 0x59, 0x22, 0x40, 0x59, 0x21, 0x78, 0x78, 0x22, 0x42, 0x59, 0x21, 0x78, 0x78, 0xE5, 0xD5, 0xC5, 0xF5, 0xD9, 0x08, 0xFD, 0xE5, 
	/* 0x1960 */	0xDD, 0xE5, 0x31, 0x58, 0x59, 0xE5, 0xD5, 0xC5, 0xF5, 0x01, 0x7E, 0x7E, 0x11, 0x7E, 0x78, 0x21, 0x78, 0x78, 0x31, 0x5E, 0x59, 0xE5, 0xD5, 0xC5, 0x21, 0x38, 0x38, 0x22, 0x5E, 0x59, 0x00, 0x00, 
	/* 0x1980 */	0x00, 0x31, 0x70, 0x54, 0x21, 0xE1, 0xFF, 0xE5, 0x21, 0xFC, 0x3F, 0xE5, 0x21, 0xFE, 0x0F, 0xE5, 0x21, 0xC0, 0x3F, 0xE5, 0x21, 0x0F, 0xE1, 0xE5, 0x21, 0x3F, 0xFF, 0xE5, 0x21, 0xFF, 0xFC, 0xE5, 
	/* 0x19A0 */	0x21, 0xFF, 0x0F, 0xE5, 0x31, 0x80, 0x54, 0x21, 0xFC, 0x3F, 0xE5, 0x21, 0xF0, 0xFF, 0xE5, 0x21, 0x3F, 0xFF, 0xE5, 0x21, 0xFF, 0xFC, 0xE5, 0x21, 0x87, 0x00, 0xE5, 0x21, 0xFE, 0x1F, 0xE5, 0x21, 
	/* 0x19C0 */	0xFF, 0x0F, 0xE5, 0x21, 0x0F, 0xF0, 0xE5, 0x31, 0x70, 0x55, 0x21, 0xE1, 0xFE, 0xE5, 0x21, 0xFC, 0x3F, 0xE5, 0x21, 0xFE, 0x1F, 0xE5, 0x21, 0xF8, 0x1F, 0xE5, 0x21, 0x0F, 0xE1, 0xE5, 0x21, 0x3F, 
	/* 0x19E0 */	0xFF, 0xE5, 0x21, 0xFF, 0xFC, 0xE5, 0x21, 0xFF, 0x0F, 0xE5, 0x31, 0x80, 0x55, 0x21, 0xFC, 0x1F, 0xE5, 0x21, 0xF0, 0xFF, 0xE5, 0x21, 0x3F, 0xFF, 0xE5, 0x21, 0x7F, 0xFC, 0xE5, 0x21, 0x87, 0xE0, 
	/* 0x1A00 */	0xE5, 0x21, 0xFE, 0x1F, 0xE5, 0x21, 0xFF, 0x0F, 0xE5, 0x21, 0x0F, 0xF0, 0xE5, 0x31, 0x70, 0x56, 0x21, 0xE1, 0xFE, 0xE5, 0x21, 0xFC, 0x3F, 0xE5, 0x21, 0xFC, 0x1F, 0xE5, 0x21, 0xFC, 0x0F, 0xE5, 
	/* 0x1A20 */	0x21, 0x0F, 0xE1, 0xE5, 0x21, 0x3F, 0xFF, 0xE5, 0x21, 0x00, 0x7C, 0xE5, 0x21, 0xF0, 0x00, 0xE5, 0x31, 0x80, 0x56, 0x21, 0xFE, 0x1F, 0xE5, 0x21, 0xF0, 0xFF, 0xE5, 0x21, 0x00, 0x01, 0xE5, 0x21, 
	/* 0x1A40 */	0x3F, 0xC0, 0xE5, 0x21, 0x87, 0xF0, 0xE5, 0x21, 0xFE, 0x1F, 0xE5, 0x21, 0xFF, 0x0F, 0xE5, 0x21, 0x1F, 0xF0, 0xE5, 0x31, 0x90, 0x00, 0xF1, 0x08, 0xF1, 0x01, 0x78, 0x78, 0x11, 0x78, 0x78, 0x21, 
	/* 0x1A60 */	0x38, 0x70, 0xDD, 0x21, 0x78, 0x70, 0xFD, 0x21, 0x7E, 0x7E, 0xD9, 0x01, 0x38, 0x78, 0x11, 0x78, 0x78, 0x21, 0x38, 0x38, 0x31, 0x70, 0x59, 0x22, 0x60, 0x59, 0x21, 0x38, 0x38, 0x22, 0x62, 0x59, 
	/* 0x1A80 */	0x21, 0x38, 0x38, 0xE5, 0xD5, 0xC5, 0xF5, 0xD9, 0x08, 0xFD, 0xE5, 0xDD, 0xE5, 0x31, 0x78, 0x59, 0xE5, 0xD5, 0xC5, 0xF5, 0x01, 0x7E, 0x7E, 0x11, 0x7E, 0x78, 0x21, 0x38, 0x78, 0x31, 0x7E, 0x59, 
	/* 0x1AA0 */	0xE5, 0xD5, 0xC5, 0x21, 0x38, 0x38, 0x22, 0x7E, 0x59, 0x00, 0x00, 0x00, 0x31, 0x70, 0x57, 0x21, 0xE1, 0xFE, 0xE5, 0x21, 0xFC, 0x3F, 0xE5, 0x21, 0xFC, 0x3F, 0xE5, 0x21, 0xFF, 0x07, 0xE5, 0x21, 
	/* 0x1AC0 */	0x07, 0xE1, 0xE5, 0x21, 0x3F, 0xFF, 0xE5, 0x21, 0x00, 0x7C, 0xE5, 0x21, 0xF0, 0x00, 0xE5, 0x31, 0x80, 0x57, 0x21, 0xFE, 0x1F, 0xE5, 0x21, 0xF0, 0xFF, 0xE5, 0x21, 0x00, 0x01, 0xE5, 0x21, 0x1F, 
	/* 0x1AE0 */	0xC0, 0xE5, 0x21, 0x87, 0xFC, 0xE5, 0x21, 0xFE, 0x1F, 0xE5, 0x21, 0xFF, 0x0F, 0xE5, 0x21, 0x1F, 0xF0, 0xE5, 0x31, 0x90, 0x50, 0x21, 0xE1, 0xFC, 0xE5, 0x21, 0xFC, 0x3F, 0xE5, 0x21, 0xFC, 0x3F, 
	/* 0x1B00 */	0xE5, 0x21, 0xFF, 0x83, 0xE5, 0x21, 0x07, 0xE1, 0xE5, 0x21, 0x3F, 0xFF, 0xE5, 0x21, 0x00, 0x7C, 0xE5, 0x21, 0xF0, 0x00, 0xE5, 0x31, 0xA0, 0x50, 0x21, 0xFE, 0x1F, 0xE5, 0x21, 0xF0, 0xFF, 0xE5, 
	/* 0x1B20 */	0x21, 0x00, 0x01, 0xE5, 0x21, 0x0F, 0xC0, 0xE5, 0x21, 0x87, 0xFE, 0xE5, 0x21, 0xFE, 0x1F, 0xE5, 0x21, 0xFF, 0x0F, 0xE5, 0x21, 0x1F, 0xF0, 0xE5, 0x31, 0x90, 0x51, 0x21, 0xE1, 0xF8, 0xE5, 0x21, 
	/* 0x1B40 */	0xFC, 0x3F, 0xE5, 0x21, 0xF8, 0x3F, 0xE5, 0x21, 0xFF, 0xC1, 0xE5, 0x21, 0x07, 0xE1, 0xE5, 0x21, 0x3F, 0xFF, 0xE5, 0x21, 0x00, 0x7C, 0xE5, 0x21, 0xF0, 0x00, 0xE5, 0x31, 0xA0, 0x51, 0x21, 0xFE, 
	/* 0x1B60 */	0x1F, 0xE5, 0x21, 0xF0, 0xFF, 0xE5, 0x21, 0x00, 0x01, 0xE5, 0x21, 0x07, 0xC0, 0xE5, 0x21, 0x87, 0xFF, 0xE5, 0x21, 0xFE, 0x1F, 0xE5, 0x21, 0xFF, 0x0F, 0xE5, 0x21, 0x3F, 0xF0, 0xE5, 0x31, 0x94, 
	/* 0x1B80 */	0x00, 0xF1, 0x08, 0xF1, 0x01, 0x78, 0x78, 0x11, 0x30, 0x78, 0x21, 0x38, 0x70, 0xDD, 0x21, 0x78, 0x70, 0xFD, 0x21, 0x7E, 0x7E, 0xD9, 0x01, 0x38, 0x70, 0x11, 0x30, 0x38, 0x21, 0x38, 0x38, 0x31, 
	/* 0x1BA0 */	0x90, 0x59, 0x22, 0x80, 0x59, 0x21, 0x38, 0x38, 0x22, 0x82, 0x59, 0x21, 0x38, 0x38, 0xE5, 0xD5, 0xC5, 0xF5, 0xD9, 0x08, 0xFD, 0xE5, 0xDD, 0xE5, 0x31, 0x98, 0x59, 0xE5, 0xD5, 0xC5, 0xF5, 0x01, 
	/* 0x1BC0 */	0x7E, 0x70, 0x11, 0x7E, 0x78, 0x21, 0x38, 0x78, 0x31, 0x9E, 0x59, 0xE5, 0xD5, 0xC5, 0x21, 0x38, 0x38, 0x22, 0x9E, 0x59, 0x00, 0x00, 0x00, 0x31, 0x90, 0x52, 0x21, 0xE1, 0xF0, 0xE5, 0x21, 0xFC, 
	/* 0x1BE0 */	0x3F, 0xE5, 0x21, 0xF8, 0x7F, 0xE5, 0x21, 0xFF, 0xE1, 0xE5, 0x21, 0x07, 0xE1, 0xE5, 0x21, 0x3F, 0xFF, 0xE5, 0x21, 0xFF, 0xFC, 0xE5, 0x21, 0xFE, 0x0F, 0xE5, 0x31, 0xA0, 0x52, 0x21, 0xFC, 0x1F, 
	/* 0x1C00 */	0xE5, 0x21, 0xF0, 0xFF, 0xE5, 0x21, 0x3F, 0xFF, 0xE5, 0x21, 0x87, 0xF8, 0xE5, 0x21, 0x87, 0xFF, 0xE5, 0x21, 0xFE, 0x1F, 0xE5, 0x21, 0xFF, 0x0F, 0xE5, 0x21, 0x7F, 0xF0, 0xE5, 0x31, 0x90, 0x53, 
	/* 0x1C20 */	0x21, 0xE1, 0xC0, 0xE5, 0x21, 0xFC, 0x3F, 0xE5, 0x21, 0xF8, 0x7F, 0xE5, 0x21, 0xFF, 0xE0, 0xE5, 0x21, 0x07, 0xE1, 0xE5, 0x21, 0x3F, 0xFF, 0xE5, 0x21, 0xFF, 0xFC, 0xE5, 0x21, 0xFF, 0x0F, 0xE5, 
	/* 0x1C40 */	0x31, 0xA0, 0x53, 0x21, 0xFC, 0x3F, 0xE5, 0x21, 0xF0, 0xFF, 0xE5, 0x21, 0x3F, 0xFF, 0xE5, 0x21, 0x83, 0xFC, 0xE5, 0x21, 0x87, 0xFF, 0xE5, 0x21, 0xFE, 0x1F, 0xE5, 0x21, 0xFF, 0x0F, 0xE5, 0x21, 
	/* 0x1C60 */	0xFF, 0xF0, 0xE5, 0x31, 0x90, 0x54, 0x21, 0x80, 0x01, 0xE5, 0x21, 0x00, 0x0F, 0xE5, 0x21, 0xF8, 0x00, 0xE5, 0x21, 0xFF, 0xF0, 0xE5, 0x21, 0x07, 0xE1, 0xE5, 0x21, 0x3F, 0xFF, 0xE5, 0x21, 0xFF, 
	/* 0x1C80 */	0xFC, 0xE5, 0x21, 0xFF, 0x0F, 0xE5, 0x31, 0xA0, 0x54, 0x21, 0xFC, 0x3F, 0xE5, 0x21, 0xF0, 0xFF, 0xE5, 0x21, 0x3F, 0xFF, 0xE5, 0x21, 0xC3, 0xFC, 0xE5, 0x21, 0x87, 0xFF, 0xE5, 0x21, 0xFE, 0x1F, 
	/* 0x1CA0 */	0xE5, 0x21, 0xFF, 0x0F, 0xE5, 0x21, 0xFF, 0xF0, 0xE5, 0x31, 0x98, 0x00, 0xF1, 0x08, 0xF1, 0x01, 0x38, 0x78, 0x11, 0x3E, 0x70, 0x21, 0x38, 0x70, 0xDD, 0x21, 0x78, 0x70, 0xFD, 0x21, 0x70, 0x70, 
	/* 0x1CC0 */	0xD9, 0x01, 0x38, 0x30, 0x11, 0x30, 0x38, 0x21, 0x38, 0x38, 0x31, 0xB0, 0x59, 0x22, 0xA0, 0x59, 0x21, 0x38, 0x38, 0x22, 0xA2, 0x59, 0x21, 0x78, 0x38, 0xE5, 0xD5, 0xC5, 0xF5, 0xD9, 0x08, 0xFD, 
	/* 0x1CE0 */	0xE5, 0xDD, 0xE5, 0x31, 0xB8, 0x59, 0xE5, 0xD5, 0xC5, 0xF5, 0x01, 0x70, 0x70, 0x11, 0x70, 0x78, 0x21, 0x38, 0x38, 0x31, 0xBE, 0x59, 0xE5, 0xD5, 0xC5, 0x21, 0x38, 0x38, 0x22, 0xBE, 0x59, 0x00, 
	/* 0x1D00 */	0x00, 0x00, 0x31, 0x90, 0x55, 0x21, 0x00, 0x03, 0xE5, 0x21, 0x00, 0x0F, 0xE5, 0x21, 0x78, 0x00, 0xE5, 0x21, 0xFF, 0xF0, 0xE5, 0x21, 0x07, 0xE1, 0xE5, 0x21, 0x3F, 0xFF, 0xE5, 0x21, 0xFF, 0xFC, 
	/* 0x1D20 */	0xE5, 0x21, 0xFF, 0x0F, 0xE5, 0x31, 0xA0, 0x55, 0x21, 0xFC, 0x3F, 0xE5, 0x21, 0xF0, 0xFF, 0xE5, 0x21, 0x3F, 0xFF, 0xE5, 0x21, 0xC1, 0xFC, 0xE5, 0x21, 0x87, 0xFF, 0xE5, 0x21, 0xFE, 0x1F, 0xE5, 
	/* 0x1D40 */	0x21, 0xFF, 0x0F, 0xE5, 0x21, 0xFF, 0xF0, 0xE5, 0x31, 0x90, 0x56, 0x21, 0x00, 0x07, 0xE5, 0x21, 0x00, 0x0F, 0xE5, 0x21, 0x70, 0x00, 0xE5, 0x21, 0xFF, 0xF8, 0xE5, 0x21, 0x07, 0xE1, 0xE5, 0x21, 
	/* 0x1D60 */	0x3F, 0xFF, 0xE5, 0x21, 0xFF, 0xFC, 0xE5, 0x21, 0xFF, 0x87, 0xE5, 0x31, 0xA0, 0x56, 0x21, 0xF8, 0x3F, 0xE5, 0x21, 0xF0, 0xFF, 0xE5, 0x21, 0x1F, 0xFF, 0xE5, 0x21, 0xE1, 0xFE, 0xE5, 0x21, 0x87, 
	/* 0x1D80 */	0xFF, 0xE5, 0x21, 0xFE, 0x1F, 0xE5, 0x21, 0xFF, 0x0F, 0xE5, 0x21, 0xFF, 0xF0, 0xE5, 0x31, 0x90, 0x57, 0x21, 0x80, 0x3F, 0xE5, 0x21, 0x00, 0x0F, 0xE5, 0x21, 0x70, 0x00, 0xE5, 0x21, 0xFF, 0xF8, 
	/* 0x1DA0 */	0xE5, 0x21, 0x07, 0xE1, 0xE5, 0x21, 0x3F, 0xFF, 0xE5, 0x21, 0xFF, 0xFC, 0xE5, 0x21, 0xFF, 0x87, 0xE5, 0x31, 0xA0, 0x57, 0x21, 0xF8, 0x7F, 0xE5, 0x21, 0xF0, 0xFF, 0xE5, 0x21, 0x1F, 0xFF, 0xE5, 
	/* 0x1DC0 */	0x21, 0xE1, 0xFE, 0xE5, 0x21, 0x87, 0xFF, 0xE5, 0x21, 0xFE, 0x1F, 0xE5, 0x21, 0xFF, 0x0F, 0xE5, 0x21, 0xFF, 0xF0, 0xE5, 0x31, 0x9C, 0x00, 0xF1, 0x08, 0xF1, 0x01, 0x38, 0x78, 0x11, 0x3E, 0x70, 
	/* 0x1DE0 */	0x21, 0x70, 0x70, 0xDD, 0x21, 0x78, 0x78, 0xFD, 0x21, 0x78, 0x70, 0xD9, 0x01, 0x38, 0x30, 0x11, 0x30, 0x38, 0x21, 0x38, 0x38, 0x31, 0xD0, 0x59, 0x22, 0xC0, 0x59, 0x21, 0x38, 0x38, 0x22, 0xC2, 
	/* 0x1E00 */	0x59, 0x21, 0x38, 0x38, 0xE5, 0xD5, 0xC5, 0xF5, 0xD9, 0x08, 0xFD, 0xE5, 0xDD, 0xE5, 0x31, 0xD8, 0x59, 0xE5, 0xD5, 0xC5, 0xF5, 0x01, 0x70, 0x78, 0x11, 0x78, 0x78, 0x21, 0x38, 0x38, 0x31, 0xDE, 
	/* 0x1E20 */	0x59, 0xE5, 0xD5, 0xC5, 0x21, 0x38, 0x38, 0x22, 0xDE, 0x59, 0x00, 0x00, 0x00, 0x31, 0xB0, 0x50, 0x21, 0xE1, 0xFF, 0xE5, 0x21, 0xFC, 0x3F, 0xE5, 0x21, 0x70, 0xFF, 0xE5, 0x21, 0xFF, 0xF8, 0xE5, 
	/* 0x1E40 */	0x21, 0x07, 0xE1, 0xE5, 0x21, 0x3F, 0xFF, 0xE5, 0x21, 0xFF, 0xFC, 0xE5, 0x21, 0xFF, 0x83, 0xE5, 0x31, 0xC0, 0x50, 0x21, 0xF0, 0x7F, 0xE5, 0x21, 0xF0, 0xFF, 0xE5, 0x21, 0x0F, 0xFF, 0xE5, 0x21, 
	/* 0x1E60 */	0xE1, 0xFE, 0xE5, 0x21, 0x87, 0xFF, 0xE5, 0x21, 0xFE, 0x1F, 0xE5, 0x21, 0xFF, 0x0F, 0xE5, 0x21, 0xFF, 0xF0, 0xE5, 0x31, 0xB0, 0x51, 0x21, 0xE1, 0xFF, 0xE5, 0x21, 0xFC, 0x3F, 0xE5, 0x21, 0x30, 
	/* 0x1E80 */	0xFF, 0xE5, 0x21, 0xFF, 0xF8, 0xE5, 0x21, 0x07, 0xE1, 0xE5, 0x21, 0x3F, 0xFF, 0xE5, 0x21, 0xFF, 0xFC, 0xE5, 0x21, 0xFF, 0xC1, 0xE5, 0x31, 0xC0, 0x51, 0x21, 0xE0, 0xFF, 0xE5, 0x21, 0xF0, 0xFF, 
	/* 0x1EA0 */	0xE5, 0x21, 0x07, 0xFF, 0xE5, 0x21, 0xE0, 0xFF, 0xE5, 0x21, 0x87, 0xFF, 0xE5, 0x21, 0xFE, 0x1F, 0xE5, 0x21, 0xFF, 0x0F, 0xE5, 0x21, 0xFF, 0xF0, 0xE5, 0x31, 0xB0, 0x52, 0x21, 0xE1, 0xFF, 0xE5, 
	/* 0x1EC0 */	0x21, 0xFC, 0x3F, 0xE5, 0x21, 0x30, 0xFF, 0xE5, 0x21, 0xFF, 0xFC, 0xE5, 0x21, 0x07, 0xE1, 0xE5, 0x21, 0x3F, 0xFF, 0xE5, 0x21, 0xFF, 0xFC, 0xE5, 0x21, 0xFF, 0xE0, 0xE5, 0x31, 0xC0, 0x52, 0x21, 
	/* 0x1EE0 */	0xC1, 0xFF, 0xE5, 0x21, 0xF0, 0xFF, 0xE5, 0x21, 0x83, 0xFF, 0xE5, 0x21, 0xF0, 0xFF, 0xE5, 0x21, 0x87, 0xFF, 0xE5, 0x21, 0xFE, 0x1F, 0xE5, 0x21, 0xFF, 0x0F, 0xE5, 0x21, 0xFF, 0xF0, 0xE5, 0x31, 
	/* 0x1F00 */	0xA0, 0x00, 0xF1, 0x08, 0xF1, 0x01, 0x38, 0x30, 0x11, 0x3E, 0x30, 0x21, 0x70, 0x70, 0xDD, 0x21, 0x38, 0x38, 0xFD, 0x21, 0x38, 0x78, 0xD9, 0x01, 0x78, 0x30, 0x11, 0x30, 0x38, 0x21, 0x38, 0x38, 
	/* 0x1F20 */	0x31, 0xF0, 0x59, 0x22, 0xE0, 0x59, 0x21, 0x38, 0x38, 0x22, 0xE2, 0x59, 0x21, 0x38, 0x30, 0xE5, 0xD5, 0xC5, 0xF5, 0xD9, 0x08, 0xFD, 0xE5, 0xDD, 0xE5, 0x31, 0xF8, 0x59, 0xE5, 0xD5, 0xC5, 0xF5, 
	/* 0x1F40 */	0x01, 0x78, 0x38, 0x11, 0x38, 0x38, 0x21, 0x38, 0x38, 0x31, 0xFE, 0x59, 0xE5, 0xD5, 0xC5, 0x21, 0x38, 0x38, 0x22, 0xFE, 0x59, 0x00, 0x00, 0x00, 0x31, 0xB0, 0x53, 0x21, 0xE1, 0xFF, 0xE5, 0x21, 
	/* 0x1F60 */	0xFC, 0x3F, 0xE5, 0x21, 0x30, 0xFF, 0xE5, 0x21, 0xFF, 0xFC, 0xE5, 0x21, 0x07, 0xE1, 0xE5, 0x21, 0x3F, 0xFF, 0xE5, 0x21, 0x7F, 0xFC, 0xE5, 0x21, 0xFF, 0xE0, 0xE5, 0x31, 0xC0, 0x53, 0x21, 0x81, 
	/* 0x1F80 */	0xFF, 0xE5, 0x21, 0xF0, 0xFF, 0xE5, 0x21, 0x81, 0xFF, 0xE5, 0x21, 0xF0, 0xFF, 0xE5, 0x21, 0x87, 0xFF, 0xE5, 0x21, 0xFE, 0x1F, 0xE5, 0x21, 0xFF, 0x07, 0xE5, 0x21, 0xFF, 0xF0, 0xE5, 0x31, 0xB0, 
	/* 0x1FA0 */	0x54, 0x21, 0xE1, 0xFF, 0xE5, 0x21, 0xFC, 0x3F, 0xE5, 0x21, 0x30, 0xFF, 0xE5, 0x21, 0xFF, 0xF8, 0xE5, 0x21, 0x07, 0xE1, 0xE5, 0x21, 0x3F, 0xFF, 0xE5, 0x21, 0x3F, 0xFC, 0xE5, 0x21, 0xFF, 0xF0, 
	/* 0x1FC0 */	0xE5, 0x31, 0xC0, 0x54, 0x21, 0x03, 0xFF, 0xE5, 0x21, 0xF0, 0xFF, 0xE5, 0x21, 0xC0, 0xFF, 0xE5, 0x21, 0xE0, 0xFF, 0xE5, 0x21, 0x87, 0xFF, 0xE5, 0x21, 0xFC, 0x1F, 0xE5, 0x21, 0xFF, 0x87, 0xE5, 
	/* 0x1FE0 */	0x21, 0xFF, 0xF0, 0xE5, 0x31, 0xB0, 0x55, 0x21, 0xE1, 0xFF, 0xE5, 0x21, 0xFC, 0x3F, 0xE5, 0x21, 0x70, 0xFF, 0xE5, 0x21, 0xFF, 0xF8, 0xE5, 0x21, 0x07, 0xE1, 0xE5, 0x21, 0x3F, 0xFF, 0xE5, 0x21, 
	/* 0x2000 */	0x0F, 0xFC, 0xE5, 0x21, 0xFF, 0xF8, 0xE5, 0x31, 0xC0, 0x55, 0x21, 0x07, 0xFF, 0xE5, 0x21, 0xF0, 0xFC, 0xE5, 0x21, 0xE0, 0x3F, 0xE5, 0x21, 0xE1, 0xFF, 0xE5, 0x21, 0x87, 0xFF, 0xE5, 0x21, 0xFC, 
	/* 0x2020 */	0x3F, 0xE5, 0x21, 0xFF, 0x83, 0xE5, 0x21, 0xFF, 0xF0, 0xE5, 0x31, 0xA4, 0x00, 0xF1, 0x08, 0xF1, 0x01, 0x38, 0x30, 0x11, 0x3E, 0x30, 0x21, 0x70, 0x7E, 0xDD, 0x21, 0x38, 0x38, 0xFD, 0x21, 0x38, 
	/* 0x2040 */	0x78, 0xD9, 0x01, 0x78, 0x30, 0x11, 0x30, 0x38, 0x21, 0x38, 0x38, 0x31, 0x10, 0x5A, 0x22, 0x00, 0x5A, 0x21, 0x38, 0x38, 0x22, 0x02, 0x5A, 0x21, 0x38, 0x30, 0xE5, 0xD5, 0xC5, 0xF5, 0xD9, 0x08, 
	/* 0x2060 */	0xFD, 0xE5, 0xDD, 0xE5, 0x31, 0x18, 0x5A, 0xE5, 0xD5, 0xC5, 0xF5, 0x01, 0x78, 0x38, 0x11, 0x38, 0x38, 0x21, 0x38, 0x38, 0x31, 0x1E, 0x5A, 0xE5, 0xD5, 0xC5, 0x21, 0x38, 0x38, 0x22, 0x1E, 0x5A, 
	/* 0x2080 */	0x00, 0x00, 0x00, 0x31, 0xB0, 0x56, 0x21, 0xE1, 0xFF, 0xE5, 0x21, 0xFC, 0x3F, 0xE5, 0x21, 0x70, 0xFF, 0xE5, 0x21, 0xFF, 0xF8, 0xE5, 0x21, 0x07, 0xE1, 0xE5, 0x21, 0x3F, 0xFF, 0xE5, 0x21, 0x01, 
	/* 0x20A0 */	0xFC, 0xE5, 0x21, 0xFF, 0xFE, 0xE5, 0x31, 0xC0, 0x56, 0x21, 0x1F, 0xFF, 0xE5, 0x21, 0xF0, 0xE0, 0xE5, 0x21, 0xF8, 0x07, 0xE5, 0x21, 0xE1, 0xFF, 0xE5, 0x21, 0x87, 0xFF, 0xE5, 0x21, 0xF0, 0x3F, 
	/* 0x20C0 */	0xE5, 0x21, 0xFF, 0x81, 0xE5, 0x21, 0xFF, 0xF0, 0xE5, 0x31, 0xB0, 0x57, 0x21, 0xE1, 0xFF, 0xE5, 0x21, 0xFC, 0x3F, 0xE5, 0x21, 0x70, 0xFF, 0xE5, 0x21, 0xFF, 0xF8, 0xE5, 0x21, 0x07, 0xE1, 0xE5, 
	/* 0x20E0 */	0x21, 0x3F, 0xFF, 0xE5, 0x21, 0x00, 0x0C, 0xE5, 0x21, 0xFF, 0xFF, 0xE5, 0x31, 0xC0, 0x57, 0x21, 0x3F, 0xFF, 0xE5, 0x21, 0x30, 0x00, 0xE5, 0x21, 0xFC, 0x00, 0xE5, 0x21, 0xE1, 0xFF, 0xE5, 0x21, 
	/* 0x2100 */	0x87, 0xFF, 0xE5, 0x21, 0x00, 0x7F, 0xE5, 0x21, 0xFF, 0xC0, 0xE5, 0x21, 0xFF, 0xF0, 0xE5, 0x31, 0xD0, 0x50, 0x21, 0xE1, 0xFF, 0xE5, 0x21, 0xFC, 0x3F, 0xE5, 0x21, 0x70, 0xFF, 0xE5, 0x21, 0xFF, 
	/* 0x2120 */	0xF0, 0xE5, 0x21, 0x07, 0xE1, 0xE5, 0x21, 0x3F, 0xFF, 0xE5, 0x21, 0xC0, 0x0C, 0xE5, 0x21, 0xFF, 0xFF, 0xE5, 0x31, 0xE0, 0x50, 0x21, 0xFF, 0xFF, 0xE5, 0x21, 0x30, 0x00, 0xE5, 0x21, 0xFF, 0x00, 
	/* 0x2140 */	0xE5, 0x21, 0xC1, 0xFF, 0xE5, 0x21, 0x87, 0xFF, 0xE5, 0x21, 0x00, 0xFF, 0xE5, 0x21, 0xFF, 0xE0, 0xE5, 0x21, 0xFF, 0xF0, 0xE5, 0x31, 0xA8, 0x00, 0xF1, 0x08, 0xF1, 0x01, 0x38, 0x38, 0x11, 0x38, 
	/* 0x2160 */	0x38, 0x21, 0x38, 0x38, 0xDD, 0x21, 0x38, 0x38, 0xFD, 0x21, 0x38, 0x38, 0xD9, 0x01, 0x38, 0x38, 0x11, 0x38, 0x38, 0x21, 0x38, 0x38, 0x31, 0x30, 0x5A, 0x22, 0x20, 0x5A, 0x21, 0x38, 0x38, 0x22, 
	/* 0x2180 */	0x22, 0x5A, 0x21, 0x38, 0x38, 0xE5, 0xD5, 0xC5, 0xF5, 0xD9, 0x08, 0xFD, 0xE5, 0xDD, 0xE5, 0x31, 0x38, 0x5A, 0xE5, 0xD5, 0xC5, 0xF5, 0x01, 0x38, 0x38, 0x11, 0x38, 0x38, 0x21, 0x38, 0x38, 0x31, 
	/* 0x21A0 */	0x3E, 0x5A, 0xE5, 0xD5, 0xC5, 0x21, 0x38, 0x38, 0x22, 0x3E, 0x5A, 0x00, 0x00, 0x00, 0x31, 0xD0, 0x51, 0x21, 0xE1, 0xFF, 0xE5, 0x21, 0xFC, 0x3F, 0xE5, 0x21, 0xF0, 0xFF, 0xE5, 0x21, 0xFF, 0xF0, 
	/* 0x21C0 */	0xE5, 0x21, 0x07, 0xE1, 0xE5, 0x21, 0x3F, 0xFF, 0xE5, 0x21, 0xF0, 0x0C, 0xE5, 0x21, 0xFF, 0xFF, 0xE5, 0x31, 0xE0, 0x51, 0x21, 0xFF, 0xFF, 0xE5, 0x21, 0x30, 0x03, 0xE5, 0x21, 0xFF, 0xC0, 0xE5, 
	/* 0x21E0 */	0x21, 0xC3, 0xFF, 0xE5, 0x21, 0x87, 0xFF, 0xE5, 0x21, 0x01, 0xFF, 0xE5, 0x21, 0xFF, 0xF0, 0xE5, 0x21, 0xFF, 0xF0, 0xE5, 0x31, 0xD0, 0x52, 0x21, 0xE1, 0xFF, 0xE5, 0x21, 0xFC, 0x3F, 0xE5, 0x21, 
	/* 0x2200 */	0xF0, 0xFF, 0xE5, 0x21, 0xFF, 0xE0, 0xE5, 0x21, 0x07, 0xE1, 0xE5, 0x21, 0x3F, 0xFF, 0xE5, 0x21, 0xFE, 0x0C, 0xE5, 0x21, 0xFF, 0xFF, 0xE5, 0x31, 0xE0, 0x52, 0x21, 0xFF, 0xFF, 0xE5, 0x21, 0x30, 
	/* 0x2220 */	0x1F, 0xE5, 0x21, 0xFF, 0xF8, 0xE5, 0x21, 0x83, 0xFF, 0xE5, 0x21, 0x87, 0xFF, 0xE5, 0x21, 0x07, 0xFF, 0xE5, 0x21, 0xFF, 0xFE, 0xE5, 0x21, 0xFF, 0xF0, 0xE5, 0x31, 0xD0, 0x53, 0x21, 0xFF, 0xFF, 
	/* 0x2240 */	0xE5, 0x21, 0xFF, 0xFF, 0xE5, 0x21, 0xFF, 0xFF, 0xE5, 0x21, 0xFF, 0xFF, 0xE5, 0x21, 0xFF, 0xFF, 0xE5, 0x21, 0xFF, 0xFF, 0xE5, 0x21, 0xFF, 0xFF, 0xE5, 0x21, 0xFF, 0xFF, 0xE5, 0x31, 0xE0, 0x53, 
	/* 0x2260 */	0x21, 0xFF, 0xFF, 0xE5, 0x21, 0xFF, 0xFF, 0xE5, 0x21, 0xFF, 0xFF, 0xE5, 0x21, 0xFF, 0xFF, 0xE5, 0x21, 0xFF, 0xFF, 0xE5, 0x21, 0xFF, 0xFF, 0xE5, 0x21, 0xFF, 0xFF, 0xE5, 0x21, 0xFF, 0xFF, 0xE5, 
	/* 0x2280 */	0x31, 0xAC, 0x00, 0xF1, 0x08, 0xF1, 0x01, 0x78, 0x78, 0x11, 0x78, 0x78, 0x21, 0x78, 0x78, 0xDD, 0x21, 0x78, 0x78, 0xFD, 0x21, 0x78, 0x78, 0xD9, 0x01, 0x38, 0x78, 0x11, 0x78, 0x78, 0x21, 0x38, 
	/* 0x22A0 */	0x38, 0x31, 0x50, 0x5A, 0x22, 0x40, 0x5A, 0x21, 0x38, 0x78, 0x22, 0x42, 0x5A, 0x21, 0x78, 0x78, 0xE5, 0xD5, 0xC5, 0xF5, 0xD9, 0x08, 0xFD, 0xE5, 0xDD, 0xE5, 0x31, 0x58, 0x5A, 0xE5, 0xD5, 0xC5, 
	/* 0x22C0 */	0xF5, 0x01, 0x38, 0x38, 0x11, 0x78, 0x78, 0x21, 0x78, 0x78, 0x31, 0x5E, 0x5A, 0xE5, 0xD5, 0xC5, 0x21, 0x38, 0x38, 0x22, 0x5E, 0x5A, 0x00, 0x00, 0x00, 0x31, 0xD0, 0x54, 0x21, 0xFF, 0xFF, 0xE5, 
	/* 0x22E0 */	0x21, 0xFF, 0xFF, 0xE5, 0x21, 0xFF, 0xFF, 0xE5, 0x21, 0xFF, 0xFF, 0xE5, 0x21, 0xFF, 0xFF, 0xE5, 0x21, 0xFF, 0xFF, 0xE5, 0x21, 0xFF, 0xFF, 0xE5, 0x21, 0xFF, 0xFF, 0xE5, 0x31, 0xE0, 0x54, 0x21, 
	/* 0x2300 */	0xFF, 0xFF, 0xE5, 0x21, 0xFF, 0xFF, 0xE5, 0x21, 0xFF, 0xFF, 0xE5, 0x21, 0xFF, 0xFF, 0xE5, 0x21, 0xFF, 0xFF, 0xE5, 0x21, 0xFF, 0xFF, 0xE5, 0x21, 0xFF, 0xFF, 0xE5, 0x21, 0xFF, 0xFF, 0xE5, 0x31, 
	/* 0x2320 */	0xD0, 0x55, 0x21, 0xFF, 0xFF, 0xE5, 0x21, 0xFF, 0xFF, 0xE5, 0x21, 0xFF, 0xFF, 0xE5, 0x21, 0xFF, 0xFF, 0xE5, 0x21, 0xFF, 0xFF, 0xE5, 0x21, 0xFF, 0xFF, 0xE5, 0x21, 0xFF, 0xFF, 0xE5, 0x21, 0xFF, 
	/* 0x2340 */	0xFF, 0xE5, 0x31, 0xE0, 0x55, 0x21, 0xFF, 0xFF, 0xE5, 0x21, 0xFF, 0xFF, 0xE5, 0x21, 0xFF, 0xFF, 0xE5, 0x21, 0xFF, 0xFF, 0xE5, 0x21, 0xFF, 0xFF, 0xE5, 0x21, 0xFF, 0xFF, 0xE5, 0x21, 0xFF, 0xFF, 
	/* 0x2360 */	0xE5, 0x21, 0xFF, 0xFF, 0xE5, 0x31, 0xD0, 0x56, 0x21, 0x00, 0x00, 0xE5, 0x21, 0x00, 0x00, 0xE5, 0x21, 0x00, 0x00, 0xE5, 0x21, 0x00, 0x00, 0xE5, 0x21, 0x00, 0x00, 0xE5, 0x21, 0x00, 0x00, 0xE5, 
	/* 0x2380 */	0x21, 0x00, 0x00, 0xE5, 0x21, 0x00, 0x00, 0xE5, 0x31, 0xE0, 0x56, 0x21, 0x00, 0x00, 0xE5, 0x21, 0x00, 0x00, 0xE5, 0x21, 0x00, 0x00, 0xE5, 0x21, 0x00, 0x00, 0xE5, 0x21, 0x00, 0x00, 0xE5, 0x21, 
	/* 0x23A0 */	0x00, 0x00, 0xE5, 0x21, 0x00, 0x00, 0xE5, 0x21, 0x00, 0x00, 0xE5, 0x31, 0xB0, 0x00, 0xF1, 0x08, 0xF1, 0x01, 0x38, 0x78, 0x11, 0x78, 0x78, 0x21, 0x78, 0x78, 0xDD, 0x21, 0x78, 0x78, 0xFD, 0x21, 
	/* 0x23C0 */	0x78, 0x78, 0xD9, 0x01, 0x78, 0x78, 0x11, 0x78, 0x78, 0x21, 0x38, 0x38, 0x31, 0x70, 0x5A, 0x22, 0x60, 0x5A, 0x21, 0x78, 0x78, 0x22, 0x62, 0x5A, 0x21, 0x78, 0x78, 0xE5, 0xD5, 0xC5, 0xF5, 0xD9, 
	/* 0x23E0 */	0x08, 0xFD, 0xE5, 0xDD, 0xE5, 0x31, 0x78, 0x5A, 0xE5, 0xD5, 0xC5, 0xF5, 0x01, 0x78, 0x78, 0x11, 0x78, 0x78, 0x21, 0x78, 0x38, 0x31, 0x7E, 0x5A, 0xE5, 0xD5, 0xC5, 0x21, 0x38, 0x38, 0x22, 0x7E, 
	/* 0x2400 */	0x5A, 0x00, 0x00, 0x00, 0x31, 0xD0, 0x57, 0x21, 0x00, 0x00, 0xE5, 0x21, 0x00, 0x00, 0xE5, 0x21, 0x00, 0x00, 0xE5, 0x21, 0x00, 0x00, 0xE5, 0x21, 0x00, 0x00, 0xE5, 0x21, 0x00, 0x00, 0xE5, 0x21, 
	/* 0x2420 */	0x00, 0x00, 0xE5, 0x21, 0x00, 0x00, 0xE5, 0x31, 0xE0, 0x57, 0x21, 0x00, 0x00, 0xE5, 0x21, 0x00, 0x00, 0xE5, 0x21, 0x00, 0x00, 0xE5, 0x21, 0x00, 0x00, 0xE5, 0x21, 0x00, 0x00, 0xE5, 0x21, 0x00, 
	/* 0x2440 */	0x00, 0xE5, 0x21, 0x00, 0x00, 0xE5, 0x21, 0x00, 0x00, 0xE5, 0x31, 0xF0, 0x50, 0x21, 0xFF, 0xE0, 0xE5, 0x21, 0xC0, 0x03, 0xE5, 0x21, 0x07, 0xFF, 0xE5, 0x21, 0xFF, 0x00, 0xE5, 0x21, 0x00, 0x3F, 
	/* 0x2460 */	0xE5, 0x21, 0x3F, 0xFF, 0xE5, 0x21, 0xFF, 0xE0, 0xE5, 0x21, 0x80, 0x5F, 0xE5, 0x31, 0x00, 0x51, 0x21, 0xFF, 0xF0, 0xE5, 0x21, 0x80, 0xFF, 0xE5, 0x21, 0x1F, 0xFF, 0xE5, 0x21, 0xFF, 0x80, 0xE5, 
	/* 0x2480 */	0x21, 0x00, 0x1F, 0xE5, 0x21, 0x7F, 0xFC, 0xE5, 0x21, 0xFF, 0x80, 0xE5, 0x21, 0x07, 0xFF, 0xE5, 0x31, 0xF0, 0x51, 0x21, 0xFF, 0xE0, 0xE5, 0x21, 0x80, 0x07, 0xE5, 0x21, 0x1F, 0xFF, 0xE5, 0x21, 
	/* 0x24A0 */	0xFC, 0x00, 0xE5, 0x21, 0x01, 0xFF, 0xE5, 0x21, 0xFF, 0xF8, 0xE5, 0x21, 0xFE, 0x81, 0xE5, 0x21, 0x03, 0xFF, 0xE5, 0x31, 0x00, 0x52, 0x21, 0xFF, 0xFF, 0xE5, 0x21, 0xF0, 0x1F, 0xE5, 0x21, 0x07, 
	/* 0x24C0 */	0xFF, 0xE5, 0x21, 0xFF, 0xF0, 0xE5, 0x21, 0x00, 0x07, 0xE5, 0x21, 0x3F, 0xFE, 0xE5, 0x21, 0xFF, 0x80, 0xE5, 0x21, 0x07, 0xFF, 0xE5, 0x31, 0xB4, 0x00, 0xF1, 0x08, 0xF1, 0x01, 0x38, 0x78, 0x11, 
	/* 0x24E0 */	0x78, 0x78, 0x21, 0x78, 0x78, 0xDD, 0x21, 0x78, 0x38, 0xFD, 0x21, 0x78, 0x78, 0xD9, 0x01, 0x78, 0x78, 0x11, 0x78, 0x78, 0x21, 0x38, 0x38, 0x31, 0x90, 0x5A, 0x22, 0x80, 0x5A, 0x21, 0x78, 0x78, 
	/* 0x2500 */	0x22, 0x82, 0x5A, 0x21, 0x78, 0x78, 0xE5, 0xD5, 0xC5, 0xF5, 0xD9, 0x08, 0xFD, 0xE5, 0xDD, 0xE5, 0x31, 0x98, 0x5A, 0xE5, 0xD5, 0xC5, 0xF5, 0x01, 0x78, 0x78, 0x11, 0x78, 0x78, 0x21, 0x78, 0x38, 
	/* 0x2520 */	0x31, 0x9E, 0x5A, 0xE5, 0xD5, 0xC5, 0x21, 0x38, 0x38, 0x22, 0x9E, 0x5A, 0x00, 0x00, 0x00, 0x31, 0xF0, 0x52, 0x21, 0xFF, 0xE0, 0xE5, 0x21, 0x00, 0x0F, 0xE5, 0x21, 0x3F, 0xFF, 0xE5, 0x21, 0xF0, 
	/* 0x2540 */	0x00, 0xE5, 0x21, 0x07, 0xFF, 0xE5, 0x21, 0xFF, 0xE0, 0xE5, 0x21, 0xF8, 0x0F, 0xE5, 0x21, 0x1F, 0xFF, 0xE5, 0x31, 0x00, 0x53, 0x21, 0xFF, 0xFF, 0xE5, 0x21, 0xF8, 0x07, 0xE5, 0x21, 0x01, 0xFF, 
	/* 0x2560 */	0xE5, 0x21, 0xFF, 0xFC, 0xE5, 0x21, 0x80, 0x01, 0xE5, 0x21, 0x1F, 0xFF, 0xE5, 0x21, 0xFF, 0x00, 0xE5, 0x21, 0x03, 0xFF, 0xE5, 0x31, 0xF0, 0x53, 0x21, 0xFF, 0xE0, 0xE5, 0x21, 0x00, 0x1F, 0xE5, 
	/* 0x2580 */	0x21, 0xFF, 0xFE, 0xE5, 0x21, 0xC0, 0x00, 0xE5, 0x21, 0x3F, 0xFF, 0xE5, 0x21, 0xFF, 0x80, 0xE5, 0x21, 0xF0, 0x3F, 0xE5, 0x21, 0xFF, 0xFF, 0xE5, 0x31, 0x00, 0x54, 0x21, 0x7F, 0xFF, 0xE5, 0x21, 
	/* 0x25A0 */	0xFF, 0x00, 0xE5, 0x21, 0x80, 0x3F, 0xE5, 0x21, 0x7F, 0xFF, 0xE5, 0x21, 0xC0, 0x00, 0xE5, 0x21, 0x0F, 0xFF, 0xE5, 0x21, 0xFF, 0x00, 0xE5, 0x21, 0x03, 0xFF, 0xE5, 0x31, 0xF0, 0x54, 0x21, 0xFF, 
	/* 0x25C0 */	0xE0, 0xE5, 0x21, 0x00, 0x1F, 0xE5, 0x21, 0xFF, 0xFC, 0xE5, 0x21, 0x00, 0x03, 0xE5, 0x21, 0xFF, 0xFF, 0xE5, 0x21, 0xFE, 0x00, 0xE5, 0x21, 0xC0, 0xFF, 0xE5, 0x21, 0xFF, 0xFF, 0xE5, 0x31, 0x00, 
	/* 0x25E0 */	0x55, 0x21, 0x1F, 0xFF, 0xE5, 0x21, 0xFF, 0xE0, 0xE5, 0x21, 0xE0, 0x0F, 0xE5, 0x21, 0x1F, 0xFF, 0xE5, 0x21, 0xF0, 0x00, 0xE5, 0x21, 0x07, 0xFF, 0xE5, 0x21, 0xFF, 0x00, 0xE5, 0x21, 0x03, 0xFF, 
	/* 0x2600 */	0xE5, 0x31, 0xB8, 0x00, 0xF1, 0x08, 0xF1, 0x01, 0x38, 0x78, 0x11, 0x78, 0x78, 0x21, 0x78, 0x38, 0xDD, 0x21, 0x78, 0x38, 0xFD, 0x21, 0x78, 0x78, 0xD9, 0x01, 0x78, 0x38, 0x11, 0x78, 0x78, 0x21, 
	/* 0x2620 */	0x38, 0x38, 0x31, 0xB0, 0x5A, 0x22, 0xA0, 0x5A, 0x21, 0x38, 0x78, 0x22, 0xA2, 0x5A, 0x21, 0x78, 0x38, 0xE5, 0xD5, 0xC5, 0xF5, 0xD9, 0x08, 0xFD, 0xE5, 0xDD, 0xE5, 0x31, 0xB8, 0x5A, 0xE5, 0xD5, 
	/* 0x2640 */	0xC5, 0xF5, 0x01, 0x78, 0x78, 0x11, 0x78, 0x78, 0x21, 0x78, 0x78, 0x31, 0xBE, 0x5A, 0xE5, 0xD5, 0xC5, 0x21, 0x38, 0x38, 0x22, 0xBE, 0x5A, 0x00, 0x00, 0x00, 0x31, 0xF0, 0x55, 0x21, 0xFF, 0xC0, 
	/* 0x2660 */	0xE5, 0x21, 0x00, 0x3F, 0xE5, 0x21, 0xFF, 0xF8, 0xE5, 0x21, 0x00, 0x07, 0xE5, 0x21, 0xFF, 0xFC, 0xE5, 0x21, 0xFC, 0x07, 0xE5, 0x21, 0x03, 0xFF, 0xE5, 0x21, 0xFF, 0xFF, 0xE5, 0x31, 0x00, 0x56, 
	/* 0x2680 */	0x21, 0x07, 0xFF, 0xE5, 0x21, 0xFF, 0xF8, 0xE5, 0x21, 0xFC, 0x03, 0xE5, 0x21, 0x07, 0xFF, 0xE5, 0x21, 0xFC, 0x00, 0xE5, 0x21, 0x03, 0xFF, 0xE5, 0x21, 0xFF, 0x80, 0xE5, 0x21, 0x01, 0xFF, 0xE5, 
	/* 0x26A0 */	0x31, 0xF0, 0x56, 0x21, 0xFF, 0xC0, 0xE5, 0x21, 0x00, 0x7F, 0xE5, 0x21, 0xFF, 0xF0, 0xE5, 0x21, 0x00, 0x1F, 0xE5, 0x21, 0xFF, 0xF0, 0xE5, 0x21, 0xF0, 0x1F, 0xE5, 0x21, 0x0F, 0xFF, 0xE5, 0x21, 
	/* 0x26C0 */	0xFF, 0xF8, 0xE5, 0x31, 0x00, 0x57, 0x21, 0x00, 0xFF, 0xE5, 0x21, 0xFF, 0xFE, 0xE5, 0x21, 0xFF, 0x00, 0xE5, 0x21, 0x01, 0xFF, 0xE5, 0x21, 0xFE, 0x00, 0xE5, 0x21, 0x01, 0xFF, 0xE5, 0x21, 0xFF, 
	/* 0x26E0 */	0x80, 0xE5, 0x21, 0x01, 0xFF, 0xE5, 0x31, 0xF0, 0x57, 0x21, 0xFF, 0xC0, 0xE5, 0x21, 0x00, 0x7F, 0xE5, 0x21, 0xFF, 0xE0, 0xE5, 0x21, 0x00, 0x3F, 0xE5, 0x21, 0xFF, 0xC0, 0xE5, 0x21, 0xC0, 0xFF, 
	/* 0x2700 */	0xE5, 0x21, 0x3F, 0xFF, 0xE5, 0x21, 0xFF, 0xE0, 0xE5, 0x31, 0x00, 0x58, 0x21, 0x80, 0x3F, 0xE5, 0x21, 0x3F, 0xFF, 0xE5, 0x21, 0xFF, 0xC0, 0xE5, 0x21, 0x00, 0xFF, 0xE5, 0x21, 0xFF, 0x80, 0xE5, 
	/* 0x2720 */	0x21, 0x00, 0xFF, 0xE5, 0x21, 0xFF, 0xC0, 0xE5, 0x21, 0x01, 0xFF, 0xE5, 0x31, 0xBC, 0x00, 0xF1, 0x08, 0xF1, 0x01, 0x38, 0x38, 0x11, 0x38, 0x38, 0x21, 0x38, 0x38, 0xDD, 0x21, 0x38, 0x38, 0xFD, 
	/* 0x2740 */	0x21, 0x38, 0x38, 0xD9, 0x01, 0x38, 0x38, 0x11, 0x38, 0x38, 0x21, 0x38, 0x38, 0x31, 0xD0, 0x5A, 0x22, 0xC0, 0x5A, 0x21, 0x38, 0x38, 0x22, 0xC2, 0x5A, 0x21, 0x38, 0x38, 0xE5, 0xD5, 0xC5, 0xF5, 
	/* 0x2760 */	0xD9, 0x08, 0xFD, 0xE5, 0xDD, 0xE5, 0x31, 0xD8, 0x5A, 0xE5, 0xD5, 0xC5, 0xF5, 0x01, 0x38, 0x38, 0x11, 0x38, 0x78, 0x21, 0x38, 0x38, 0x31, 0xDE, 0x5A, 0xE5, 0xD5, 0xC5, 0x21, 0x38, 0x38, 0x22, 
	/* 0x2780 */	0xDE, 0x5A, 0x00, 0x00, 0x00, 0x21, 0xFF, 0x3F, 0x56, 0x01, 0xFE, 0xFE, 0xED, 0x68, 0x56, 0x06, 0xFD, 0xED, 0x68, 0x56, 0x06, 0xFB, 0xED, 0x68, 0x56, 0x06, 0xF7, 0xED, 0x68, 0x56, 0x06, 0xEF, 
	/* 0x27A0 */	0xED, 0x68, 0x56, 0x06, 0xDF, 0xED, 0x68, 0x56, 0x06, 0xBF, 0xED, 0x68, 0x56, 0x06, 0x7F, 0xED, 0x68, 0x56, 0x06, 0x24, 0x00, 0x00, 0x00, 0x00, 0x10, 0xFA, 0x00, 0x31, 0xC0, 0x00, 0xF1, 0x08, 
	/* 0x27C0 */	0xF1, 0x01, 0x38, 0x78, 0x11, 0x78, 0x78, 0x21, 0x78, 0x78, 0xDD, 0x21, 0x78, 0x78, 0xFD, 0x21, 0x78, 0x78, 0xD9, 0x01, 0x78, 0x78, 0x11, 0x78, 0x78, 0x21, 0x78, 0x78, 0x31, 0xF0, 0x5A, 0x22, 
	/* 0x27E0 */	0xE0, 0x5A, 0x21, 0x78, 0x78, 0x22, 0xE2, 0x5A, 0x21, 0x38, 0x78, 0xE5, 0xD5, 0xC5, 0xF5, 0xD9, 0x08, 0xFD, 0xE5, 0xDD, 0xE5, 0x31, 0xF8, 0x5A, 0xE5, 0xD5, 0xC5, 0xF5, 0x01, 0x78, 0x78, 0x11, 
	/* 0x2800 */	0x78, 0x78, 0x21, 0x78, 0x78, 0x31, 0xFE, 0x5A, 0xE5, 0xD5, 0xC5, 0x21, 0x78, 0x78, 0x22, 0xFE, 0x5A, 0x01, 0xFE, 0x00, 0x11, 0x10, 0x00, 0xED, 0x51, 0xED, 0x51, 0xED, 0x51, 0xED, 0x51, 0xED, 
	/* 0x2820 */	0x51, 0xED, 0x51, 0xED, 0x51, 0xED, 0x51, 0xED, 0x51, 0xED, 0x51, 0xED, 0x51, 0xED, 0x51, 0xED, 0x51, 0xED, 0x51, 0xED, 0x51, 0xED, 0x51, 0xED, 0x51, 0xED, 0x51, 0xED, 0x51, 0xED, 0x51, 0xED, 
	/* 0x2840 */	0x51, 0xED, 0x51, 0xED, 0x51, 0xED, 0x51, 0xED, 0x51, 0xED, 0x51, 0xED, 0x51, 0xED, 0x51, 0xED, 0x51, 0xED, 0x51, 0xED, 0x51, 0xED, 0x51, 0xED, 0x51, 0xED, 0x51, 0xED, 0x51, 0xED, 0x51, 0xED, 
	/* 0x2860 */	0x51, 0xED, 0x51, 0xED, 0x51, 0xED, 0x51, 0xED, 0x51, 0xED, 0x51, 0xED, 0x51, 0xED, 0x51, 0xED, 0x51, 0xED, 0x51, 0xED, 0x51, 0xED, 0x51, 0xED, 0x51, 0xED, 0x51, 0xED, 0x51, 0xED, 0x51, 0xED, 
	/* 0x2880 */	0x51, 0xED, 0x51, 0xED, 0x51, 0xED, 0x51, 0xED, 0x51, 0xED, 0x51, 0xED, 0x51, 0xED, 0x51, 0xED, 0x51, 0xED, 0x51, 0xED, 0x51, 0xED, 0x51, 0xED, 0x51, 0xED, 0x51, 0xED, 0x51, 0xED, 0x51, 0xED, 
	/* 0x28A0 */	0x51, 0xED, 0x51, 0xED, 0x51, 0xED, 0x51, 0xED, 0x51, 0xED, 0x51, 0xED, 0x51, 0xED, 0x51, 0xED, 0x51, 0xED, 0x51, 0xED, 0x51, 0xED, 0x51, 0xED, 0x51, 0xED, 0x51, 0xED, 0x51, 0xED, 0x51, 0xED, 
	/* 0x28C0 */	0x51, 0xED, 0x51, 0xED, 0x51, 0xED, 0x51, 0xED, 0x51, 0xED, 0x51, 0xED, 0x51, 0xED, 0x51, 0xED, 0x51, 0xED, 0x51, 0xED, 0x51, 0xED, 0x51, 0xED, 0x51, 0xED, 0x51, 0xED, 0x51, 0xED, 0x51, 0xED, 
	/* 0x28E0 */	0x51, 0xED, 0x51, 0xED, 0x51, 0xED, 0x51, 0xED, 0x51, 0xED, 0x51, 0xED, 0x51, 0xED, 0x51, 0xED, 0x51, 0xED, 0x51, 0xED, 0x51, 0xED, 0x51, 0xED, 0x51, 0xED, 0x51, 0xED, 0x51, 0xED, 0x51, 0xED, 
	/* 0x2900 */	0x51, 0xED, 0x51, 0xED, 0x51, 0xED, 0x51, 0xED, 0x51, 0xED, 0x51, 0xED, 0x51, 0xED, 0x51, 0xED, 0x51, 0xED, 0x51, 0xED, 0x51, 0xED, 0x51, 0xED, 0x51, 0xED, 0x51, 0xED, 0x51, 0xED, 0x51, 0xED, 
	/* 0x2920 */	0x51, 0xED, 0x51, 0xED, 0x51, 0xED, 0x51, 0xED, 0x51, 0xED, 0x51, 0xED, 0x51, 0xED, 0x51, 0xED, 0x51, 0xED, 0x51, 0xED, 0x51, 0xED, 0x51, 0xED, 0x51, 0xED, 0x51, 0xED, 0x51, 0xED, 0x51, 0xED, 
	/* 0x2940 */	0x51, 0xED, 0x51, 0xED, 0x51, 0xED, 0x51, 0xED, 0x51, 0xED, 0x51, 0xED, 0x51, 0xED, 0x51, 0xED, 0x51, 0xED, 0x51, 0xED, 0x51, 0xED, 0x51, 0xED, 0x51, 0xED, 0x51, 0xED, 0x51, 0xED, 0x51, 0xED, 
	/* 0x2960 */	0x51, 0xED, 0x51, 0xED, 0x51, 0xED, 0x51, 0xED, 0x51, 0xED, 0x51, 0xED, 0x51, 0xED, 0x51, 0xED, 0x51, 0xED, 0x51, 0xED, 0x51, 0xED, 0x51, 0xED, 0x51, 0xED, 0x51, 0xED, 0x51, 0xED, 0x51, 0xED, 
	/* 0x2980 */	0x51, 0xED, 0x51, 0xED, 0x51, 0xED, 0x51, 0xED, 0x51, 0xED, 0x51, 0xED, 0x51, 0xED, 0x51, 0xED, 0x51, 0xED, 0x51, 0xED, 0x51, 0xED, 0x51, 0xED, 0x51, 0xED, 0x51, 0xED, 0x51, 0xED, 0x51, 0xED, 
	/* 0x29A0 */	0x51, 0xED, 0x51, 0xED, 0x51, 0xED, 0x51, 0xED, 0x51, 0xED, 0x51, 0xED, 0x51, 0xED, 0x51, 0xED, 0x51, 0xED, 0x51, 0xED, 0x51, 0xED, 0x51, 0xED, 0x51, 0xED, 0x51, 0xED, 0x51, 0xED, 0x51, 0xED, 
	/* 0x29C0 */	0x51, 0xED, 0x51, 0xED, 0x51, 0xED, 0x51, 0xED, 0x51, 0xED, 0x51, 0xED, 0x51, 0xED, 0x51, 0xED, 0x51, 0xED, 0x51, 0xED, 0x51, 0xED, 0x51, 0xED, 0x51, 0xED, 0x51, 0xED, 0x51, 0xED, 0x51, 0xED, 
	/* 0x29E0 */	0x51, 0xED, 0x51, 0xED, 0x51, 0xED, 0x51, 0xED, 0x51, 0xED, 0x51, 0xED, 0x51, 0xED, 0x51, 0xED, 0x51, 0xED, 0x51, 0xED, 0x51, 0xED, 0x51, 0xED, 0x51, 0xED, 0x51, 0xED, 0x51, 0xED, 0x51, 0xED, 
	/* 0x2A00 */	0x51, 0xED, 0x51, 0xED, 0x51, 0xED, 0x51, 0xED, 0x51, 0xED, 0x51, 0xED, 0x51, 0xED, 0x51, 0xED, 0x51, 0xED, 0x51, 0xED, 0x51, 0xED, 0x51, 0xED, 0x51, 0xED, 0x51, 0xED, 0x51, 0xED, 0x51, 0xED, 
	/* 0x2A20 */	0x51, 0xED, 0x51, 0xED, 0x51, 0xED, 0x51, 0xED, 0x51, 0xED, 0x51, 0xED, 0x51, 0xED, 0x51, 0xED, 0x51, 0xED, 0x51, 0xED, 0x51, 0xED, 0x51, 0xED, 0x51, 0xED, 0x51, 0xED, 0x51, 0xED, 0x51, 0xED, 
	/* 0x2A40 */	0x51, 0xED, 0x51, 0xED, 0x51, 0xED, 0x51, 0xED, 0x51, 0xED, 0x51, 0xED, 0x51, 0xED, 0x51, 0xED, 0x51, 0xED, 0x51, 0xED, 0x51, 0xED, 0x51, 0xED, 0x51, 0xED, 0x51, 0xED, 0x51, 0xED, 0x51, 0xED, 
	/* 0x2A60 */	0x51, 0xED, 0x51, 0xED, 0x51, 0xED, 0x51, 0xED, 0x51, 0xED, 0x51, 0xED, 0x51, 0xED, 0x51, 0xED, 0x51, 0xED, 0x51, 0xED, 0x51, 0xED, 0x51, 0xED, 0x51, 0xED, 0x51, 0xED, 0x51, 0xED, 0x51, 0xED, 
	/* 0x2A80 */	0x51, 0xED, 0x51, 0xED, 0x51, 0xED, 0x51, 0xED, 0x51, 0xED, 0x51, 0xED, 0x51, 0xED, 0x51, 0xED, 0x51, 0xED, 0x51, 0xED, 0x51, 0xED, 0x51, 0xED, 0x51, 0xED, 0x51, 0xED, 0x51, 0xED, 0x51, 0xED, 
	/* 0x2AA0 */	0x51, 0xED, 0x51, 0xED, 0x51, 0xED, 0x51, 0xED, 0x51, 0xED, 0x51, 0xED, 0x51, 0xED, 0x51, 0xED, 0x51, 0xED, 0x51, 0xED, 0x51, 0xED, 0x51, 0xED, 0x51, 0xED, 0x51, 0xED, 0x51, 0xED, 0x51, 0xED, 
	/* 0x2AC0 */	0x51, 0xED, 0x51, 0xED, 0x51, 0xED, 0x51, 0xED, 0x51, 0xED, 0x51, 0xED, 0x51, 0xED, 0x51, 0xED, 0x51, 0xED, 0x51, 0xED, 0x51, 0xED, 0x51, 0xED, 0x51, 0xED, 0x51, 0xED, 0x51, 0xED, 0x51, 0xED, 
	/* 0x2AE0 */	0x51, 0xED, 0x51, 0xED, 0x51, 0xED, 0x51, 0xED, 0x51, 0xED, 0x51, 0xED, 0x51, 0xED, 0x51, 0xED, 0x51, 0xED, 0x51, 0xED, 0x51, 0xED, 0x51, 0xED, 0x51, 0xED, 0x51, 0xED, 0x51, 0xED, 0x51, 0xED, 
	/* 0x2B00 */	0x51, 0xED, 0x51, 0xED, 0x51, 0xED, 0x51, 0xED, 0x51, 0xED, 0x51, 0xED, 0x51, 0xED, 0x51, 0xED, 0x51, 0xED, 0x51, 0xED, 0x51, 0xED, 0x51, 0xED, 0x51, 0xED, 0x51, 0xED, 0x51, 0xED, 0x51, 0xED, 
	/* 0x2B20 */	0x51, 0xED, 0x51, 0xED, 0x51, 0xED, 0x51, 0xED, 0x51, 0xED, 0x51, 0xED, 0x51, 0xED, 0x51, 0xED, 0x51, 0xED, 0x51, 0xED, 0x51, 0xED, 0x51, 0xED, 0x51, 0xED, 0x51, 0xED, 0x51, 0xED, 0x51, 0xED, 
	/* 0x2B40 */	0x51, 0xED, 0x51, 0xED, 0x51, 0xED, 0x51, 0xED, 0x51, 0xED, 0x51, 0xED, 0x51, 0xED, 0x51, 0xED, 0x51, 0xED, 0x51, 0xED, 0x51, 0xED, 0x51, 0xED, 0x51, 0xED, 0x51, 0xED, 0x51, 0xED, 0x51, 0xED, 
	/* 0x2B60 */	0x51, 0xED, 0x51, 0xED, 0x51, 0xED, 0x51, 0xED, 0x51, 0xED, 0x51, 0xED, 0x51, 0xED, 0x51, 0xED, 0x51, 0xED, 0x51, 0xED, 0x51, 0xED, 0x51, 0xED, 0x51, 0xED, 0x51, 0xED, 0x51, 0xED, 0x51, 0xED, 
	/* 0x2B80 */	0x51, 0xED, 0x51, 0xED, 0x51, 0xED, 0x51, 0xED, 0x51, 0xED, 0x51, 0xED, 0x51, 0xED, 0x51, 0xED, 0x51, 0xED, 0x51, 0xED, 0x51, 0xED, 0x51, 0xED, 0x51, 0xED, 0x51, 0xED, 0x51, 0xED, 0x51, 0xED, 
	/* 0x2BA0 */	0x51, 0xED, 0x51, 0xED, 0x51, 0xED, 0x51, 0xED, 0x51, 0xED, 0x51, 0xED, 0x51, 0xED, 0x51, 0xED, 0x51, 0xED, 0x51, 0xED, 0x51, 0xED, 0x51, 0xED, 0x51, 0xED, 0x51, 0xED, 0x51, 0xED, 0x51, 0xED, 
	/* 0x2BC0 */	0x51, 0xED, 0x51, 0xED, 0x51, 0xED, 0x51, 0xED, 0x51, 0xED, 0x51, 0xED, 0x51, 0xED, 0x51, 0xED, 0x51, 0xED, 0x51, 0xED, 0x51, 0xED, 0x51, 0xED, 0x51, 0xED, 0x51, 0xED, 0x51, 0xED, 0x51, 0xED, 
	/* 0x2BE0 */	0x51, 0xED, 0x51, 0xED, 0x51, 0xED, 0x51, 0xED, 0x51, 0xED, 0x51, 0xED, 0x51, 0xED, 0x51, 0xED, 0x51, 0xED, 0x51, 0xED, 0x51, 0xED, 0x51, 0xED, 0x51, 0xED, 0x51, 0xED, 0x51, 0xED, 0x51, 0xED, 
	/* 0x2C00 */	0x51, 0xED, 0x51, 0xED, 0x51, 0xED, 0x51, 0xED, 0x51, 0xED, 0x51, 0xED, 0x51, 0xED, 0x51, 0xED, 0x51, 0xED, 0x51, 0xED, 0x51, 0xED, 0x51, 0xED, 0x51, 0xED, 0x51, 0xED, 0x51, 0xED, 0x51, 0xED, 
	/* 0x2C20 */	0x51, 0xED, 0x51, 0xED, 0x51, 0xED, 0x51, 0xED, 0x51, 0xED, 0x51, 0xED, 0x51, 0xED, 0x51, 0xED, 0x51, 0xED, 0x51, 0xED, 0x51, 0xED, 0x51, 0xED, 0x51, 0xED, 0x51, 0xED, 0x51, 0xED, 0x51, 0xED, 
	/* 0x2C40 */	0x51, 0xED, 0x51, 0xED, 0x51, 0xED, 0x51, 0xED, 0x51, 0xED, 0x51, 0xED, 0x51, 0xED, 0x51, 0xED, 0x51, 0xED, 0x51, 0xED, 0x51, 0xED, 0x51, 0xED, 0x51, 0xED, 0x51, 0xED, 0x51, 0xED, 0x51, 0xED, 
	/* 0x2C60 */	0x51, 0xED, 0x51, 0xED, 0x51, 0xED, 0x51, 0xED, 0x51, 0xED, 0x51, 0xED, 0x51, 0xED, 0x51, 0xED, 0x51, 0xED, 0x51, 0xED, 0x51, 0xED, 0x51, 0xED, 0x51, 0xED, 0x51, 0xED, 0x51, 0xED, 0x51, 0xED, 
	/* 0x2C80 */	0x51, 0xED, 0x51, 0xED, 0x51, 0xED, 0x51, 0xED, 0x51, 0xED, 0x51, 0xED, 0x51, 0xED, 0x51, 0xED, 0x51, 0xED, 0x51, 0xED, 0x51, 0xED, 0x51, 0xED, 0x51, 0xED, 0x51, 0xED, 0x51, 0xED, 0x51, 0xED, 
	/* 0x2CA0 */	0x51, 0xED, 0x51, 0xED, 0x51, 0xED, 0x51, 0xED, 0x51, 0xED, 0x51, 0xED, 0x51, 0xED, 0x51, 0xED, 0x51, 0xED, 0x51, 0xED, 0x51, 0xED, 0x51, 0xED, 0x51, 0xED, 0x51, 0xED, 0x51, 0xED, 0x51, 0xED, 
	/* 0x2CC0 */	0x51, 0xED, 0x51, 0xED, 0x51, 0xED, 0x51, 0xED, 0x51, 0xED, 0x51, 0xED, 0x51, 0xED, 0x51, 0xED, 0x51, 0xED, 0x51, 0xED, 0x51, 0xED, 0x51, 0xED, 0x51, 0xED, 0x51, 0xED, 0x51, 0xED, 0x51, 0xED, 
	/* 0x2CE0 */	0x51, 0xED, 0x51, 0xED, 0x51, 0xED, 0x51, 0xED, 0x51, 0xED, 0x51, 0xED, 0x51, 0xED, 0x51, 0xED, 0x51, 0xED, 0x51, 0xED, 0x51, 0xED, 0x51, 0xED, 0x51, 0xED, 0x51, 0xED, 0x51, 0xED, 0x51, 0xED, 
	/* 0x2D00 */	0x51, 0xED, 0x51, 0xED, 0x51, 0xED, 0x51, 0xED, 0x51, 0xED, 0x51, 0xED, 0x51, 0xED, 0x51, 0xED, 0x51, 0xED, 0x51, 0xED, 0x51, 0xED, 0x51, 0xED, 0x51, 0xED, 0x51, 0xED, 0x51, 0xED, 0x51, 0xED, 
	/* 0x2D20 */	0x51, 0xED, 0x51, 0xED, 0x51, 0xED, 0x51, 0xED, 0x51, 0xED, 0x51, 0xED, 0x51, 0xED, 0x51, 0xED, 0x51, 0xED, 0x51, 0xED, 0x51, 0xED, 0x51, 0xED, 0x51, 0xED, 0x51, 0xED, 0x51, 0xED, 0x51, 0xED, 
	/* 0x2D40 */	0x51, 0xED, 0x51, 0xED, 0x51, 0xED, 0x51, 0xED, 0x51, 0xED, 0x51, 0xED, 0x51, 0xED, 0x51, 0xED, 0x51, 0xED, 0x51, 0xED, 0x51, 0xED, 0x51, 0xED, 0x51, 0xED, 0x51, 0xED, 0x51, 0xED, 0x51, 0xED, 
	/* 0x2D60 */	0x51, 0xED, 0x51, 0xED, 0x51, 0xED, 0x51, 0xED, 0x51, 0xED, 0x51, 0xED, 0x51, 0xED, 0x51, 0xED, 0x51, 0xED, 0x51, 0xED, 0x51, 0xED, 0x51, 0xED, 0x51, 0xED, 0x51, 0xED, 0x51, 0xED, 0x51, 0xED, 
	/* 0x2D80 */	0x51, 0xED, 0x51, 0xED, 0x51, 0xED, 0x51, 0xED, 0x51, 0xED, 0x51, 0xED, 0x51, 0xED, 0x51, 0xED, 0x7B, 0x02, 0xE0, 0xC9, 0x00, 0x00, 0x00, 0x00, 0x00, 0x00, 0x00, 0x00, 0x00, 0x00, 0x00, 0x00, 
	/* 0x2DA0 */	0x00, 0x00, 0x00, 0x00, 0x00, 0x00, 0x00, 0x00, 0x00, 0x00, 0x00, 0x00, 0x00, 0x00, 0x00, 0x00, 0x00, 0x00, 0x00, 0x00, 0x00, 0x00, 0x00, 0x00, 0x00, 0x00, 0x00, 0x00, 0x00, 0x00, 0x00, 0x00, 
	/* 0x2DC0 */	0x00, 0x00, 0x00, 0x00, 0x00, 0x00, 0x00, 0x00, 0x00, 0x00, 0x00, 0x00, 0x00, 0x00, 0x00, 0x00, 0x00, 0x00, 0x00, 0x00, 0x00, 0x00, 0x00, 0x00, 0x00, 0x00, 0x00, 0x00, 0x00, 0x00, 0x00, 0x00, 
	/* 0x2DE0 */	0x00, 0x00, 0x00, 0x00, 0x00, 0x00, 0x00, 0x00, 0x00, 0x00, 0x00, 0x00, 0x00, 0x00, 0x00, 0x00, 0x00, 0x00, 0x00, 0x00, 0x00, 0x00, 0x00, 0x00, 0x00, 0x00, 0x00, 0x00, 0x00, 0x00, 0x00, 0x00, 
	/* 0x2E00 */	0x00, 0x00, 0x00, 0x00, 0x00, 0x00, 0x00, 0x00, 0x00, 0x00, 0x00, 0x00, 0x00, 0x00, 0x00, 0x00, 0x00, 0x00, 0x00, 0x00, 0x00, 0x00, 0x00, 0x00, 0x00, 0x00, 0x00, 0x00, 0x00, 0x00, 0x00, 0x00, 
	/* 0x2E20 */	0x00, 0x00, 0x00, 0x00, 0x00, 0x00, 0x00, 0x00, 0x00, 0x00, 0x00, 0x00, 0x00, 0x00, 0x00, 0x00, 0x00, 0x00, 0x00, 0x00, 0x00, 0x00, 0x00, 0x00, 0x00, 0x00, 0x00, 0x00, 0x00, 0x00, 0x00, 0x00, 
	/* 0x2E40 */	0x00, 0x00, 0x00, 0x00, 0x00, 0x00, 0x00, 0x00, 0x00, 0x00, 0x00, 0x00, 0x00, 0x00, 0x00, 0x00, 0x00, 0x00, 0x00, 0x00, 0x00, 0x00, 0x00, 0x00, 0x00, 0x00, 0x00, 0x00, 0x00, 0x00, 0x00, 0x00, 
	/* 0x2E60 */	0x00, 0x00, 0x00, 0x00, 0x00, 0x00, 0x00, 0x00, 0x00, 0x00, 0x00, 0x00, 0x00, 0x00, 0x00, 0x00, 0x00, 0x00, 0x00, 0x00, 0x00, 0x00, 0x00, 0x00, 0x00, 0x00, 0x00, 0x00, 0x00, 0x00, 0x00, 0x00, 
	/* 0x2E80 */	0x00, 0x00, 0x00, 0x00, 0x00, 0x00, 0x00, 0x00, 0x00, 0x00, 0x00, 0x00, 0x00, 0x00, 0x00, 0x00, 0x00, 0x00, 0x00, 0x00, 0x00, 0x00, 0x00, 0x00, 0x00, 0x00, 0x00, 0x00, 0x00, 0x00, 0x00, 0x00, 
	/* 0x2EA0 */	0x00, 0x00, 0x00, 0x00, 0x00, 0x00, 0x00, 0x00, 0x00, 0x00, 0x00, 0x00, 0x00, 0x00, 0x00, 0x00, 0x00, 0x00, 0x00, 0x00, 0x00, 0x00, 0x00, 0x00, 0x00, 0x00, 0x00, 0x00, 0x00, 0x00, 0x00, 0x00, 
	/* 0x2EC0 */	0x00, 0x00, 0x00, 0x00, 0x00, 0x00, 0x00, 0x00, 0x00, 0x00, 0x00, 0x00, 0x00, 0x00, 0x00, 0x00, 0x00, 0x00, 0x00, 0x00, 0x00, 0x00, 0x00, 0x00, 0x00, 0x00, 0x00, 0x00, 0x00, 0x00, 0x00, 0x00, 
	/* 0x2EE0 */	0x00, 0x00, 0x00, 0x00, 0x00, 0x00, 0x00, 0x00, 0x00, 0x00, 0x00, 0x00, 0x00, 0x00, 0x00, 0x00, 0x00, 0x00, 0x00, 0x00, 0x00, 0x00, 0x00, 0x00, 0x00, 0x00, 0x00, 0x00, 0x00, 0x00, 0x00, 0x00,


    	}
};

