#include "bitmapData.h"

// file: game-title.asm
const uint8_t titleScreenBitmap[6148] __attribute__((aligned(4))) ={
	32,		// Bitmap width (bytes)
	24,		// bitmap height (pixels/8)
	32,		// attr width (bytes)
	48,		// attr height (blocks)
	0xFF,0xFF,0xFF,0xFF,0xFF,0xFF,0xFF,0xFF,0xFF,0xC0,0x00,0x00,0xFF,0xFF,0xFF,0xFF,0xFF,0xFF,0xFF,0xFF,0xFF,0x00,0x00,0xFF,0xFF,0xFF,0xFF,0xFF,0xFF,0xFF,0xFF,0xFF,
	0xFF,0xFF,0xFF,0xFF,0xFF,0xFF,0xFF,0xFF,0xFF,0x00,0x00,0x00,0xFF,0xFF,0xFF,0xFF,0xFF,0xFF,0xFF,0xFF,0xFF,0x00,0x00,0x1F,0xFF,0xFF,0xFF,0xFF,0xFF,0xFF,0xFF,0xFF,
	0xFF,0xFF,0xFF,0xFF,0xFF,0xFF,0xFF,0xFF,0xFC,0x00,0x00,0x00,0xFF,0xFF,0xFF,0xFF,0xFF,0xFF,0xFF,0xFF,0xFF,0x00,0x00,0x0F,0xFF,0xFF,0xFF,0xFF,0xFF,0xFF,0xFF,0xFF,
	0xFF,0xFF,0xFF,0xFF,0xFF,0xFF,0xFF,0xFF,0xF8,0x00,0x00,0x00,0xFF,0xFF,0xFF,0xFF,0xFF,0xFF,0xFF,0xFF,0xFF,0x00,0x00,0x07,0xFF,0xFF,0xFF,0xFF,0xFF,0xFF,0xFF,0xFF,
	0xFF,0xFF,0xFF,0xFF,0xFF,0xFF,0xFF,0xFF,0xF0,0x00,0x00,0x00,0xFF,0xFF,0xFF,0xFF,0xFF,0xFF,0xFF,0xFF,0xFF,0xFF,0x00,0x01,0xFF,0xFF,0xFF,0xFF,0xFF,0xFF,0xFF,0xFF,
	0x0F,0xFF,0xFF,0xFF,0xFF,0xFF,0xFF,0xFF,0xC0,0x00,0x00,0x00,0xFF,0xFF,0xFF,0xFF,0xFF,0xFF,0xFF,0xFF,0xFF,0xFF,0x00,0x00,0xFF,0xFF,0xFF,0xFF,0xFF,0xFF,0xFF,0xF8,
	0xFB,0xFF,0xFF,0xFF,0xFF,0xFF,0xFF,0xFF,0x80,0x00,0x00,0x00,0xFF,0xFF,0xFF,0xFF,0xFF,0xFF,0xFF,0xFF,0xFF,0xFF,0x00,0x00,0x7F,0xFF,0xFF,0xFF,0xFF,0xFF,0xFF,0xF7,
	0x45,0xFF,0xFF,0xFF,0xFF,0xFF,0xFF,0xFF,0x00,0x00,0x00,0x00,0xFF,0xFF,0xFF,0xFF,0xFF,0xFF,0xFF,0xFF,0xFF,0xFF,0x00,0x00,0x3F,0xFF,0xFF,0xFF,0xFF,0xFF,0xFF,0xEC,
	0x5D,0xFF,0xFF,0xFF,0xFF,0xFF,0xFF,0xFE,0x00,0x00,0xFF,0xFF,0xFF,0xFF,0xFF,0xFF,0xFF,0xFF,0xFF,0xFF,0xFF,0xFF,0x00,0x00,0x1F,0xFF,0xFF,0xFF,0xFF,0xFF,0xFF,0xEC,
	0x50,0xFF,0xFF,0xFF,0xFF,0xFF,0xFF,0xFC,0x00,0x00,0xFF,0xFF,0xFF,0xFF,0xFF,0xFF,0xFF,0xFF,0xFF,0xFF,0xFF,0xFF,0x00,0x00,0x0F,0xFF,0xFF,0xFF,0xFF,0xFF,0xFF,0xC0,
	0x58,0x7F,0xFF,0xFF,0xFF,0xFF,0xFF,0xF0,0x00,0x00,0xFF,0xFF,0xFF,0xFF,0xFF,0xFF,0xFF,0xFF,0xFF,0xFF,0xFF,0xFF,0x00,0x00,0x07,0xFF,0xFF,0xFF,0xFF,0xFF,0xFF,0x8D,
	0xD8,0x3F,0xFF,0xFF,0xFF,0xFF,0xFF,0xE0,0x00,0x00,0xFF,0xFF,0xFF,0xFF,0xFF,0xFE,0x1F,0xFF,0xFF,0xFF,0xFF,0xFF,0x00,0x00,0x01,0xFF,0xFF,0xFF,0xFF,0xFF,0xFF,0x4D,
	0xD9,0x5F,0xFF,0xFF,0xFF,0xFF,0xFF,0xC0,0x00,0x00,0xFF,0xFF,0xFF,0xFF,0xFF,0x03,0x0F,0xFF,0xFF,0xFF,0xFF,0xFF,0x00,0x00,0x00,0xFF,0xFF,0xFF,0xFF,0xFF,0xFF,0x4D,
	0xD8,0x1F,0xFF,0xFF,0xFF,0xFF,0xFF,0x80,0x00,0x00,0xFF,0xFF,0xFF,0xFF,0xFF,0x07,0x0F,0xFF,0xFF,0xFF,0xFF,0xFF,0x00,0x00,0x00,0x7F,0xFF,0xFF,0xFF,0xFF,0xFF,0x0D,
	0xD9,0x1F,0xFF,0xFF,0xFF,0xFF,0xFF,0x00,0x00,0x00,0xFF,0xFF,0xFF,0xFF,0xFF,0x0F,0x07,0xFF,0xFF,0xFF,0xFF,0xFF,0x00,0x00,0x00,0x7F,0xFF,0xFF,0xFF,0xFF,0xFF,0x4D,
	0xD9,0x1F,0xFF,0xFF,0xFF,0xFF,0xFE,0x00,0x00,0x00,0xFF,0xFF,0xFF,0xFF,0xFF,0x3F,0x0C,0x7F,0xFF,0xFF,0xFF,0xFF,0x00,0x00,0x00,0x3F,0xFF,0xFF,0xFF,0xFF,0xFF,0x4D,
	0xD9,0x1F,0xFF,0xFF,0xFF,0xFF,0xFC,0x00,0xFF,0xFF,0xFF,0xFF,0xFF,0xFF,0xFF,0x8F,0x30,0xDF,0xFF,0xFF,0xFF,0xFF,0xFF,0x00,0x00,0x1F,0xFF,0xFF,0xFF,0xFF,0xFF,0x4D,
	0xD9,0x1F,0xFF,0xFF,0xFF,0xFF,0xF8,0x00,0xFF,0xFF,0xFF,0xFF,0xFF,0xFF,0xFD,0x7F,0x3E,0x37,0xFF,0xFF,0xFF,0xFF,0xFF,0x00,0x00,0x0F,0xFF,0xFF,0xFF,0xFF,0xFF,0x4D,
	0xD9,0x1F,0xFF,0xFF,0xFF,0xFF,0xF0,0x00,0xFF,0xFF,0xFF,0xFF,0xFF,0xFF,0xF6,0xF3,0x38,0x0F,0xFF,0xFF,0xFF,0xFF,0xFF,0x00,0x00,0x07,0xFF,0xFF,0xFF,0xFF,0xFF,0x4D,
	0xD9,0x1F,0xFF,0xFF,0xFF,0xFF,0xE0,0x00,0xFF,0xFF,0xFF,0xFF,0xFF,0xFF,0xE8,0xDF,0x3F,0x02,0xFF,0xFF,0xFF,0xFF,0xFF,0x00,0x00,0x03,0xFF,0xFF,0xFF,0xFF,0xFF,0x4D,
	0xD9,0x1F,0xFF,0xFF,0xFF,0xFF,0xC0,0x00,0xFF,0xFF,0xFF,0xFF,0xFF,0xFF,0x2E,0x63,0x38,0xDE,0x80,0xFF,0xFF,0xFF,0xFF,0x00,0x00,0x01,0xFF,0xFF,0xFF,0xFF,0xFF,0x4D,
	0xD9,0x1F,0xFF,0xFF,0xFF,0xFF,0x80,0x00,0xFF,0xFF,0xFF,0xFF,0xFF,0xFE,0xFC,0x1F,0x3F,0x07,0xA0,0xFF,0xFF,0xFF,0xFF,0x00,0x00,0x00,0xFF,0xFF,0xFF,0xFF,0xFF,0x4D,
	0x59,0x1F,0xFF,0xFF,0xFF,0xFF,0x80,0x00,0xFF,0xFF,0xFF,0xFF,0xFF,0xFC,0x70,0xFF,0x3F,0xE3,0xF0,0xFF,0xFF,0xFF,0xFF,0x00,0x00,0x00,0x7F,0xFF,0xFF,0xFF,0xFF,0x4D,
	0x19,0x1F,0xFF,0xFF,0xFF,0xFF,0x00,0x00,0xFF,0xFF,0xFF,0xFF,0xFF,0xF8,0xE3,0xFF,0x3F,0xF8,0xF8,0xFF,0xFF,0xFF,0xFF,0x00,0x00,0x00,0x3F,0xFF,0xFF,0xFF,0xFF,0x4C,
	0x19,0x1F,0xFF,0xFF,0xFF,0xFE,0x00,0x00,0xFF,0xFF,0xFF,0xFF,0x00,0x0D,0xC6,0x0F,0x3E,0x0C,0x70,0xFF,0xFF,0xFF,0xFF,0x00,0x00,0x00,0x3F,0xFF,0xFF,0xFF,0xFF,0x4D,
	0x19,0x1F,0xFF,0xFF,0xFF,0xFE,0x00,0x00,0xFF,0xFF,0xFF,0xFF,0x00,0x3B,0xD8,0x07,0x3C,0x03,0x38,0x7F,0xFF,0xFF,0xFF,0x00,0x00,0x00,0x1F,0xFF,0xFF,0xFF,0xFF,0x4D,
	0x99,0x1F,0xFF,0xFF,0xFF,0xFC,0x00,0x00,0xFF,0xFF,0xFF,0xFF,0x00,0xFF,0xA1,0xC8,0x2E,0x60,0x9A,0x7F,0xFF,0xFF,0xFF,0x00,0x00,0x00,0x0F,0xFF,0xFF,0xFF,0xFF,0x4C,
	0x49,0x1F,0xFF,0xFF,0xFF,0xF8,0x00,0x00,0xFF,0xFF,0xFF,0xFF,0x01,0xF7,0x87,0x87,0x3C,0x38,0x5D,0x3F,0xFF,0xFF,0xFF,0x00,0x00,0x00,0x07,0xFF,0xFF,0xFF,0xFF,0x49,
	0x51,0x1F,0xFF,0xFF,0xFF,0xF0,0x00,0x00,0xFF,0xFF,0xFF,0xFF,0x03,0x2F,0x08,0xFF,0x7F,0xE4,0x1E,0xF0,0xFF,0xFF,0xFF,0xFF,0xFF,0x00,0x07,0xFF,0xFF,0xFF,0xFF,0x51,
	0x50,0x1F,0xFF,0xFF,0xFF,0xE0,0x00,0x00,0xFF,0xFF,0xFF,0xFF,0x07,0xBE,0x27,0xFF,0x6F,0xF8,0x0E,0xF8,0xFF,0xFF,0xFF,0xFF,0xFF,0x00,0x03,0xFF,0xFF,0xFF,0xFF,0x11,
	0x40,0x1F,0xFF,0xFF,0xFF,0xE0,0x00,0x00,0xFF,0xFF,0xFF,0xFF,0x07,0xDC,0x3F,0xBF,0x7F,0x3F,0x07,0xF8,0xFF,0xFF,0xFF,0xFF,0xFF,0x00,0x01,0xFF,0xFF,0xFF,0xFF,0x11,
	0xC0,0x1F,0xFF,0xFF,0xFF,0xC0,0x00,0x00,0xFF,0xFF,0xFF,0xFF,0x07,0xDC,0xF9,0xFF,0x7F,0xF7,0xC7,0xF8,0xFF,0xFF,0xFF,0xFF,0xFF,0x00,0x01,0xFF,0xFF,0xFF,0xFF,0x05,
	0xC8,0x1F,0xFF,0xFF,0xFF,0x80,0x00,0x00,0xFF,0xFF,0xFF,0xFF,0x0F,0xF9,0xEF,0xFF,0x7F,0xFE,0xF7,0xB8,0xFF,0xFF,0xFF,0xFF,0xFF,0x00,0x00,0xFF,0xFF,0xFF,0xFC,0x0D,
	0xD9,0x07,0xFF,0xFF,0xFF,0x80,0x00,0x00,0xFF,0xFF,0xFF,0xFF,0x07,0xB7,0xBF,0xFF,0x7F,0xFF,0xBB,0xB8,0xFF,0xFF,0xFF,0xFF,0xFF,0x00,0x00,0x7F,0xFF,0xFF,0xF9,0x6D,
	0xD9,0x07,0xFF,0xFF,0xFF,0x00,0x00,0x00,0xFF,0xFF,0xFF,0xFF,0x07,0xAE,0xF8,0x3F,0x7F,0x83,0xDD,0xB8,0xFF,0xFF,0xFF,0xFF,0xFF,0x00,0x00,0x7F,0xFF,0xFF,0xFB,0x6D,
	0xD9,0x07,0xFF,0xFF,0xFF,0x00,0x00,0x00,0xFF,0xFF,0xFF,0xFF,0x07,0xDD,0xF0,0x1F,0x7F,0x01,0xF7,0xF8,0xFF,0xFF,0xFF,0xFF,0xFF,0x00,0x00,0x3F,0xFF,0xFF,0xFB,0x6D,
	0xD9,0x07,0xFF,0xFF,0xFE,0x00,0x00,0x00,0x00,0xFF,0xFF,0xFF,0x0F,0xBB,0xE0,0x0F,0x7E,0x00,0xFB,0xB8,0xFF,0xFF,0xFF,0xFF,0xFF,0x00,0x00,0x1F,0xFF,0xFF,0xF9,0x6D,
	0xD9,0x27,0xFF,0xFF,0xFE,0x00,0x00,0x00,0x00,0xFF,0xFF,0xFF,0x0F,0xF5,0xE0,0x0F,0x7E,0x00,0xFD,0xBC,0xFF,0xFF,0xFF,0xFF,0xFF,0x00,0x00,0x1F,0xFF,0xFF,0xFB,0x6D,
	0xD9,0x07,0xFF,0xFF,0xFC,0x00,0x00,0x00,0x00,0xFF,0xFF,0xFF,0x0F,0x67,0xE0,0x0F,0x7E,0x00,0xFD,0xDC,0xFF,0xFF,0xFF,0xFF,0xFF,0x00,0x00,0x0F,0xFF,0xFF,0xFA,0x6D,
	0xD9,0x27,0xFF,0xFF,0xFC,0x00,0x00,0x00,0x00,0xFF,0xFF,0xFF,0x0F,0xEB,0xE0,0x0F,0x7E,0x00,0xFA,0xEE,0xFF,0xFF,0xFF,0xFF,0xFF,0x00,0x00,0x0F,0xFF,0xFF,0xFA,0x6D,
	0xD9,0x27,0xFF,0xFF,0xF8,0x00,0x00,0x00,0x00,0xFF,0xFF,0xFF,0x0B,0xEB,0xE0,0x1F,0x7F,0x00,0xFF,0xE9,0xFF,0xFF,0xFF,0xFF,0xFF,0x00,0x00,0x07,0xFF,0xFF,0xFA,0x6D,
	0xD9,0x27,0xFF,0xFF,0xF8,0x00,0x00,0x00,0x00,0xFF,0xFF,0xFF,0x0D,0xF2,0xF0,0x3F,0x7F,0x81,0xFF,0xF8,0xFF,0xFF,0xFF,0xFF,0xFF,0x00,0x00,0x07,0xFF,0xFF,0xFA,0x6D,
	0xD9,0x27,0xFF,0xFF,0xF0,0x00,0x00,0x00,0x00,0xFF,0xFF,0xFF,0x0F,0x77,0xF8,0x7F,0x7F,0xE3,0xFD,0xD0,0xFF,0xFF,0xFF,0xFF,0xFF,0x00,0x00,0x03,0xFF,0xFF,0xFA,0x6D,
	0x59,0x27,0xFF,0xFF,0xF0,0x00,0x00,0x00,0x00,0xFF,0xFF,0xFF,0x1D,0x97,0xFF,0xFF,0x7F,0xFF,0xFD,0x36,0xFF,0xFF,0xFF,0xFF,0xFF,0x00,0x00,0x03,0xFF,0xFF,0xFA,0x6D,
	0x19,0x27,0xFF,0xFF,0xE0,0x00,0x00,0x00,0xFF,0xFF,0xFF,0xFF,0x1D,0x97,0xFF,0xFF,0x7F,0xFF,0xFD,0x36,0xFF,0xFF,0xFF,0xFF,0xFF,0x00,0x00,0x03,0xFF,0xFF,0xFA,0x6D,
	0x65,0x27,0xFF,0xFF,0xE0,0x00,0x00,0x00,0xFF,0xFF,0xFF,0xFF,0x3B,0x8F,0xFF,0xFF,0x7F,0xFF,0xFD,0xB9,0xFF,0xFF,0xFF,0xFF,0xFF,0x00,0x00,0x01,0xFF,0xFF,0xFA,0x61,
	0x44,0xA7,0xFF,0xFF,0xC0,0x00,0x00,0x00,0xFF,0xFF,0xFF,0xFF,0x3B,0x0F,0xFF,0xFF,0x7F,0xFF,0xFD,0x98,0xFF,0xFF,0xFF,0xFF,0xFF,0x00,0x00,0x01,0xFF,0xFF,0xFA,0x01,
	0x02,0xA7,0xFF,0xFF,0xC0,0x00,0x00,0x00,0xFF,0xFF,0xFF,0xFF,0x7F,0x2F,0xF8,0x7F,0x7F,0xC3,0xFF,0x9C,0x7F,0xFF,0xFF,0xFF,0xFF,0x00,0x00,0x00,0xFF,0xFF,0xFA,0x20,
	0x40,0x87,0xFF,0xFF,0x80,0x00,0xFF,0x00,0xFF,0xFF,0xFF,0x00,0x13,0x0F,0xF0,0x3F,0x7F,0x81,0xFF,0x19,0x1F,0xFF,0xFF,0xFF,0xFF,0x00,0x00,0x00,0xFF,0xFF,0xF8,0x01,
	0xD8,0x07,0xFF,0xFF,0x80,0x00,0xFF,0x00,0xFF,0xFF,0xFF,0x01,0x9F,0x2F,0xE0,0x1F,0x7F,0x00,0xFF,0x1F,0x0F,0xFF,0xFF,0xFF,0xFF,0x00,0x00,0x00,0xFF,0xFF,0xF8,0x05,
	0xDB,0x07,0xFF,0xFF,0x00,0x00,0xFF,0x00,0xFF,0xFF,0xFF,0x03,0x97,0x2F,0xC0,0x1F,0x7F,0x00,0x7F,0x1F,0x07,0xFF,0xFF,0xFF,0xFF,0x00,0x00,0x00,0x7F,0xFF,0xF8,0x0D,
	0xDB,0x47,0xFF,0xFF,0x00,0x00,0xFF,0x00,0xFF,0xFF,0xFF,0x07,0xD7,0x2F,0xC0,0x00,0xE0,0x00,0x7F,0x85,0x07,0xFF,0xFF,0xFF,0xFF,0x00,0x00,0x00,0x7F,0xFF,0xF8,0x6D,
	0xDB,0x67,0xFF,0xFF,0x00,0x00,0xFF,0xFF,0xFF,0xFF,0xFF,0x07,0xD6,0x2F,0xC3,0xFF,0xFF,0xF0,0x7F,0x8D,0x4B,0xFF,0xFF,0xFF,0xFF,0x00,0x00,0x00,0x7F,0xFF,0xF9,0x6D,
	0xDB,0x67,0xFF,0xFF,0x00,0x00,0xFF,0xFF,0xFF,0xFF,0xFF,0x0F,0xD6,0x2F,0x3F,0xFE,0xFF,0xFF,0x1F,0x8D,0x69,0xFF,0xFF,0xFF,0xFF,0x00,0x00,0x00,0x3F,0xFF,0xF9,0xED,
	0xDB,0x67,0xFF,0xFE,0x00,0x00,0xFF,0xFF,0xFF,0xFF,0xFF,0x1F,0xDE,0x31,0xFE,0x7F,0x7F,0xCF,0xF3,0x9F,0x7A,0xFF,0xFF,0xFF,0xFF,0x00,0x00,0x00,0x3F,0xFF,0xF1,0xED,
	0xDB,0x61,0xFF,0xFE,0x00,0x00,0xFF,0xFF,0xFF,0xFF,0xFF,0x0E,0xDE,0x4F,0xEF,0xFF,0x7F,0xFC,0xFC,0x8F,0x7A,0x7F,0xFF,0xFF,0xFF,0x00,0x00,0x00,0x3F,0xFF,0xC1,0xED,
	0xDB,0x64,0x7F,0xFE,0x00,0xFF,0xFF,0xFF,0xFF,0xFF,0xFF,0x0B,0xD6,0x3E,0xF8,0x3F,0x7F,0x83,0xDF,0xBD,0x7A,0x80,0xFF,0xFF,0xFF,0x00,0x00,0x00,0x1F,0xFF,0x81,0xED,
	0xDB,0x64,0x7F,0xFE,0x00,0xFF,0xFF,0xFF,0xFF,0xFF,0xFF,0x3F,0xF6,0xFF,0xF0,0x1F,0x7F,0x01,0xFF,0xCD,0xFF,0x80,0xFF,0xFF,0xFF,0x00,0x00,0x00,0x1F,0xFF,0xA1,0x6D,
	0xDB,0x64,0x7F,0xFC,0x00,0xFF,0xFF,0xFF,0xFF,0xFF,0xFF,0x3F,0xF5,0xFF,0xE0,0x1F,0x7F,0x00,0xFC,0xF5,0xFE,0xC0,0xFF,0xFF,0xFF,0x00,0x00,0x00,0x1F,0xFF,0xA1,0x6D,
	0xDB,0x64,0x7F,0xFC,0x00,0xFF,0xFF,0xFF,0xFF,0xFF,0xFF,0x3F,0xFB,0xFF,0xE0,0x0F,0x7E,0x00,0xFD,0xBB,0xFE,0xE0,0xFF,0xFF,0xFF,0x00,0x00,0x00,0x0F,0xFF,0x81,0xED,
	0xDB,0x64,0x7F,0xFC,0x00,0xFF,0xFF,0xFF,0xFF,0xFF,0xFF,0xDF,0xF7,0xBF,0xE0,0x0F,0x7E,0x00,0xFD,0xBD,0xFE,0xF0,0xFF,0xFF,0xFF,0x00,0x00,0x00,0x0F,0xFF,0x81,0xED,
	0xDB,0x64,0x7F,0xFC,0x00,0xFF,0xFF,0xFF,0xFF,0xFF,0xFF,0xBF,0xF6,0xBF,0xE0,0x0F,0x7E,0x00,0xFD,0xAD,0xFF,0xF0,0xFF,0xFF,0xFF,0x00,0x00,0x00,0x0F,0xFF,0x81,0xED,
	0xDB,0x60,0x7F,0xFC,0x00,0xFF,0xFF,0xFF,0xFF,0xFF,0xFF,0xBF,0xFF,0xB7,0xE0,0x1F,0x7E,0x00,0xFD,0xFF,0xFF,0xF0,0xFF,0xFF,0xFF,0x00,0x00,0x00,0x0F,0xFF,0xA1,0xED,
	0xDB,0x60,0x7F,0xFC,0x00,0xFF,0xFF,0xFF,0xFF,0xFF,0xFF,0xBF,0xFE,0xF7,0xF0,0x1F,0x7F,0x01,0xFD,0xEF,0xFF,0xF8,0xFF,0xFF,0xFF,0x00,0x00,0x00,0x0F,0xFF,0x81,0xED,
	0xDB,0x64,0x7F,0xFC,0x00,0xFF,0xFF,0xFF,0xFF,0xFF,0x00,0x7F,0xFE,0x77,0xF8,0x3F,0x7F,0xC3,0xFF,0xCF,0xFF,0xF0,0xFF,0xFF,0xFF,0x00,0x00,0x00,0x0F,0xFF,0xA1,0xED,
	0xDB,0x64,0x7F,0xFC,0x00,0xFF,0xFF,0xFF,0xFF,0xFF,0x01,0x7F,0xFE,0x7F,0xFF,0xFF,0x7F,0xFF,0xFF,0xCF,0xFF,0xF0,0xFF,0xFF,0xFF,0x00,0x00,0x00,0x0F,0xFF,0x81,0xED,
	0xDB,0x64,0x7F,0xFC,0x00,0xFF,0xFF,0xFF,0xFF,0xFF,0x01,0xFF,0xFF,0x3F,0xFF,0xFF,0x7F,0xFF,0xFF,0x9F,0xFF,0xF8,0xFF,0xFF,0xFF,0x00,0x00,0x00,0x0F,0xFF,0x81,0xED,
	0xDB,0x64,0x7F,0xFC,0x00,0xFF,0xFF,0xFF,0xFF,0xFF,0x05,0xFF,0xFF,0x9F,0xFF,0xFF,0x7F,0xFF,0xFB,0x3F,0xFF,0xFC,0xFF,0xFF,0xFF,0x00,0x00,0x00,0x0F,0xFF,0x81,0xED,
	0xDB,0x64,0x7F,0xFC,0x00,0xFF,0xFF,0xFF,0xFF,0xFF,0x07,0xFF,0xFD,0x9F,0xFF,0xFF,0x7F,0xFF,0xFF,0x37,0xFF,0xFC,0xFF,0xFF,0x00,0x00,0x00,0x00,0x0F,0xFF,0x81,0xED,
	0xDB,0x60,0x7F,0xFC,0x00,0xFF,0xFF,0xFF,0xFF,0xFF,0x17,0xFF,0xFD,0xCF,0xFF,0xFF,0x7F,0xFF,0xFE,0x77,0xFF,0xFC,0xFF,0xFF,0x00,0x00,0x00,0x00,0x0F,0xFF,0xA1,0xED,
	0xDB,0x60,0x7F,0xF8,0x00,0xFF,0xFF,0xFF,0xFF,0xFF,0x0F,0xFF,0xFF,0xE7,0xF8,0x7F,0x7F,0xC3,0xFC,0xF7,0xFF,0xFC,0xFF,0xFF,0x00,0x00,0x00,0x00,0x6F,0xFF,0x81,0xED,
	0xDB,0x64,0x7F,0xF8,0x00,0xFF,0xFF,0xFF,0xFF,0xFF,0x0F,0xFF,0xFF,0xF3,0xF0,0x1F,0x7F,0x01,0xF9,0xFF,0xFF,0xFE,0xFF,0xFF,0x00,0x00,0x00,0x03,0x6F,0xFF,0x89,0xED,
	0xDB,0x64,0x7F,0xF8,0x00,0xFF,0xFF,0xFF,0xFF,0xFF,0x0B,0xFF,0xFF,0xF9,0xE0,0x1F,0x7E,0x00,0xF3,0xFF,0xFF,0xF6,0x80,0xFF,0x00,0x00,0x00,0x03,0x6F,0xFF,0x81,0xED,
	0xDB,0x60,0x7F,0xF8,0x00,0xFF,0xFF,0xFF,0xFF,0xFF,0x3B,0xFF,0xFE,0xEC,0xE0,0x0F,0x7E,0x00,0xE3,0xEF,0xFF,0xFE,0xC0,0xFF,0x00,0x00,0x00,0x03,0x6F,0xFF,0x81,0xED,
	0xDB,0x60,0x7F,0xF8,0x00,0xFF,0xFF,0xFF,0xFF,0xFE,0x2B,0xFF,0xFE,0xFE,0x60,0x0F,0x7E,0x00,0xCF,0xEF,0xFF,0xFE,0xC0,0xFF,0x00,0x00,0x00,0x03,0x6F,0xFF,0x81,0xED,
	0xDB,0x64,0x7F,0xF8,0x00,0xFF,0xFF,0xFF,0xFF,0xFE,0xBB,0xFF,0xFF,0xF7,0x20,0x0F,0x7E,0x00,0x9D,0xFF,0xFF,0xFF,0xE0,0xFF,0x00,0x00,0x00,0x03,0x6B,0xFF,0x89,0xED,
	0xDB,0x64,0x7F,0xF8,0x00,0xFF,0xFF,0xFF,0xFF,0xFE,0x7F,0xFF,0xFF,0x77,0x90,0x0F,0x7E,0x01,0x3D,0xFF,0xFF,0xFF,0xF0,0xFF,0x00,0x00,0x00,0x03,0x07,0xFF,0x89,0xED,
	0xDB,0x60,0x7F,0xE7,0xC0,0xFF,0xFF,0xFF,0xFF,0xFC,0x7F,0xFF,0xFF,0x7F,0xC0,0x1F,0x7F,0x04,0x7F,0xDF,0xFF,0xFF,0xF0,0xFF,0x00,0x00,0x00,0x03,0xF9,0xBF,0x81,0xED,
	0xDB,0x68,0x7F,0xEF,0xE0,0xFF,0xFF,0xFF,0xFF,0xF8,0x7F,0xFF,0xFF,0xFB,0xF2,0x3F,0x7F,0x89,0xFB,0xCF,0xFF,0xFF,0xE4,0xFF,0x00,0x00,0x00,0x1F,0xF9,0xFF,0x85,0xED,
	0xDB,0x68,0x3F,0xEF,0xE0,0xFF,0xFF,0xFF,0xFF,0xC0,0x7F,0xFF,0xFF,0xFF,0xF8,0xFF,0x7F,0xE3,0xFF,0xEF,0xFF,0xFF,0xFC,0xFF,0x00,0x00,0x00,0x1F,0xF9,0xFF,0x95,0xED,
	0xDB,0x61,0x1F,0xEF,0xE0,0xFF,0xFF,0xFF,0xFF,0x00,0xFF,0xFF,0xF6,0xBD,0xFF,0x3F,0x7F,0x0F,0xF7,0xBD,0xFF,0xFF,0xEE,0xFF,0x00,0x00,0xFF,0xE3,0x59,0xCE,0x81,0xED,
	0xDB,0x61,0x1F,0xEF,0xE0,0xFF,0xFF,0xFF,0xFF,0x1C,0x01,0xFF,0xEF,0xBF,0xFF,0xC3,0x70,0x7F,0xFF,0xBD,0xFF,0xFF,0xFA,0xFF,0x00,0x00,0xFF,0xE3,0x59,0xDE,0x01,0xED,
	0xDB,0x6C,0x1F,0xEE,0xE0,0xFF,0xFF,0xFF,0xFF,0x60,0x07,0x3F,0xEF,0xFE,0xFF,0xFF,0x7F,0xFF,0xEF,0xFC,0xFF,0xFF,0xFC,0xFF,0x00,0x00,0xFF,0xE3,0x79,0xF4,0x0D,0xED,
	0xDB,0x6D,0x1F,0xEE,0xE0,0xFF,0xFF,0xFF,0xFE,0xFF,0xFF,0xEF,0xCF,0xDF,0x7F,0xFF,0x7F,0xFF,0xDF,0x7C,0x7F,0xFE,0x1C,0x7F,0x00,0x00,0xFF,0xE1,0x59,0xFC,0x2D,0xED,
	0xDB,0x6D,0x1F,0xEF,0xE0,0xFF,0xFF,0xFF,0x01,0x3F,0xFF,0xF7,0x88,0x5F,0xBF,0xFF,0x7F,0xFF,0xBF,0xC4,0x3F,0xF3,0xFE,0x1F,0xFF,0x00,0xFF,0xE1,0xF9,0x7C,0xAD,0xED,
	0xDB,0x6D,0x5F,0xEF,0xF0,0xFF,0xFF,0xFF,0x01,0xFF,0xFF,0xFF,0x0F,0xFF,0xDF,0xFF,0x7F,0xFF,0x6E,0xFD,0x3F,0xFF,0xF2,0x0F,0xFF,0x00,0xFF,0xC3,0xF9,0xFC,0xAD,0xED,
	0xDB,0x6D,0x5F,0xEF,0xF8,0xFF,0xFF,0xFF,0x03,0x7F,0xFF,0xFF,0x08,0x2F,0xEF,0xFF,0x7F,0xFE,0xDE,0xC0,0xBF,0xFF,0xC0,0x0F,0xFF,0x00,0xFF,0xC7,0xF9,0x7C,0xAD,0xED,
	0xDB,0x6D,0x5F,0xEF,0xFE,0xFF,0xFF,0xFF,0x03,0xFF,0xFF,0xFF,0xAD,0x7F,0xB7,0xFF,0x7F,0xFD,0xFD,0xD6,0x15,0xFE,0x7F,0x0F,0xFF,0x00,0xFF,0xD7,0xF9,0xFC,0xAD,0xED,
	0xDB,0x6D,0x5F,0xAF,0xDE,0x00,0xFF,0xFF,0x03,0xFF,0xFF,0xFF,0xAD,0x77,0xF9,0xFF,0x7F,0xF7,0xFD,0xD6,0x0F,0xFB,0xFF,0xF0,0xFF,0x00,0x00,0x17,0xD9,0xFC,0xAD,0xED,
	0xDB,0x6D,0x5F,0xEF,0xDE,0x00,0xFF,0xFF,0x03,0xFF,0xFF,0xFF,0xEE,0x7B,0xFE,0x7F,0x7F,0xDF,0xFB,0xC7,0x07,0xEF,0xFF,0xF0,0xFF,0x00,0x00,0x17,0x79,0xFC,0xAD,0xED,
	0xDB,0x6D,0x57,0xEF,0x5F,0x00,0xFF,0xFF,0x03,0xF8,0x7F,0xFF,0xEF,0x6B,0xFF,0xCF,0x7C,0x7F,0xFE,0xD7,0x1F,0xBF,0xFF,0xF0,0xFF,0x00,0x00,0x17,0x79,0xFC,0xAD,0xED,
	0xDB,0x6D,0x5F,0xEF,0x5F,0x80,0xFF,0xFF,0x03,0xCF,0xFF,0xFF,0xEF,0x75,0xFF,0xFE,0x7F,0xFF,0xF5,0xF6,0x2F,0xFF,0xFF,0xF0,0xFF,0x00,0x00,0x97,0x79,0xF4,0xAD,0xED,
	0xDB,0x6D,0x5F,0xEF,0x5F,0x80,0xFF,0xFF,0x03,0x7F,0xFF,0xFF,0xBF,0xFB,0xFF,0xFF,0x7F,0xFF,0xFF,0xF7,0x27,0xFF,0xE4,0xF0,0xFF,0x00,0x00,0x97,0x59,0xF4,0xAD,0xED,
	0xDB,0x6D,0x4F,0xEE,0xDF,0xC0,0xFF,0xFF,0x03,0xFF,0xFF,0xEF,0xAF,0xFB,0xFF,0xFF,0x7F,0xFF,0xFB,0xFF,0x0F,0xFF,0xFF,0xF0,0xFF,0x00,0x00,0x95,0x79,0xFC,0xAD,0xED,
	0xDB,0x6D,0x56,0x6F,0x5F,0xC0,0xFF,0xFF,0x01,0x80,0x7F,0xF7,0x2F,0xFF,0xFF,0xFF,0x7F,0xFF,0xFF,0xF6,0x17,0xFF,0xFF,0xF0,0xFF,0x00,0x00,0x95,0x59,0xFC,0xAD,0xED,
	0xDB,0x6D,0x5D,0xA7,0x5F,0xC0,0xFF,0xFF,0x01,0x3F,0xFF,0xBA,0x2F,0xFF,0x7F,0xFF,0xFF,0xFF,0xBF,0xFF,0x1D,0xFF,0xFF,0xF0,0xFF,0x00,0x00,0x95,0x59,0x7C,0xAD,0xED,
	0xDB,0x6D,0xCB,0xA7,0xDF,0xC0,0xFF,0xFF,0x07,0xFF,0xFF,0xE6,0x3F,0xEF,0xDF,0xFF,0xFF,0xFE,0x7F,0xFF,0x9F,0x7F,0xFF,0xF0,0xFF,0x00,0x00,0x95,0x79,0xEC,0xAD,0xED,
	0xDB,0x6D,0xC5,0x01,0xFF,0xC0,0xFF,0xFF,0x07,0x0F,0xFF,0xF0,0x1F,0xF7,0xF7,0xFF,0x7F,0xFD,0xFD,0xFF,0x0F,0xFF,0xFF,0xF0,0xFF,0x00,0x00,0x97,0xF8,0x54,0xAD,0xED,
	0xDB,0x6D,0xDD,0xF8,0x3F,0xC0,0xFF,0xFF,0x0F,0xFF,0xFF,0xFE,0x0F,0xFF,0xBC,0xFF,0x7F,0xCF,0xBF,0xFE,0x07,0xDF,0xFF,0xF0,0xFF,0x00,0x00,0x96,0x3F,0x04,0xAD,0xED,
	0xDB,0x6D,0xDB,0xFF,0x7F,0xC0,0xFF,0xFF,0x07,0xFF,0xFF,0xFE,0x1F,0xFF,0xDF,0xCF,0xFC,0xFE,0xFF,0xF7,0x03,0x7F,0xFF,0xF0,0xFF,0x00,0x00,0x95,0xBF,0x34,0xAD,0xED,
	0xDB,0x6D,0xDF,0xF3,0x7F,0xC0,0xFF,0xFF,0x0F,0xCF,0xFF,0xFF,0x1D,0xFF,0x73,0xFF,0xFF,0xFB,0xFF,0xF3,0x03,0xFF,0xFF,0xF0,0xFF,0x00,0xFF,0x95,0xAB,0x54,0xAD,0xED,
	0xDB,0x6D,0xDF,0xFF,0x6F,0xC0,0xFF,0xFF,0x07,0x7F,0xFF,0xFE,0x0F,0xFF,0xBE,0xFF,0xFF,0xCF,0xBF,0xF3,0x03,0xBF,0xFF,0xF0,0xFF,0x00,0xFF,0xD5,0xBF,0x74,0xAD,0xED,
	0xDB,0x6D,0xD9,0x7B,0x7F,0xC0,0xFF,0xFF,0x03,0xFF,0xFF,0xFC,0x0E,0xFF,0xDF,0xFF,0xFF,0xFF,0x7F,0xF3,0x01,0xBF,0xFF,0xF0,0xFF,0x08,0xFF,0xD5,0xAB,0x70,0xAD,0xED,
	0xDB,0x6D,0x9B,0xF3,0x7D,0xC0,0xFF,0xFF,0x03,0x87,0xFF,0x9C,0x08,0xFF,0xEF,0xFF,0xFF,0xFE,0xFF,0xF2,0x00,0x5F,0xFF,0xF0,0xFF,0x08,0xFF,0xD5,0xAB,0x38,0xAD,0xED,
	0xDB,0x6D,0xD3,0xFF,0x6F,0xC0,0xFF,0xFF,0x0F,0x3F,0xFF,0xE4,0x0F,0xFF,0xEF,0xFF,0xFF,0xFD,0xFF,0xF2,0x00,0x0F,0xFF,0xF0,0xFF,0x08,0xFF,0xF5,0xBB,0x60,0xAD,0xED,
	0xDB,0x6D,0xD7,0xF3,0x6F,0xC0,0xFF,0xFF,0x0F,0xFF,0xFF,0xF0,0x03,0xFF,0xF7,0xFF,0xFF,0xFF,0xFF,0xF2,0x00,0x2F,0xFF,0xF0,0xFF,0x08,0xFF,0xF5,0xAB,0x00,0xAD,0xED,
	0xDB,0x6D,0xA0,0x7F,0x6F,0xC0,0xFF,0xFF,0x0F,0xFF,0xFF,0xFE,0x03,0xFF,0xFB,0xFF,0xFF,0xFB,0xFF,0xF8,0x00,0x17,0xFF,0xF0,0xFF,0x08,0xFF,0xF5,0xBF,0x00,0xAD,0xED,
	0xDB,0x6D,0xA0,0x3F,0x4F,0xC0,0xFF,0xFF,0x0F,0xFF,0xFF,0xFE,0x03,0xFF,0xFD,0xFF,0xFF,0xEF,0xFF,0xF2,0x00,0x0B,0xFF,0xF0,0xFF,0x08,0xFF,0xF5,0xAB,0x02,0xAD,0xED,
	0xDB,0x6D,0xB5,0x3F,0x4F,0xC0,0x00,0x00,0x0F,0xFF,0xFF,0xFE,0x07,0xFF,0xFE,0xFF,0xFF,0xDF,0xFF,0xFA,0x00,0x0F,0xFF,0xF0,0x00,0x08,0xFF,0xFD,0xBF,0x4A,0xAD,0xED,
	0xDB,0x6D,0xB5,0x33,0x4F,0xC0,0x0F,0x00,0x0F,0xFF,0xFF,0xFC,0x0F,0xFF,0xFF,0xBF,0xFF,0xBF,0xFF,0xFA,0x00,0x1F,0xFF,0xF0,0x00,0x3C,0xFF,0xFD,0xAB,0x42,0xAD,0xED,
	0xDB,0x6D,0xA1,0x33,0x47,0xC0,0x1F,0xC0,0x0F,0x07,0xFF,0xF8,0x0F,0xFF,0xFF,0xCF,0xFE,0xFF,0xFF,0xFA,0x00,0x3F,0xFF,0xE0,0x01,0xFF,0x80,0xF5,0xAB,0x40,0xAD,0xED,
	0xDB,0x6D,0xBD,0x3F,0x2F,0xC0,0xFF,0xC0,0x0F,0xFF,0xFF,0x88,0x0B,0xFF,0xFF,0xFB,0xF3,0xFF,0xFF,0xFA,0x00,0x3F,0xFF,0xF0,0x01,0xFF,0xC0,0xF7,0xBF,0x4A,0xAD,0xED,
	0xDB,0x6D,0xA1,0x3E,0x61,0xC1,0xDB,0xC0,0x0F,0xFF,0xFF,0xE0,0x0F,0xFF,0xFF,0xFF,0xFF,0xFF,0xFF,0xFA,0xFF,0x7F,0xFF,0xF0,0x01,0x95,0xC0,0xE0,0x3F,0x42,0xAD,0xED,
	0xDB,0x6D,0xAD,0x3F,0xD1,0xFF,0xDF,0xC0,0x0F,0xFF,0xFF,0xFC,0x0F,0xFF,0xFF,0xFF,0xFF,0xFF,0xFF,0xFA,0xFF,0x7F,0xFF,0xF0,0x01,0xFD,0xE6,0xE7,0xFF,0x42,0xAD,0xED,
	0xDB,0x6D,0xB1,0x3F,0xC1,0xF1,0xDB,0xC0,0x0F,0xFF,0xFF,0xFC,0x0F,0xFF,0xFF,0xFF,0xFF,0xFF,0xFF,0xFA,0xFF,0xFF,0xFF,0xF0,0x01,0xFD,0xEE,0xE1,0x9F,0x4A,0xAD,0xED,
	0xDB,0x6D,0xB5,0x3F,0xD8,0x77,0xDB,0xC0,0x0F,0xFF,0xFF,0xFC,0x0F,0xFF,0xFF,0xFF,0xFF,0xFF,0xFF,0xFE,0xFE,0xFF,0xFF,0xF0,0x01,0xFD,0xEA,0xE7,0xFE,0x4A,0xAD,0xED,
	0xDB,0x6D,0xA1,0x3F,0xDE,0x07,0xD8,0xF0,0x07,0xFF,0xFF,0xF8,0x0F,0xFF,0xFF,0xFF,0xFF,0xFF,0xFF,0xFE,0xFE,0xFF,0xFF,0xE0,0x01,0xD5,0xEC,0x0F,0xAA,0x40,0xAD,0xED,
	0xDB,0x6D,0xA1,0x3E,0xDF,0xF7,0xDF,0xF0,0x07,0x03,0xFF,0x30,0x0F,0xFF,0xFF,0xFF,0xFF,0xFF,0xFF,0xFE,0xFE,0xFD,0xFF,0xE0,0x01,0xFD,0xFF,0xFF,0xAA,0x42,0xAD,0xED,
	0xDB,0x6D,0xB5,0x3F,0xDF,0xFF,0xDB,0xF0,0x07,0x7F,0xFF,0x90,0x0F,0xFF,0xFF,0xFF,0x9F,0xFF,0xFF,0xFE,0xFE,0xF8,0xFF,0xE0,0x01,0xBD,0xEF,0xFF,0xFE,0x4A,0xAD,0xED,
	0xDB,0x6D,0xB1,0x3F,0xDF,0xF5,0xDF,0xF0,0x07,0xFF,0xFF,0xE8,0x0F,0xFF,0xFF,0xFF,0x9F,0xFF,0xFF,0xFC,0x7E,0xF0,0x7F,0xE0,0x01,0xF5,0xE3,0xFF,0xAA,0x42,0xAD,0xED,
	0xDB,0x6D,0xA1,0x2F,0xDF,0xF5,0xD8,0xD0,0x07,0xFF,0xFF,0xF8,0x0F,0xFF,0xFF,0xFF,0x0F,0xFF,0xFF,0xF0,0x7E,0xF0,0x7F,0xE0,0x01,0xDD,0xEB,0xFF,0xAA,0x40,0xAD,0xED,
	0x5B,0x6D,0xB1,0x3F,0xC0,0x3F,0xDF,0xD0,0x07,0xFF,0xFF,0xF8,0x0F,0xFF,0xFF,0xFF,0x0F,0xFF,0xFF,0xF8,0x7E,0xF0,0x7F,0xC0,0x01,0xFD,0xFF,0xFF,0xFE,0x4A,0xAD,0xED,
	0x5B,0x6D,0xB5,0x3F,0xDE,0x3D,0xD8,0xDC,0x07,0xFF,0xFF,0xF8,0x0F,0xFF,0xFF,0xFE,0x0F,0xFF,0xFF,0xF0,0x7F,0xF0,0x7F,0xC0,0x0D,0x95,0xEE,0x03,0xFE,0x4A,0xAD,0xED,
	0x5B,0x6D,0xA1,0x3C,0xDC,0x3D,0xDF,0xDF,0x03,0xFF,0xFF,0xE0,0x0F,0xFF,0xFF,0xFE,0x0F,0xFF,0xFF,0xF4,0xFF,0xC0,0x7F,0x80,0x7D,0xFD,0xEE,0x3E,0xAE,0x40,0xAD,0xED,
	0x5B,0x6D,0xA1,0x3C,0xDC,0x3F,0xD8,0xD3,0x03,0x07,0xFE,0xE0,0x0F,0xFF,0xFF,0xFE,0x07,0xFF,0xFF,0xF4,0xFF,0x7F,0x7F,0x7F,0xCD,0xF5,0xEE,0x1F,0xFE,0x42,0xAD,0xED,
	0xDB,0x6D,0xA5,0x3F,0xDC,0x3D,0xDF,0xD3,0x03,0x7F,0xFF,0xC0,0x0F,0xFF,0xFF,0xFE,0x07,0xFF,0xFF,0xF4,0xFF,0x7F,0xFE,0x7F,0xC5,0xFD,0xEE,0x1F,0xAE,0x4A,0xAD,0xED,
	0xDB,0x6D,0xA1,0x3F,0xDC,0x3D,0xDA,0xD3,0x03,0xFF,0xFF,0xF0,0x0F,0xFF,0xFF,0xFA,0x07,0xFF,0xFF,0xF0,0xFF,0xFE,0xFE,0x7F,0xC5,0xDD,0xEE,0x1F,0xAE,0x42,0xAD,0xED,
	0x5B,0x6D,0xA5,0x3F,0xDE,0xC7,0xDA,0xD3,0x03,0xFF,0xFF,0xF0,0x0F,0xFF,0xFF,0xF8,0x07,0xFF,0xFF,0xE8,0xFF,0xFC,0xFC,0xFF,0xC5,0xFD,0xFC,0x1F,0xFE,0x42,0xAD,0xED,
	0x5B,0x6D,0xB1,0x3F,0xD8,0x07,0xDF,0xCF,0x00,0xFF,0xFF,0xC0,0x07,0xFF,0xFF,0xF4,0x03,0xFF,0xFF,0xF8,0xFF,0x07,0xFC,0xFF,0xFD,0xFD,0xF0,0x17,0xFE,0x4A,0xAD,0xED,
	0xDB,0x6D,0xB5,0x3F,0xD8,0x07,0xDF,0xCF,0x00,0x7F,0xFF,0x80,0x07,0xFF,0xFF,0xF8,0x07,0xFF,0xFF,0xE8,0xFF,0x0F,0xF8,0xFF,0xF9,0xFD,0xF3,0xFF,0xFE,0x4A,0xAD,0xED,
	0xDB,0x6D,0xA1,0x3F,0xDF,0xC7,0xDF,0xC7,0x00,0x47,0xFC,0xC0,0x0F,0xFF,0xFF,0xD8,0x07,0xFF,0xFF,0xF8,0xFF,0x0F,0xF8,0xFF,0xB9,0xFD,0xF0,0x0F,0xFE,0x42,0xAD,0xED,
	0xDB,0x6D,0xB5,0x3F,0xDF,0xE7,0xDF,0xD7,0x00,0x1F,0xFF,0xC0,0x0F,0xFF,0xFF,0xF8,0x0F,0xFF,0xFF,0xD0,0xFF,0x0F,0xE0,0xFF,0xF1,0xFD,0xF0,0x27,0xFE,0x42,0xAD,0xED,
	0xDB,0x6D,0xB5,0x3F,0xDF,0xE7,0xDE,0x57,0x00,0xFF,0xFF,0xE0,0x0F,0xFF,0xFF,0xF8,0x0F,0xFF,0xFF,0xF0,0xFF,0x0F,0xC0,0xFF,0xF1,0xFD,0xF3,0xFF,0xFE,0x0A,0xAD,0xED,
	0xDB,0x6D,0xA1,0x3F,0xDF,0xC7,0xDF,0xD7,0x00,0xFF,0xFF,0xC0,0x0F,0xFF,0xFF,0xE8,0x0F,0xFF,0xFF,0xF0,0xFF,0x03,0x80,0xFF,0xF9,0xFD,0xF3,0xFF,0xFE,0x02,0xAD,0xED,
	0xDB,0x6D,0xA1,0x3F,0xDF,0xE7,0xDF,0xD7,0x00,0x3F,0xFF,0x00,0x0F,0xFF,0xFF,0xE8,0x0F,0xFF,0xFF,0xF4,0xFF,0x00,0x00,0xFF,0xD9,0xFD,0xF3,0xFF,0xFE,0x02,0xAD,0xED,
	0xDB,0x6D,0xB5,0x3F,0xDF,0xE7,0xDF,0x47,0x00,0x1F,0xFF,0x00,0x0F,0xFF,0xFF,0xE4,0x0F,0xFF,0xFF,0xF4,0xFF,0x00,0x00,0xFF,0xFB,0xFD,0xF2,0xA7,0xFE,0x0A,0xAD,0xED,
	0x00,0x00,0x00,0x00,0x00,0x00,0x00,0x00,0x00,0x00,0x00,0x00,0x00,0x00,0x00,0x00,0x00,0x00,0x00,0x00,0x00,0x00,0x00,0x00,0x00,0x00,0x00,0x00,0x00,0x00,0x00,0x00,
	0x00,0x00,0x00,0x00,0x00,0x00,0x00,0x00,0x00,0x00,0x00,0x00,0x00,0x00,0x00,0x00,0x00,0x00,0x00,0x00,0x00,0x00,0x00,0x00,0x00,0x00,0x00,0x00,0x00,0x00,0x00,0x00,
	0xFF,0xFF,0xFF,0xFF,0xFF,0xFF,0xFF,0xFF,0xFF,0xFF,0xFF,0xFF,0xFF,0xFF,0xFF,0xFF,0xFF,0xFF,0xFF,0xFF,0xFF,0xFF,0xFF,0xFF,0xFF,0xFF,0xFF,0xFF,0xFF,0xFF,0xFF,0xFF,
	0xFF,0xFF,0xFF,0xFF,0xFF,0xFF,0xFF,0xFF,0xFF,0xFF,0xFF,0xFF,0xFF,0xFF,0xFF,0xFF,0xFF,0xFF,0xFF,0xFF,0xFF,0xFF,0xFF,0xFF,0xFF,0xFF,0xFF,0xFF,0xFF,0xFF,0xFF,0xFF,

	0x00,0x00,0x00,0x00,0x00,0x00,0x00,0x00,0x00,0x00,0x00,0x00,0x00,0x00,0x00,0x00,0x00,0x00,0x00,0x00,0x00,0x00,0x00,0x00,0x00,0x00,0x00,0x00,0x00,0x00,0x00,0x00,
	0x00,0x00,0x00,0x00,0x00,0x00,0x00,0x00,0x00,0x00,0x00,0x00,0x00,0x00,0x00,0x00,0x00,0x00,0x00,0x00,0x00,0x00,0x00,0x00,0x00,0x00,0x00,0x00,0x00,0x00,0x00,0x00,
	0x00,0x00,0x00,0x00,0x00,0x00,0x00,0x00,0x00,0x00,0x00,0x00,0x00,0x00,0x00,0x00,0x00,0x00,0x00,0x00,0x00,0x00,0x00,0x00,0x00,0x00,0x00,0x00,0x00,0x00,0x00,0x00,
	0x00,0x00,0x00,0x00,0x00,0x00,0x00,0x00,0x00,0x00,0x00,0x00,0x00,0x00,0x00,0x00,0x00,0x00,0x00,0x00,0x00,0x00,0x00,0x00,0x00,0x00,0x00,0x00,0x00,0x00,0x00,0x00,
	0x00,0x00,0x00,0x00,0x00,0x00,0x00,0x00,0x00,0x00,0x00,0x00,0x00,0x00,0x00,0x00,0x00,0x00,0x00,0x00,0x00,0x00,0x00,0x00,0x00,0x00,0x00,0x00,0x00,0x00,0x00,0x00,
	0x00,0x00,0x00,0x00,0x00,0x00,0x00,0x00,0x00,0x00,0x00,0x00,0x00,0x00,0x00,0x00,0x00,0x00,0x00,0x00,0x00,0x00,0x00,0x00,0x00,0x00,0x00,0x00,0x00,0x00,0x00,0x00,
	0x00,0x00,0x00,0x00,0x00,0x00,0x00,0x00,0x00,0x00,0x00,0x00,0x00,0x00,0x00,0x00,0x00,0x00,0x00,0x00,0x00,0x00,0x00,0x00,0x00,0x00,0x00,0x00,0x00,0x00,0x00,0x00,
	0x00,0x00,0x00,0x00,0x00,0x00,0x00,0x00,0x00,0x00,0x00,0x00,0x00,0x00,0x00,0x00,0x00,0x00,0x00,0x00,0x00,0x00,0x00,0x00,0x00,0x00,0x00,0x00,0x00,0x00,0x00,0x00,
	0x00,0x00,0x00,0x00,0x00,0x00,0x00,0x00,0x00,0x00,0x00,0x00,0x00,0x00,0x00,0x00,0x00,0x00,0x00,0x00,0x00,0x00,0x00,0x00,0x00,0x00,0x00,0x00,0x00,0x00,0x00,0x00,
	0x00,0x00,0x00,0x00,0x00,0x00,0x00,0x00,0x00,0x00,0x00,0x00,0x00,0x00,0x00,0x00,0x00,0x00,0x00,0x00,0x00,0x00,0x00,0x00,0x00,0x00,0x00,0x00,0x00,0x00,0x00,0x00,
	0x00,0x00,0x00,0x00,0x00,0x00,0x00,0x00,0x00,0x00,0x00,0x00,0x00,0x00,0x00,0x00,0x00,0x00,0x00,0x00,0x00,0x00,0x00,0x00,0x00,0x00,0x00,0x00,0x00,0x00,0x00,0x00,
	0x00,0x00,0x00,0x00,0x00,0x00,0x00,0x00,0x00,0x00,0x00,0x00,0x00,0x00,0x00,0x00,0x00,0x00,0x00,0x00,0x00,0x00,0x00,0x00,0x00,0x00,0x00,0x00,0x00,0x00,0x00,0x00,
	0x00,0x00,0x00,0x00,0x00,0x00,0x00,0x00,0x00,0x00,0x00,0x00,0x00,0x00,0x00,0x00,0x00,0x00,0x00,0x00,0x00,0x00,0x00,0x00,0x00,0x00,0x00,0x00,0x00,0x00,0x00,0x00,
	0x00,0x00,0x00,0x00,0x00,0x00,0x00,0x00,0x00,0x00,0x00,0x00,0x00,0x00,0x00,0x00,0x00,0x00,0x00,0x00,0x00,0x00,0x00,0x00,0x00,0x00,0x00,0x00,0x00,0x00,0x00,0x00,
	0x00,0x00,0x00,0x00,0x00,0x00,0x00,0x00,0x00,0x00,0x00,0x00,0x00,0x00,0x00,0x00,0x00,0x00,0x00,0x00,0x00,0x00,0x00,0x00,0x00,0x00,0x00,0x00,0x00,0x00,0x00,0x00,
	0x00,0x00,0x00,0x00,0x00,0x00,0x00,0x00,0x00,0x00,0x00,0x00,0x00,0x00,0x00,0x00,0x00,0x00,0x00,0x00,0x00,0x00,0x00,0x00,0x00,0x00,0x00,0x00,0x00,0x00,0x00,0x00,
	0x00,0x00,0x00,0x00,0x00,0x00,0x00,0x00,0x00,0x00,0x00,0x00,0x00,0x00,0x00,0x00,0x00,0x00,0x00,0x00,0x00,0x00,0x00,0x00,0x00,0x00,0x00,0x00,0x00,0x00,0x00,0x00,
	0x00,0x00,0x00,0x00,0x00,0x00,0x00,0x00,0x00,0x00,0x00,0x00,0x00,0x00,0x00,0x00,0x00,0x00,0x00,0x00,0x00,0x00,0x00,0x00,0x00,0x00,0x00,0x00,0x00,0x00,0x00,0x00,
	0x00,0x00,0x00,0x00,0x00,0x00,0x00,0x00,0x00,0x00,0x00,0x00,0x00,0x00,0x00,0x00,0x00,0x00,0x00,0x00,0x00,0x00,0x00,0x00,0x00,0x00,0x00,0x00,0x00,0x00,0x00,0x00,
	0x00,0x00,0x00,0x00,0x00,0x00,0x00,0x00,0x00,0x00,0x00,0x00,0x00,0x00,0x00,0x00,0x00,0x00,0x00,0x00,0x00,0x00,0x00,0x00,0x00,0x00,0x00,0x00,0x00,0x00,0x00,0x00,
	0x00,0x00,0x00,0x00,0x00,0x00,0x00,0x00,0x00,0x00,0x00,0x00,0x00,0x00,0x00,0x00,0x00,0x00,0x00,0x00,0x00,0x00,0x00,0x00,0x00,0x00,0x00,0x00,0x00,0x00,0x00,0x00,
	0x00,0x00,0x00,0x00,0x00,0x00,0x00,0x00,0x00,0x00,0x00,0x00,0x00,0x00,0x00,0x00,0x00,0x00,0x00,0x00,0x00,0x00,0x00,0x00,0x00,0x00,0x00,0x00,0x00,0x00,0x00,0x00,
	0x00,0x00,0x00,0x00,0x00,0x00,0x00,0x00,0x00,0x00,0x00,0x00,0x00,0x00,0x00,0x00,0x00,0x00,0x00,0x00,0x00,0x00,0x00,0x00,0x00,0x00,0x00,0x00,0x00,0x00,0x00,0x00,
	0x00,0x00,0x00,0x00,0x00,0x00,0x00,0x00,0x00,0x00,0x00,0x00,0x00,0x00,0x00,0x00,0x00,0x00,0x00,0x00,0x00,0x00,0x00,0x00,0x00,0x00,0x00,0x00,0x00,0x00,0x00,0x00,
	0x00,0x00,0x00,0x00,0x00,0x00,0x00,0x00,0x00,0x00,0x00,0x00,0x00,0x00,0x00,0x00,0x00,0x00,0x00,0x00,0x00,0x00,0x00,0x00,0x00,0x00,0x00,0x00,0x00,0x00,0x00,0x00,
	0x00,0x00,0x00,0x00,0x00,0x00,0x00,0x00,0x00,0x00,0x00,0x00,0x00,0x00,0x00,0x00,0x00,0x00,0x00,0x00,0x00,0x00,0x00,0x00,0x00,0x00,0x00,0x00,0x00,0x00,0x00,0x00,
	0x00,0x00,0x00,0x00,0x00,0x00,0x00,0x00,0x00,0x00,0x00,0x00,0x00,0x00,0x00,0x00,0x00,0x00,0x00,0x00,0x00,0x00,0x00,0x00,0x00,0x00,0x00,0x00,0x00,0x00,0x00,0x00,
	0x00,0x00,0x00,0x00,0x00,0x00,0x00,0x00,0x00,0x00,0x00,0x00,0x00,0x00,0x00,0x00,0x00,0x00,0x00,0x00,0x00,0x00,0x00,0x00,0x00,0x00,0x00,0x00,0x00,0x00,0x00,0x00,
	0x00,0x00,0x00,0x00,0x00,0x00,0x00,0x00,0x00,0x00,0x00,0x00,0x00,0x00,0x00,0x00,0x00,0x00,0x00,0x00,0x00,0x00,0x00,0x00,0x00,0x00,0x00,0x00,0x00,0x00,0x00,0x00,
	0x00,0x00,0x00,0x00,0x00,0x00,0x00,0x00,0x00,0x00,0x00,0x00,0x00,0x00,0x00,0x00,0x00,0x00,0x00,0x00,0x00,0x00,0x00,0x00,0x00,0x00,0x00,0x00,0x00,0x00,0x00,0x00,
	0x00,0x00,0x00,0x00,0x00,0x00,0x00,0x00,0x00,0x00,0x00,0x00,0x00,0x00,0x00,0x00,0x00,0x00,0x00,0x00,0x00,0x00,0x00,0x00,0x00,0x00,0x00,0x00,0x00,0x00,0x00,0x00,
	0x00,0x00,0x00,0x00,0x00,0x00,0x00,0x00,0x00,0x00,0x00,0x00,0x00,0x00,0x00,0x00,0x00,0x00,0x00,0x00,0x00,0x00,0x00,0x00,0x00,0x00,0x00,0x00,0x00,0x00,0x00,0x00,
	0x00,0x00,0x00,0x00,0x00,0x00,0x00,0x00,0x00,0x00,0x00,0x00,0x00,0x00,0x00,0x00,0x00,0x00,0x00,0x00,0x00,0x00,0x00,0x00,0x00,0x00,0x00,0x00,0x00,0x00,0x00,0x00,
	0x00,0x00,0x00,0x00,0x00,0x00,0x00,0x00,0x00,0x00,0x00,0x00,0x00,0x00,0x00,0x00,0x00,0x00,0x00,0x00,0x00,0x00,0x00,0x00,0x00,0x00,0x00,0x00,0x00,0x00,0x00,0x00,
	0x00,0x00,0x00,0x00,0x00,0x00,0x00,0x00,0x00,0x00,0x00,0x00,0x00,0x00,0x00,0x00,0x00,0x00,0x00,0x00,0x00,0x00,0x00,0x00,0x00,0x00,0x00,0x00,0x00,0x00,0x00,0x00,
	0x00,0x00,0x00,0x00,0x00,0x00,0x00,0x00,0x00,0x00,0x00,0x00,0x00,0x00,0x00,0x00,0x00,0x00,0x00,0x00,0x00,0x00,0x00,0x00,0x00,0x00,0x00,0x00,0x00,0x00,0x00,0x00,
	0x00,0x00,0x00,0x00,0x00,0x00,0x00,0x00,0x00,0x00,0x00,0x00,0x00,0x00,0x00,0x00,0x00,0x00,0x00,0x00,0x00,0x00,0x00,0x00,0x00,0x00,0x00,0x00,0x00,0x00,0x00,0x00,
	0x00,0x00,0x00,0x00,0x00,0x00,0x00,0x00,0x00,0x00,0x00,0x00,0x00,0x00,0x00,0x00,0x00,0x00,0x00,0x00,0x00,0x00,0x00,0x00,0x00,0x00,0x00,0x00,0x00,0x00,0x00,0x00,
	0x00,0x00,0x00,0x00,0x00,0x00,0x00,0x00,0x00,0x00,0x00,0x00,0x00,0x00,0x00,0x00,0x00,0x00,0x00,0x00,0x00,0x00,0x00,0x00,0x00,0x00,0x00,0x00,0x00,0x00,0x00,0x00,
	0x00,0x00,0x00,0x00,0x00,0x00,0x00,0x00,0x00,0x00,0x00,0x00,0x00,0x00,0x00,0x00,0x00,0x00,0x00,0x00,0x00,0x00,0x00,0x00,0x00,0x00,0x00,0x00,0x00,0x00,0x00,0x00,

	0xFF,0xFF,0xFF,0xFF,0xFF,0xFF,0xFF,0xFF,0xFF,0xFF,0xFF,0xFF,0xFF,0xFF,0xFF,0xFF,0xFF,0xFF,0xFF,0xFF,0xFF,0xFF,0xFF,0xFF,0xFF,0xFF,0xFF,0xFF,0xFF,0xFF,0xFF,0xFF,
	0xFF,0xFF,0xFF,0xFF,0xFF,0xFF,0xFF,0xFF,0xFF,0xFF,0xFF,0xFF,0xFF,0xFF,0xFF,0xFF,0xFF,0xFF,0xFF,0xFF,0xFF,0xFF,0xFF,0xFF,0xFF,0xFF,0xFF,0xFF,0xFF,0xFF,0xFF,0xFF,
	0x00,0x00,0x00,0x00,0x00,0x00,0x00,0x00,0x00,0x00,0x00,0x00,0x00,0x00,0x00,0x00,0x00,0x00,0x00,0x00,0x00,0x00,0x00,0x00,0x00,0x00,0x00,0x00,0x00,0x00,0x00,0x00,
	0x00,0x00,0x00,0x00,0x00,0x00,0x00,0x00,0x00,0x00,0x00,0x00,0x00,0x00,0x00,0x00,0x00,0x00,0x00,0x00,0x00,0x00,0x00,0x00,0x00,0x00,0x00,0x00,0x00,0x00,0x00,0x00,
	0x80,0x1F,0xFF,0xE0,0x3F,0xFF,0x00,0x3F,0xFF,0x00,0x07,0xFF,0xC0,0x03,0xFF,0xE0,0x07,0xFF,0xFF,0x80,0x7F,0xFC,0x00,0x1F,0xFF,0x80,0x1F,0xFF,0x80,0xFF,0xFF,0xF0,
	0x03,0xFF,0xFE,0x01,0xFF,0xF8,0x01,0xFF,0xFC,0x00,0x1F,0xFF,0x80,0x07,0xFF,0xE0,0x07,0xFF,0xFF,0x80,0x3F,0xFE,0x00,0x07,0xFF,0xF0,0x07,0xFF,0xF0,0x1F,0xFF,0xFF,
	0x1F,0xFF,0xF8,0x0F,0xFF,0xE0,0x07,0xFF,0xF0,0x00,0x3F,0xFF,0x00,0x0F,0xFF,0xE0,0x03,0xFF,0xFF,0x00,0x1F,0xFF,0x80,0x01,0xFF,0xFC,0x01,0xFF,0xF8,0x07,0xFF,0xFF,
	0xFF,0xFF,0xF0,0x3F,0xFF,0x80,0x3F,0xFF,0xC0,0x00,0xFF,0xFE,0x00,0x1F,0xFF,0xE0,0x03,0xFF,0xFF,0x00,0x0F,0xFF,0xC0,0x00,0x7F,0xFF,0x80,0x3F,0xFF,0x00,0x7F,0xFF,
	0xFF,0xFF,0xC0,0xFF,0xFE,0x00,0xFF,0xFF,0x00,0x03,0xFF,0xFC,0x00,0x1F,0xFF,0xE0,0x03,0xFF,0xFF,0x00,0x07,0xFF,0xF0,0x00,0x1F,0xFF,0xE0,0x0F,0xFF,0xE0,0x1F,0xFF,
	0xFF,0xFF,0x03,0xFF,0xFC,0x07,0xFF,0xFC,0x00,0x07,0xFF,0xF8,0x00,0x3F,0xFF,0xC0,0x01,0xFF,0xFF,0x80,0x03,0xFF,0xFC,0x00,0x07,0xFF,0xFC,0x03,0xFF,0xF8,0x07,0xFF,
	0xFF,0xF8,0x0F,0xFF,0xF0,0x1F,0xFF,0xF0,0x00,0x1F,0xFF,0xF0,0x00,0x7F,0xFF,0xC0,0x01,0xFF,0xFF,0x80,0x01,0xFF,0xFE,0x00,0x01,0xFF,0xFF,0x00,0xFF,0xFE,0x00,0xFF,
	0xFF,0xE0,0x3F,0xFF,0xC0,0xFF,0xFF,0xC0,0x00,0x3F,0xFF,0xE0,0x00,0x7F,0xFF,0xC0,0x01,0xFF,0xFF,0xC0,0x00,0xFF,0xFF,0x80,0x00,0xFF,0xFF,0xC0,0x3F,0xFF,0x80,0xFF,
};

const uint8_t titleScreenAttr[1536] __attribute__((aligned(4))) ={

	0x38,0x38,0x38,0x38,0x38,0x38,0x38,0x38,0x10,0x50,0x50,0x50,0x7A,0x7A,0x7A,0x7A,0x7A,0x7A,0x7A,0x7A,0x7A,0x50,0x50,0x10,0x38,0x38,0x38,0x38,0x38,0x38,0x38,0x38,
	0x38,0x38,0x38,0x38,0x38,0x38,0x38,0x38,0x50,0x50,0x50,0x50,0x7A,0x7A,0x7A,0x7A,0x7A,0x7A,0x7A,0x7A,0x7A,0x7A,0x50,0x50,0x10,0x38,0x38,0x38,0x38,0x38,0x38,0x38,
	0x38,0x38,0x38,0x38,0x38,0x38,0x38,0x50,0x50,0x50,0x7A,0x7A,0x7A,0x7A,0x7A,0x7A,0x7A,0x7A,0x7A,0x7A,0x7A,0x7A,0x50,0x50,0x50,0x38,0x38,0x38,0x38,0x38,0x38,0x38,
	0x38,0x78,0x38,0x38,0x38,0x38,0x10,0x50,0x50,0x50,0x7A,0x7A,0x7A,0x7A,0x7A,0x50,0x7A,0x7A,0x7A,0x7A,0x7A,0x7A,0x50,0x50,0x50,0x10,0x38,0x38,0x38,0x38,0x38,0x38,
	0x38,0x78,0x38,0x38,0x38,0x38,0x50,0x50,0x7A,0x7A,0x7A,0x7A,0x7A,0x7A,0x7A,0x78,0x78,0x7A,0x7A,0x7A,0x7A,0x7A,0x7A,0x50,0x50,0x50,0x38,0x38,0x38,0x38,0x38,0x38,
	0x38,0x78,0x38,0x38,0x38,0x38,0x50,0x50,0x7A,0x7A,0x7A,0x7A,0x7A,0x7A,0x78,0x78,0x78,0x78,0x50,0x7A,0x7A,0x7A,0x7A,0x50,0x50,0x50,0x10,0x38,0x38,0x38,0x38,0x38,
	0x38,0x78,0x38,0x38,0x38,0x50,0x50,0x50,0x7A,0x7A,0x7A,0x7A,0x50,0x50,0x78,0x78,0x78,0x78,0x78,0x7A,0x7A,0x7A,0x7A,0x50,0x50,0x50,0x50,0x38,0x38,0x38,0x38,0x38,
	0x38,0x78,0x38,0x38,0x38,0x50,0x50,0x50,0x7A,0x7A,0x7A,0x7A,0x50,0x78,0x78,0x38,0x78,0x78,0x78,0x50,0x7A,0x7A,0x7A,0x7A,0x7A,0x50,0x50,0x38,0x38,0x38,0x38,0x38,
	0x38,0x78,0x38,0x38,0x38,0x50,0x50,0x50,0x7A,0x7A,0x7A,0x7A,0x50,0x78,0x78,0x78,0x78,0x78,0x78,0x50,0x7A,0x7A,0x7A,0x7A,0x7A,0x50,0x50,0x10,0x38,0x38,0x78,0x38,
	0x38,0x78,0x38,0x38,0x50,0x50,0x50,0x50,0x50,0x7A,0x7A,0x7A,0x50,0x78,0x78,0x78,0x78,0x78,0x78,0x50,0x7A,0x7A,0x7A,0x7A,0x7A,0x50,0x50,0x50,0x38,0x38,0x78,0x38,
	0x38,0x78,0x38,0x38,0x50,0x50,0x50,0x50,0x50,0x7A,0x7A,0x7A,0x50,0x78,0x78,0x78,0x78,0x78,0x38,0x78,0x7A,0x7A,0x7A,0x7A,0x7A,0x50,0x50,0x50,0x38,0x38,0x78,0x38,
	0x38,0x78,0x38,0x38,0x50,0x50,0x50,0x50,0x7A,0x7A,0x7A,0x7A,0x50,0x78,0x38,0x78,0x78,0x78,0x78,0x78,0x7A,0x7A,0x7A,0x7A,0x7A,0x50,0x50,0x50,0x10,0x38,0x78,0x38,
	0x38,0x78,0x38,0x38,0x50,0x50,0x7A,0x50,0x7A,0x7A,0x7A,0x50,0x78,0x78,0x78,0x78,0x78,0x78,0x38,0x78,0x7A,0x7A,0x7A,0x7A,0x7A,0x50,0x50,0x50,0x10,0x38,0x78,0x38,
	0x38,0x78,0x38,0x10,0x50,0x50,0x7A,0x7A,0x7A,0x7A,0x7A,0x50,0x78,0x78,0x78,0x38,0x38,0x78,0x78,0x78,0x78,0x7A,0x7A,0x7A,0x7A,0x50,0x50,0x50,0x50,0x38,0x78,0x38,
	0x38,0x38,0x78,0x50,0x50,0x7A,0x7A,0x7A,0x7A,0x7A,0x7A,0x50,0x38,0x78,0x78,0x78,0x78,0x78,0x78,0x78,0x38,0x50,0x7A,0x7A,0x7A,0x50,0x50,0x50,0x50,0x38,0x78,0x38,
	0x38,0x38,0x78,0x50,0x50,0x7A,0x7A,0x7A,0x7A,0x7A,0x7A,0x78,0x38,0x78,0x78,0x78,0x78,0x78,0x78,0x78,0x38,0x50,0x7A,0x7A,0x7A,0x50,0x50,0x50,0x50,0x38,0x78,0x38,
	0x38,0x38,0x78,0x50,0x50,0x7A,0x7A,0x7A,0x7A,0x7A,0x50,0x38,0x38,0x78,0x78,0x78,0x78,0x78,0x38,0x78,0x38,0x50,0x7A,0x7A,0x7A,0x50,0x50,0x50,0x50,0x38,0x78,0x38,
	0x38,0x38,0x78,0x50,0x50,0x7A,0x7A,0x7A,0x7A,0x7A,0x50,0x38,0x38,0x78,0x78,0x78,0x78,0x78,0x38,0x78,0x38,0x50,0x7A,0x7A,0x50,0x50,0x50,0x50,0x50,0x38,0x78,0x38,
	0x38,0x38,0x78,0x50,0x50,0x7A,0x7A,0x7A,0x7A,0x7A,0x78,0x38,0x38,0x78,0x78,0x78,0x78,0x78,0x78,0x38,0x38,0x38,0x50,0x7A,0x50,0x50,0x50,0x50,0x78,0x38,0x78,0x38,
	0x38,0x38,0x78,0x50,0x50,0x7A,0x7A,0x7A,0x7A,0x7A,0x38,0x38,0x38,0x38,0x78,0x78,0x78,0x78,0x78,0x38,0x38,0x38,0x50,0x7A,0x50,0x50,0x50,0x50,0x78,0x38,0x78,0x38,
	0x38,0x38,0x78,0x78,0x50,0x7A,0x7A,0x7A,0x7A,0x78,0x38,0x38,0x38,0x38,0x38,0x38,0x38,0x78,0x38,0x38,0x38,0x38,0x38,0x7A,0x50,0x50,0x7A,0x78,0x78,0x78,0x38,0x38,
	0x38,0x38,0x78,0x78,0x50,0x7A,0x7A,0x7A,0x50,0x78,0x38,0x38,0x38,0x38,0x78,0x38,0x38,0x38,0x38,0x38,0x38,0x38,0x38,0x7A,0x7A,0x50,0x7A,0x78,0x78,0x78,0x38,0x38,
	0x38,0x38,0x38,0x38,0x78,0x50,0x7A,0x7A,0x50,0x38,0x38,0x38,0x38,0x38,0x38,0x38,0x38,0x78,0x38,0x38,0x38,0x78,0x38,0x50,0x7A,0x50,0x50,0x78,0x38,0x78,0x38,0x38,
	0x38,0x38,0x38,0x38,0x78,0x50,0x7A,0x7A,0x50,0x38,0x38,0x38,0x10,0x38,0x38,0x38,0x38,0x38,0x38,0x38,0x38,0x38,0x38,0x50,0x7A,0x50,0x50,0x78,0x38,0x78,0x38,0x38,
	0x38,0x38,0x38,0x38,0x78,0x50,0x7A,0x7A,0x50,0x38,0x38,0x10,0x50,0x38,0x38,0x38,0x38,0x38,0x38,0x38,0x10,0x38,0x38,0x50,0x7A,0x50,0x50,0x78,0x38,0x78,0x38,0x38,
	0x38,0x38,0x38,0x38,0x78,0x50,0x7A,0x7A,0x50,0x38,0x38,0x10,0x10,0x38,0x38,0x38,0x38,0x38,0x38,0x38,0x10,0x38,0x38,0x50,0x7A,0x50,0x7A,0x78,0x38,0x78,0x38,0x38,
	0x38,0x38,0x38,0x38,0x78,0x50,0x7A,0x7A,0x50,0x38,0x38,0x10,0x10,0x38,0x38,0x38,0x38,0x38,0x38,0x38,0x10,0x10,0x38,0x50,0x7A,0x50,0x7A,0x78,0x38,0x38,0x38,0x38,
	0x38,0x38,0x38,0x38,0x78,0x50,0x50,0x50,0x50,0x38,0x38,0x10,0x10,0x38,0x38,0x38,0x38,0x38,0x38,0x38,0x10,0x10,0x38,0x50,0x50,0x50,0x7A,0x78,0x38,0x38,0x38,0x38,
	0x38,0x38,0x38,0x38,0x78,0x78,0x78,0x50,0x50,0x38,0x38,0x10,0x10,0x38,0x38,0x38,0x38,0x38,0x38,0x38,0x3A,0x38,0x38,0x50,0x50,0x78,0x78,0x78,0x38,0x38,0x38,0x38,
	0x38,0x38,0x38,0x38,0x78,0x78,0x78,0x50,0x50,0x38,0x38,0x10,0x10,0x38,0x38,0x10,0x38,0x38,0x38,0x38,0x3A,0x10,0x38,0x50,0x50,0x78,0x78,0x78,0x38,0x38,0x38,0x38,
	0x38,0x38,0x38,0x38,0x38,0x38,0x38,0x78,0x50,0x38,0x38,0x10,0x10,0x38,0x38,0x10,0x10,0x38,0x38,0x10,0x3A,0x10,0x38,0x50,0x50,0x38,0x38,0x38,0x38,0x38,0x38,0x38,
	0x38,0x38,0x38,0x38,0x38,0x38,0x38,0x78,0x50,0x38,0x38,0x10,0x10,0x38,0x38,0x10,0x10,0x38,0x38,0x10,0x3A,0x3A,0x50,0x7A,0x78,0x38,0x38,0x38,0x38,0x38,0x38,0x38,
	0x38,0x38,0x38,0x38,0x38,0x38,0x38,0x78,0x50,0x38,0x38,0x10,0x10,0x38,0x38,0x10,0x10,0x38,0x38,0x10,0x3A,0x10,0x50,0x7A,0x78,0x38,0x38,0x38,0x38,0x38,0x38,0x38,
	0x38,0x38,0x38,0x38,0x38,0x38,0x38,0x78,0x50,0x38,0x38,0x10,0x10,0x38,0x38,0x10,0x10,0x38,0x38,0x10,0x3A,0x10,0x50,0x7A,0x78,0x38,0x38,0x38,0x38,0x38,0x38,0x38,
	0x38,0x38,0x38,0x38,0x38,0x38,0x38,0x38,0x38,0x38,0x38,0x38,0x38,0x38,0x38,0x38,0x38,0x38,0x38,0x38,0x38,0x38,0x38,0x38,0x38,0x38,0x38,0x38,0x38,0x38,0x38,0x38,

	0x47,0x47,0x47,0x47,0x47,0x47,0x47,0x47,0x47,0x47,0x47,0x47,0x47,0x47,0x47,0x47,0x47,0x47,0x47,0x47,0x47,0x47,0x47,0x47,0x47,0x47,0x47,0x47,0x47,0x47,0x47,0x47,
	0x47,0x47,0x47,0x47,0x47,0x47,0x47,0x47,0x47,0x47,0x47,0x47,0x47,0x47,0x47,0x47,0x47,0x47,0x47,0x47,0x47,0x47,0x47,0x47,0x47,0x47,0x47,0x47,0x47,0x47,0x47,0x47,
	0x47,0x47,0x47,0x47,0x47,0x47,0x47,0x47,0x47,0x47,0x47,0x47,0x47,0x47,0x47,0x47,0x47,0x47,0x47,0x47,0x47,0x47,0x47,0x47,0x47,0x47,0x47,0x47,0x47,0x47,0x47,0x47,
	0x47,0x47,0x47,0x47,0x47,0x47,0x47,0x47,0x47,0x47,0x47,0x47,0x47,0x47,0x47,0x47,0x47,0x47,0x47,0x47,0x47,0x47,0x47,0x47,0x47,0x47,0x47,0x47,0x47,0x47,0x47,0x47,
	0x47,0x47,0x47,0x47,0x47,0x47,0x47,0x47,0x47,0x47,0x47,0x47,0x47,0x47,0x47,0x47,0x47,0x47,0x47,0x47,0x47,0x47,0x47,0x47,0x47,0x47,0x47,0x47,0x47,0x47,0x47,0x47,
	0x47,0x47,0x47,0x47,0x47,0x47,0x47,0x47,0x47,0x47,0x47,0x47,0x47,0x47,0x47,0x47,0x47,0x47,0x47,0x47,0x47,0x47,0x47,0x47,0x47,0x47,0x47,0x47,0x47,0x47,0x47,0x47,
	0x47,0x47,0x47,0x47,0x47,0x47,0x47,0x47,0x47,0x47,0x47,0x47,0x47,0x47,0x47,0x47,0x47,0x47,0x47,0x47,0x47,0x47,0x47,0x47,0x47,0x47,0x47,0x47,0x47,0x47,0x47,0x47,
	0x47,0x47,0x47,0x47,0x47,0x47,0x47,0x47,0x47,0x47,0x47,0x47,0x47,0x47,0x47,0x47,0x47,0x47,0x47,0x47,0x47,0x47,0x47,0x47,0x47,0x47,0x47,0x47,0x47,0x47,0x47,0x47,
	0x47,0x47,0x47,0x47,0x47,0x47,0x47,0x47,0x47,0x47,0x47,0x47,0x47,0x47,0x47,0x47,0x47,0x47,0x47,0x47,0x47,0x47,0x47,0x47,0x47,0x47,0x47,0x47,0x47,0x47,0x47,0x47,
	0x47,0x47,0x47,0x47,0x47,0x47,0x47,0x47,0x47,0x47,0x47,0x47,0x47,0x47,0x47,0x47,0x47,0x47,0x47,0x47,0x47,0x47,0x47,0x47,0x47,0x47,0x47,0x47,0x47,0x47,0x47,0x47,

	0x38,0x38,0x38,0x38,0x38,0x38,0x38,0x38,0x38,0x38,0x38,0x38,0x38,0x38,0x38,0x38,0x38,0x38,0x38,0x38,0x38,0x38,0x38,0x38,0x38,0x38,0x38,0x38,0x38,0x38,0x38,0x38,
	0x78,0x78,0x78,0x78,0x78,0x78,0x78,0x78,0x78,0x78,0x78,0x78,0x78,0x78,0x78,0x78,0x78,0x78,0x78,0x78,0x78,0x78,0x78,0x78,0x78,0x78,0x78,0x78,0x78,0x78,0x78,0x78,
	0x78,0x78,0x78,0x78,0x78,0x78,0x78,0x78,0x78,0x78,0x78,0x78,0x78,0x78,0x78,0x78,0x78,0x78,0x78,0x78,0x78,0x78,0x78,0x78,0x78,0x78,0x78,0x78,0x78,0x78,0x78,0x78,
};

const uint8_t gameBackground0Bitmap[32768] __attribute__((aligned(4))) = {

	64,	// Bitmap width (bytes)
	64,	// bitmap height (pixels/8)
	0,	// attr width (bytes) - if zero, next byte is used as attr for entire bitmap
	0x47,	// attr height (blocks) / attr

	0x00,0x08,0x96,0xF4,0x00,0x00,0x00,0x08,0xA8,0x00,0x00,0x00,0x00,0x00,0x00,0x00,0x00,0x00,0x00,0x00,0x00,0x00,0x00,0x00,0x00,0x00,0x00,0x00,0x00,0x00,0x00,0x00,
	0x00,0x00,0x00,0x00,0x00,0x00,0x00,0x00,0x00,0x00,0x00,0x00,0x00,0x00,0x00,0x00,0x00,0x00,0x00,0x00,0x00,0x00,0x00,0x00,0x00,0x00,0x00,0x00,0x00,0x00,0x00,0x00,
	0x00,0x22,0x55,0xB8,0x00,0x00,0x00,0x02,0x5A,0x00,0x00,0x00,0x00,0x00,0x10,0x00,0x00,0x00,0x00,0x00,0x00,0x00,0x00,0x00,0x00,0x00,0x00,0x00,0x00,0x00,0x00,0x00,
	0x00,0x00,0x00,0x00,0x00,0x00,0x00,0x00,0x00,0x00,0x00,0x00,0x00,0x00,0x00,0x00,0x00,0x00,0x00,0x00,0x00,0x00,0x00,0x00,0x00,0x00,0x00,0x00,0x00,0x00,0x00,0x00,
	0x00,0x00,0x2A,0xD8,0x00,0x00,0x00,0x21,0x2A,0x00,0x00,0x00,0x00,0x00,0x20,0x00,0x00,0x00,0x00,0x00,0x00,0x00,0x00,0x00,0x00,0x00,0x00,0x00,0x00,0x00,0x00,0x00,
	0x00,0x00,0x00,0x00,0x00,0x00,0x00,0x00,0x00,0x00,0x00,0x00,0x00,0x00,0x00,0x00,0x00,0x00,0x00,0x00,0x00,0x00,0x00,0x00,0x00,0x00,0x00,0x00,0x00,0x20,0x00,0x00,
	0x00,0x00,0x55,0x68,0x00,0x00,0x00,0x04,0x54,0x00,0x00,0x00,0x00,0x00,0x48,0x00,0x00,0x00,0x00,0x00,0x00,0x00,0x00,0x00,0x00,0x00,0x00,0x00,0x00,0x00,0x00,0x00,
	0x00,0x00,0x00,0x00,0x00,0x00,0x00,0x00,0x00,0x00,0x00,0x00,0x00,0x00,0x00,0x00,0x00,0x00,0x00,0x00,0x00,0x00,0x00,0x00,0x00,0x00,0x00,0x00,0x00,0x00,0x00,0x00,
	0x00,0x00,0x96,0xF4,0x00,0x00,0x00,0x09,0x28,0x00,0x00,0x00,0x00,0x00,0x10,0x00,0x00,0x00,0x00,0x00,0x00,0x00,0x00,0x00,0x00,0x00,0x00,0x00,0x00,0x00,0x00,0x00,
	0x00,0x00,0x00,0x00,0x00,0x00,0x00,0x00,0x00,0x00,0x00,0x00,0x00,0x00,0x00,0x00,0x00,0x00,0x00,0x00,0x00,0x00,0x00,0x00,0x00,0x00,0x00,0x00,0x00,0x80,0x00,0x00,
	0x00,0x00,0x55,0xB8,0x00,0x00,0x00,0x02,0xAA,0x00,0x00,0x00,0x00,0x00,0x20,0x00,0x00,0x00,0x00,0x00,0x00,0x00,0x00,0x00,0x00,0x00,0x00,0x00,0x00,0x00,0x00,0x00,
	0x00,0x00,0x00,0x00,0x00,0x00,0x00,0x00,0x00,0x00,0x00,0x00,0x00,0x00,0x00,0x00,0x00,0x00,0x00,0x00,0x00,0x00,0x00,0x00,0x00,0x00,0x00,0x00,0x00,0x00,0x00,0x00,
	0x00,0x02,0x2A,0xEA,0x00,0x00,0x00,0x01,0x54,0x00,0x00,0x00,0x00,0x00,0x10,0x00,0x00,0x00,0x00,0x00,0x00,0x00,0x00,0x00,0x00,0x00,0x00,0x00,0x00,0x20,0x00,0x00,
	0x00,0x00,0x00,0x00,0x00,0x00,0x00,0x00,0x00,0x00,0x00,0x00,0x00,0x00,0x00,0x00,0x00,0x00,0x00,0x00,0x00,0x00,0x00,0x00,0x00,0x00,0x00,0x00,0x00,0x00,0x00,0x00,
	0x00,0x00,0x55,0x74,0x00,0x00,0x00,0x02,0xB4,0x00,0x00,0x00,0x00,0x00,0x48,0x00,0x00,0x00,0x00,0x00,0x00,0x00,0x00,0x00,0x00,0x00,0x00,0x00,0x00,0x00,0x00,0x00,
	0x00,0x00,0x00,0x00,0x00,0x00,0x00,0x00,0x00,0x00,0x00,0x00,0x00,0x00,0x00,0x00,0x00,0x00,0x00,0x00,0x00,0x00,0x00,0x00,0x00,0x00,0x00,0x00,0x00,0x00,0x00,0x00,
	0x08,0x88,0x92,0xF8,0x00,0x00,0x00,0x09,0x68,0x00,0x00,0x00,0x00,0x00,0x90,0x00,0x00,0x00,0x00,0x00,0x00,0x00,0x00,0x00,0x00,0x00,0x00,0x00,0x00,0x80,0x00,0x00,
	0x00,0x00,0x00,0x00,0x00,0x00,0x00,0x00,0x00,0x00,0x00,0x00,0x00,0x00,0x00,0x00,0x00,0x00,0x00,0x00,0x08,0x80,0x00,0x00,0x00,0x00,0x00,0x00,0x00,0x00,0x00,0x00,
	0x00,0x14,0x15,0xBC,0x00,0x00,0x00,0x02,0x54,0x00,0x00,0x00,0x00,0x00,0x08,0x00,0x00,0x00,0x00,0x00,0x00,0x00,0x00,0x00,0x00,0x00,0x00,0x00,0x00,0x00,0x00,0x00,
	0x00,0x00,0x00,0x00,0x00,0x00,0x00,0x00,0x00,0x00,0x00,0x00,0x00,0x00,0x00,0x00,0x00,0x00,0x00,0x00,0x00,0x00,0x00,0x00,0x00,0x00,0x00,0x00,0x00,0x00,0x00,0x00,
	0x02,0x22,0x25,0xDA,0x00,0x00,0x00,0x01,0x6A,0x00,0x00,0x00,0x00,0x02,0x22,0x00,0x00,0x00,0x00,0x00,0x00,0x00,0x00,0x00,0x00,0x00,0x00,0x00,0x02,0x00,0x00,0x00,
	0x00,0x00,0x00,0x00,0x00,0x00,0x00,0x00,0x00,0x00,0x00,0x00,0x00,0x00,0x00,0x00,0x00,0x00,0x00,0x00,0x02,0x00,0x00,0x00,0x00,0x00,0x00,0x00,0x00,0x00,0x00,0x00,
	0x00,0x95,0x09,0x74,0x00,0x00,0x00,0x02,0x5A,0x00,0x00,0x00,0x00,0x00,0x28,0x00,0x00,0x00,0x00,0x00,0x00,0x00,0x00,0x00,0x00,0x00,0x00,0x00,0x00,0x00,0x00,0x00,
	0x00,0x00,0x00,0x00,0x00,0x00,0x00,0x00,0x00,0x00,0x00,0x00,0x00,0x00,0x00,0x00,0x00,0x00,0x00,0x00,0x00,0x00,0x00,0x00,0x00,0x00,0x00,0x00,0x00,0x00,0x00,0x00,
	0x09,0x15,0x52,0xA8,0x00,0x00,0x08,0x09,0x75,0x00,0x00,0x00,0x00,0x00,0x90,0x00,0x00,0x00,0x00,0x00,0x00,0x00,0x00,0x00,0x00,0x00,0x00,0x00,0x00,0x80,0x00,0x00,
	0x00,0x00,0x00,0x00,0x00,0x00,0x00,0x00,0x00,0x00,0x00,0x00,0x00,0x00,0x00,0x00,0x00,0x00,0x00,0x00,0x08,0x80,0x00,0x00,0x00,0x00,0x00,0x00,0x00,0x00,0x00,0x00,
	0x00,0x55,0x55,0x54,0x00,0x00,0x00,0x05,0x5E,0x00,0x00,0x00,0x00,0x00,0x28,0x00,0x00,0x00,0x00,0x00,0x00,0x00,0x00,0x00,0x00,0x00,0x00,0x00,0x00,0x00,0x00,0x00,
	0x00,0x00,0x00,0x00,0x00,0x00,0x00,0x00,0x00,0x00,0x00,0x00,0x00,0x00,0x00,0x00,0x00,0x00,0x00,0x00,0x02,0x00,0x00,0x00,0x00,0x00,0x00,0x00,0x00,0x00,0x00,0x00,
	0x00,0x2A,0xBD,0xA8,0x00,0x00,0x02,0x22,0xBC,0x00,0x00,0x00,0x00,0x02,0x54,0x00,0x00,0x00,0x00,0x00,0x00,0x00,0x00,0x00,0x00,0x00,0x00,0x00,0x00,0x00,0x00,0x00,
	0x00,0x00,0x00,0x00,0x00,0x00,0x00,0x00,0x00,0x00,0x00,0x00,0x00,0x00,0x00,0x00,0x00,0x00,0x00,0x00,0x24,0x20,0x00,0x00,0x00,0x00,0x00,0x00,0x00,0x22,0x00,0x00,
	0x00,0x05,0x7F,0x50,0x00,0x00,0x00,0x05,0x6A,0x00,0x00,0x00,0x00,0x00,0x28,0x00,0x00,0x00,0x00,0x00,0x00,0x00,0x00,0x00,0x00,0x00,0x00,0x00,0x00,0x00,0x00,0x00,
	0x00,0x00,0x00,0x00,0x00,0x00,0x00,0x00,0x00,0x00,0x00,0x00,0x00,0x00,0x00,0x00,0x00,0x00,0x00,0x00,0x09,0x00,0x00,0x00,0x00,0x00,0x00,0x00,0x00,0x80,0x00,0x00,
	0x00,0x00,0xAF,0xA8,0x00,0x00,0x00,0x89,0x75,0x00,0x00,0x00,0x00,0x00,0x90,0x00,0x00,0x00,0x00,0x08,0x00,0x00,0x00,0x00,0x00,0x00,0x00,0x00,0x88,0x00,0x00,0x00,
	0x00,0x00,0x00,0x00,0x00,0x00,0x00,0x00,0x00,0x00,0x00,0x00,0x00,0x00,0x00,0x00,0x00,0x00,0x00,0x00,0x04,0x80,0x00,0x00,0x00,0x00,0x00,0x00,0x00,0x50,0x00,0x00,
	0x00,0x00,0x0B,0xF4,0x00,0x00,0x00,0x22,0xDA,0x00,0x00,0x00,0x00,0x02,0x40,0x00,0x00,0x00,0x00,0x00,0x00,0x00,0x00,0x00,0x00,0x00,0x00,0x00,0x20,0x00,0x00,0x00,
	0x00,0x00,0x00,0x00,0x00,0x00,0x00,0x00,0x00,0x00,0x00,0x00,0x00,0x00,0x00,0x00,0x00,0x00,0x00,0x00,0x0A,0x00,0x00,0x00,0x00,0x00,0x00,0x00,0x01,0x24,0x00,0x00,
	0x00,0x00,0x25,0xFA,0x00,0x00,0x02,0x05,0x6D,0x00,0x00,0x00,0x00,0x01,0x20,0x00,0x00,0x00,0x00,0x22,0x00,0x00,0x00,0x00,0x00,0x00,0x00,0x00,0x00,0x00,0x00,0x00,
	0x00,0x00,0x00,0x00,0x00,0x00,0x00,0x00,0x00,0x00,0x00,0x00,0x00,0x00,0x00,0x00,0x00,0x00,0x00,0x00,0x14,0x00,0x00,0x00,0x00,0x00,0x02,0x00,0x00,0x10,0x00,0x00,
	0x00,0x00,0x01,0x7D,0x00,0x00,0x00,0x12,0xB6,0x00,0x00,0x00,0x00,0x04,0x10,0x00,0x00,0x00,0x00,0x00,0x00,0x00,0x00,0x00,0x00,0x00,0x00,0x00,0x20,0x00,0x00,0x00,
	0x00,0x00,0x00,0x00,0x00,0x00,0x00,0x00,0x00,0x00,0x00,0x00,0x00,0x00,0x00,0x00,0x00,0x00,0x00,0x00,0x00,0x00,0x00,0x00,0x00,0x00,0x00,0x00,0x00,0x48,0x00,0x00,
	0x00,0x00,0x88,0xBE,0x80,0x00,0x00,0x89,0x6E,0x80,0x00,0x00,0x00,0x00,0x88,0x00,0x00,0x00,0x00,0x08,0x00,0x00,0x00,0x00,0x00,0x00,0x00,0x00,0x80,0x00,0x00,0x00,
	0x00,0x00,0x00,0x00,0x00,0x00,0x00,0x00,0x00,0x00,0x00,0x00,0x00,0x00,0x00,0x00,0x00,0x00,0x00,0x00,0x08,0x00,0x00,0x00,0x00,0x00,0x00,0x80,0x00,0x90,0x00,0x00,
	0x00,0x01,0x00,0x2F,0x00,0x00,0x00,0x05,0x5A,0x00,0x00,0x00,0x00,0x00,0x50,0x00,0x00,0x00,0x00,0x00,0x00,0x00,0x00,0x00,0x00,0x00,0x00,0x00,0x00,0x00,0x00,0x00,
	0x00,0x00,0x00,0x00,0x00,0x00,0x00,0x00,0x00,0x00,0x00,0x00,0x00,0x00,0x00,0x00,0x00,0x00,0x00,0x00,0x00,0x00,0x00,0x00,0x00,0x00,0x00,0x00,0x00,0x48,0x00,0x00,
	0x00,0x02,0x40,0x17,0x00,0x00,0x00,0x22,0xBC,0x00,0x00,0x00,0x00,0x02,0x50,0x00,0x00,0x00,0x00,0x22,0x00,0x00,0x00,0x00,0x00,0x00,0x00,0x02,0x00,0x00,0x00,0x00,
	0x00,0x00,0x00,0x00,0x00,0x00,0x00,0x00,0x00,0x00,0x00,0x00,0x00,0x00,0x00,0x00,0x00,0x00,0x00,0x00,0x00,0x22,0x00,0x00,0x00,0x00,0x00,0x00,0x01,0x22,0x00,0x00,
	0x00,0x04,0x94,0x05,0x80,0x00,0x00,0x05,0x6A,0x00,0x00,0x00,0x00,0x00,0xA0,0x00,0x00,0x00,0x00,0x00,0x00,0x00,0x00,0x00,0x00,0x00,0x00,0x00,0x00,0x00,0x00,0x00,
	0x00,0x00,0x00,0x00,0x00,0x00,0x00,0x00,0x00,0x00,0x00,0x00,0x00,0x00,0x00,0x00,0x00,0x00,0x00,0x00,0x01,0x48,0x00,0x00,0x00,0x00,0x00,0x00,0x00,0x48,0x00,0x00,
	0x00,0x09,0x50,0x02,0x80,0x00,0x00,0x92,0xB5,0x00,0x00,0x00,0x00,0x00,0x50,0x00,0x00,0x00,0x00,0x08,0x00,0x00,0x00,0x00,0x00,0x00,0x00,0x08,0x00,0x00,0x00,0x00,
	0x00,0x00,0x00,0x00,0x00,0x00,0x00,0x00,0x00,0x00,0x00,0x80,0x00,0x00,0x00,0x00,0x00,0x00,0x88,0x00,0x00,0x90,0x00,0x00,0x00,0x00,0x00,0x00,0x00,0x80,0x00,0x00,
	0x00,0x00,0xAD,0x01,0x00,0x00,0x00,0x0A,0xDA,0x00,0x00,0x00,0x00,0x01,0x20,0x00,0x00,0x00,0x00,0x00,0x00,0x00,0x00,0x00,0x00,0x00,0x00,0x00,0x00,0x00,0x00,0x00,
	0x00,0x00,0x00,0x00,0x00,0x00,0x00,0x00,0x00,0x00,0x00,0x00,0x00,0x00,0x00,0x00,0x00,0x00,0x00,0x00,0x02,0xA4,0x00,0x00,0x00,0x00,0x00,0x00,0x00,0x20,0x00,0x00,
	0x00,0x22,0x5E,0x40,0x00,0x00,0x02,0x25,0xFC,0x00,0x00,0x00,0x00,0x02,0x40,0x00,0x00,0x00,0x00,0x22,0x00,0x00,0x00,0x00,0x00,0x00,0x02,0x02,0x00,0x00,0x00,0x00,
	0x00,0x00,0x00,0x00,0x00,0x00,0x00,0x00,0x00,0x00,0x00,0x00,0x00,0x00,0x00,0x00,0x00,0x02,0x20,0x00,0x02,0xA2,0x00,0x00,0x00,0x00,0x00,0x00,0x01,0x42,0x00,0x00,
	0x00,0x0A,0xAF,0xA0,0x00,0x00,0x00,0x02,0xBA,0x00,0x00,0x00,0x00,0x00,0x90,0x00,0x00,0x00,0x00,0x00,0x00,0x00,0x00,0x00,0x00,0x00,0x00,0x00,0x00,0x00,0x00,0x00,
	0x00,0x00,0x00,0x00,0x00,0x00,0x00,0x00,0x00,0x00,0x00,0x00,0x00,0x00,0x00,0x00,0x00,0x00,0x80,0x00,0x05,0x48,0x00,0x00,0x00,0x00,0x00,0x00,0x00,0x28,0x00,0x00,
	0x00,0x05,0x77,0x50,0x00,0x00,0x08,0x89,0x75,0x00,0x00,0x00,0x00,0x00,0xA8,0x00,0x00,0x00,0x08,0x88,0x00,0x00,0x00,0x00,0x00,0x00,0x88,0x00,0x00,0x00,0x00,0x00,
	0x00,0x00,0x00,0x00,0x00,0x00,0x00,0x00,0x00,0x00,0x00,0x00,0x00,0x00,0x00,0x00,0x00,0x88,0x00,0x00,0x02,0x90,0x00,0x00,0x00,0x00,0x00,0x00,0x01,0x50,0x00,0x00,
	0x00,0x12,0x5F,0xE0,0x00,0x00,0x00,0x02,0xDE,0x00,0x00,0x00,0x00,0x01,0x50,0x00,0x00,0x00,0x02,0x20,0x00,0x00,0x00,0x00,0x00,0x00,0x00,0x00,0x00,0x00,0x00,0x00,
	0x00,0x00,0x00,0x00,0x00,0x00,0x00,0x00,0x00,0x00,0x00,0x00,0x00,0x00,0x00,0x00,0x02,0x52,0x00,0x00,0x05,0xA0,0x00,0x00,0x00,0x00,0x00,0x00,0x00,0xA0,0x00,0x00,
	0x00,0x05,0x7F,0xC0,0x00,0x00,0x02,0x25,0xBC,0x00,0x00,0x00,0x00,0x02,0xA0,0x00,0x00,0x00,0x20,0x10,0x00,0x00,0x00,0x00,0x00,0x02,0x22,0x00,0x00,0x00,0x00,0x00,
	0x00,0x00,0x00,0x00,0x00,0x00,0x00,0x00,0x00,0x00,0x00,0x00,0x00,0x00,0x00,0x00,0x01,0x24,0x00,0x00,0x02,0xA2,0x00,0x00,0x00,0x00,0x00,0x00,0x02,0x42,0x00,0x00,
	0x00,0x02,0xBF,0xA0,0x00,0x00,0x00,0x01,0x7E,0x00,0x00,0x00,0x00,0x00,0xA8,0x00,0x00,0x00,0x04,0x40,0x00,0x00,0x00,0x00,0x00,0x00,0x00,0x00,0x00,0x00,0x00,0x00,
	0x00,0x00,0x00,0x00,0x00,0x00,0x00,0x00,0x00,0x00,0x00,0x00,0x00,0x00,0x00,0x00,0x02,0x48,0x00,0x00,0x02,0xA8,0x00,0x00,0x00,0x00,0x00,0x00,0x00,0xA8,0x00,0x00,
	0x00,0x09,0x7F,0xC0,0x00,0x00,0x00,0x8A,0xF5,0x00,0x00,0x00,0x00,0x01,0x50,0x00,0x00,0x00,0x90,0x80,0x00,0x00,0x00,0x00,0x00,0x00,0x80,0x00,0x00,0x00,0x00,0x00,
	0x00,0x00,0x00,0x00,0x00,0x00,0x00,0x00,0x00,0x00,0x00,0x80,0x00,0x00,0x00,0x00,0x09,0x00,0x00,0x00,0x0A,0xD0,0x00,0x00,0x00,0x00,0x00,0x00,0x01,0x50,0x80,0x00,
	0x00,0x02,0xFF,0xE0,0x00,0x00,0x00,0x15,0x5E,0x00,0x00,0x00,0x00,0x00,0x28,0x00,0x00,0x00,0x4A,0x00,0x00,0x00,0x00,0x00,0x00,0x00,0x00,0x00,0x00,0x00,0x00,0x00,
	0x00,0x00,0x00,0x00,0x00,0x00,0x00,0x00,0x00,0x00,0x00,0x00,0x00,0x00,0x00,0x00,0x04,0x80,0x00,0x00,0x05,0xA4,0x00,0x00,0x00,0x00,0x00,0x00,0x00,0xA4,0x00,0x00,
	0x00,0x25,0xBF,0xD0,0x00,0x00,0x02,0x25,0xBA,0x00,0x00,0x00,0x00,0x00,0x20,0x00,0x00,0x02,0x24,0x20,0x00,0x00,0x00,0x00,0x00,0x00,0x00,0x00,0x00,0x00,0x00,0x00,
	0x00,0x00,0x00,0x00,0x00,0x00,0x00,0x00,0x00,0x00,0x00,0x00,0x00,0x00,0x00,0x00,0x22,0x20,0x00,0x00,0x07,0xD2,0x00,0x00,0x00,0x02,0x00,0x00,0x02,0xA2,0x00,0x00,
	0x00,0x05,0x7F,0xE0,0x00,0x00,0x00,0x0B,0x76,0x00,0x00,0x00,0x00,0x00,0x10,0x00,0x00,0x00,0x89,0x00,0x00,0x00,0x00,0x00,0x00,0x00,0x00,0x00,0x00,0x00,0x00,0x00,
	0x00,0x00,0x00,0x00,0x00,0x00,0x00,0x00,0x00,0x00,0x00,0x00,0x00,0x00,0x00,0x00,0x08,0x00,0x00,0x00,0x05,0xA8,0x00,0x00,0x00,0x00,0x00,0x00,0x01,0x48,0x00,0x00,
	0x00,0x92,0xFF,0xE8,0x00,0x00,0x00,0x8A,0xF8,0x00,0x00,0x00,0x00,0x00,0x80,0x00,0x00,0x09,0x10,0x80,0x00,0x00,0x00,0x00,0x00,0x00,0x00,0x00,0x00,0x00,0x00,0x00,
	0x00,0x00,0x00,0x00,0x00,0x00,0x00,0x00,0x00,0x00,0x00,0x80,0x00,0x00,0x00,0x00,0x50,0x80,0x00,0x00,0x0B,0x68,0x00,0x00,0x00,0x00,0x80,0x00,0x00,0x90,0x80,0x00,
	0x00,0x25,0x7F,0xF0,0x00,0x00,0x00,0x15,0xFE,0x00,0x00,0x00,0x00,0x09,0x00,0x00,0x00,0x02,0xA4,0x00,0x00,0x00,0x00,0x00,0x00,0x00,0x00,0x00,0x00,0x00,0x00,0x00,
	0x00,0x00,0x00,0x00,0x00,0x00,0x00,0x00,0x00,0x00,0x00,0x00,0x00,0x00,0x00,0x00,0x24,0x00,0x00,0x00,0x05,0xD0,0x00,0x00,0x00,0x00,0x00,0x00,0x00,0x20,0x00,0x00,
	0x00,0x12,0xFF,0xE0,0x00,0x00,0x00,0x26,0xFD,0x00,0x00,0x00,0x00,0x24,0xA2,0x00,0x00,0x29,0x52,0x00,0x00,0x00,0x00,0x00,0x02,0x20,0x00,0x00,0x00,0x00,0x00,0x00,
	0x00,0x00,0x00,0x00,0x00,0x00,0x00,0x00,0x00,0x00,0x00,0x00,0x00,0x00,0x00,0x00,0x22,0x00,0x00,0x00,0x03,0xA4,0x00,0x00,0x00,0x02,0x20,0x00,0x01,0x42,0x00,0x00,
	0x00,0x25,0x7F,0xF0,0x00,0x00,0x00,0x05,0xFE,0x00,0x00,0x00,0x00,0x15,0x74,0x00,0x00,0x2A,0xA8,0x00,0x00,0x00,0x00,0x00,0x00,0x40,0x00,0x00,0x00,0x00,0x00,0x00,
	0x00,0x00,0x00,0x00,0x00,0x00,0x00,0x00,0x00,0x00,0x00,0x00,0x00,0x00,0x00,0x00,0x48,0x00,0x00,0x00,0x0A,0xE8,0x00,0x00,0x00,0x00,0x00,0x00,0x00,0xA8,0x00,0x00,
	0x00,0x92,0xFF,0xE0,0x00,0x00,0x00,0x8A,0xFE,0x80,0x00,0x00,0x00,0x89,0x78,0x00,0x00,0xA9,0x10,0x00,0x00,0x00,0x00,0x00,0x89,0x10,0x00,0x00,0x00,0x00,0x00,0x00,
	0x00,0x00,0x00,0x00,0x00,0x80,0x00,0x00,0x08,0x00,0x00,0x80,0x00,0x00,0x00,0x00,0x90,0x00,0x00,0x00,0x07,0x50,0x00,0x00,0x00,0x08,0x00,0x00,0x00,0xA0,0x00,0x00,
	0x00,0x55,0xFF,0xD0,0x00,0x00,0x00,0x15,0xFE,0x00,0x00,0x00,0x00,0x02,0xAD,0x00,0x00,0xAA,0xA0,0x00,0x00,0x00,0x00,0x00,0x04,0xA0,0x00,0x00,0x00,0x00,0x00,0x00,
	0x00,0x00,0x00,0x00,0x00,0x00,0x00,0x00,0x00,0x00,0x00,0x00,0x00,0x00,0x00,0x00,0x20,0x00,0x00,0x00,0x05,0xA8,0x00,0x00,0x00,0x00,0x00,0x00,0x00,0xA8,0x00,0x00,
	0x02,0x2A,0xFF,0xE0,0x00,0x00,0x00,0x2B,0xDD,0x00,0x00,0x00,0x00,0x01,0x5E,0x00,0x25,0x55,0x40,0x00,0x00,0x00,0x00,0x00,0x22,0x40,0x00,0x00,0x00,0x00,0x00,0x00,
	0x00,0x00,0x00,0x00,0x02,0x00,0x00,0x00,0x02,0x00,0x02,0x00,0x00,0x00,0x00,0x02,0x40,0x00,0x00,0x00,0x05,0xC2,0x00,0x00,0x00,0x00,0x00,0x00,0x02,0xA2,0x00,0x00,
	0x00,0x55,0xFF,0xE0,0x00,0x00,0x00,0x56,0xFE,0x00,0x00,0x00,0x00,0x04,0x2A,0x80,0x0A,0xAA,0x80,0x00,0x00,0x00,0x00,0x00,0x01,0x10,0x00,0x00,0x00,0x00,0x00,0x00,
	0x00,0x00,0x00,0x00,0x00,0x00,0x00,0x00,0x00,0x00,0x00,0x00,0x00,0x00,0x00,0x00,0x80,0x00,0x00,0x00,0x03,0x50,0x00,0x00,0x00,0x00,0x00,0x00,0x01,0x48,0x00,0x00,
	0x00,0xAF,0x7F,0xE0,0x00,0x00,0x00,0x97,0x76,0x00,0x00,0x00,0x00,0x00,0x95,0x00,0x85,0x50,0x00,0x00,0x00,0x00,0x00,0x00,0x00,0x40,0x00,0x00,0x00,0x00,0x00,0x00,
	0x00,0x00,0x00,0x00,0x08,0x80,0x00,0x00,0x00,0x00,0x00,0x80,0x00,0x00,0x00,0x01,0x00,0x00,0x00,0x00,0x0A,0x80,0x00,0x00,0x00,0x00,0x00,0x00,0x00,0x90,0x88,0x00,
	0x00,0x5B,0xFF,0xD0,0x00,0x00,0x01,0x2A,0xBD,0x00,0x00,0x00,0x00,0x00,0x01,0x41,0x12,0xA5,0x00,0x00,0x00,0x00,0x00,0x00,0x00,0x00,0x00,0x00,0x00,0x00,0x00,0x00,
	0x00,0x00,0x00,0x00,0x00,0x00,0x00,0x00,0x00,0x00,0x00,0x00,0x00,0x00,0x00,0x02,0x80,0x00,0x00,0x00,0x02,0xA0,0x00,0x00,0x00,0x00,0x00,0x00,0x00,0x25,0x20,0x00,
	0x02,0x2D,0xFF,0xE0,0x00,0x00,0x02,0x05,0x7E,0x00,0x00,0x00,0x00,0x00,0x02,0x22,0x44,0x52,0x00,0x00,0x00,0x00,0x00,0x00,0x00,0x00,0x00,0x00,0x00,0x02,0x00,0x00,
	0x00,0x00,0x00,0x00,0x02,0x00,0x00,0x00,0x00,0x00,0x02,0x20,0x00,0x00,0x00,0x01,0x40,0x00,0x00,0x00,0x05,0x40,0x00,0x00,0x00,0x00,0x00,0x00,0x02,0x52,0x00,0x00,
	0x00,0x57,0xFF,0xD0,0x00,0x00,0x00,0x4A,0xFF,0x00,0x00,0x00,0x00,0x00,0x00,0x40,0x92,0xA8,0x00,0x00,0x00,0x00,0x00,0x00,0x00,0x00,0x00,0x00,0x00,0x00,0x00,0x00,
	0x00,0x00,0x00,0x00,0x00,0x00,0x00,0x00,0x00,0x00,0x00,0x00,0x00,0x00,0x00,0x02,0x80,0x00,0x00,0x00,0x02,0x80,0x00,0x00,0x00,0x00,0x00,0x00,0x04,0xA8,0x00,0x00,
	0x00,0x97,0xFF,0xE0,0x00,0x00,0x00,0x92,0xFE,0x80,0x00,0x00,0x00,0x00,0x00,0x80,0x49,0x00,0x00,0x00,0x00,0x00,0x00,0x00,0x00,0x00,0x00,0x00,0x00,0x00,0x00,0x00,
	0x00,0x00,0x00,0x00,0x08,0x00,0x00,0x00,0x00,0x80,0x00,0x80,0x00,0x00,0x00,0x09,0x00,0x00,0x00,0x00,0x09,0x08,0x00,0x00,0x00,0x00,0x00,0x00,0x12,0xD0,0x80,0x00,
	0x00,0x2B,0xFF,0xF0,0x00,0x00,0x00,0x05,0x7D,0x00,0x00,0x00,0x00,0x00,0x80,0x01,0x04,0x10,0x00,0x00,0x00,0x00,0x00,0x00,0x00,0x00,0x00,0x00,0x00,0x00,0x00,0x00,
	0x00,0x00,0x00,0x00,0x00,0x00,0x00,0x00,0x00,0x00,0x00,0x00,0x00,0x00,0x00,0x02,0x00,0x00,0x00,0x00,0x02,0x40,0x00,0x00,0x00,0x00,0x00,0x00,0x0A,0xA2,0x00,0x00,
	0x02,0x55,0xFF,0xE0,0x00,0x00,0x02,0x22,0xBE,0x00,0x00,0x00,0x00,0x02,0x40,0x02,0x22,0x20,0x00,0x00,0x00,0x00,0x00,0x00,0x02,0x00,0x00,0x00,0x00,0x00,0x00,0x00,
	0x00,0x00,0x00,0x00,0x02,0x00,0x00,0x00,0x00,0x00,0x02,0x20,0x00,0x00,0x00,0x24,0x00,0x00,0x00,0x00,0x05,0x20,0x00,0x00,0x00,0x00,0x00,0x00,0x2A,0xD4,0x22,0x00,
	0x00,0x2B,0xFF,0xF0,0x00,0x00,0x00,0x01,0x7D,0x00,0x00,0x00,0x00,0x01,0x50,0x00,0x00,0x00,0x00,0x00,0x00,0x00,0x00,0x00,0x00,0x00,0x00,0x00,0x00,0x00,0x00,0x00,
	0x00,0x00,0x00,0x00,0x00,0x00,0x00,0x00,0x00,0x00,0x00,0x00,0x00,0x00,0x00,0x09,0x00,0x00,0x00,0x00,0x05,0x40,0x00,0x00,0x00,0x00,0x00,0x00,0x5A,0xAA,0x80,0x00,
	0x00,0x97,0xFF,0xE8,0x00,0x00,0x08,0x95,0x56,0x00,0x00,0x00,0x00,0x09,0x68,0x00,0x08,0x00,0x00,0x00,0x00,0x00,0x00,0x00,0x08,0x80,0x00,0x00,0x00,0x00,0x00,0x00,
	0x00,0x00,0x00,0x00,0x08,0x00,0x00,0x00,0x00,0x00,0x00,0x80,0x00,0x00,0x80,0x08,0x00,0x00,0x00,0x00,0x0A,0xA8,0x00,0x00,0x00,0x00,0x00,0x00,0x2D,0x50,0x00,0x00,
	0x00,0x55,0xFF,0xF0,0x00,0x00,0x00,0xAA,0xAA,0x00,0x00,0x00,0x00,0x02,0xD4,0x00,0x00,0x00,0x00,0x00,0x00,0x00,0x00,0x00,0x01,0x20,0x00,0x00,0x00,0x00,0x00,0x00,
	0x00,0x00,0x00,0x00,0x00,0x00,0x00,0x00,0x00,0x00,0x00,0x00,0x00,0x00,0x00,0x12,0x00,0x00,0x00,0x00,0x07,0x50,0x00,0x00,0x00,0x00,0x00,0x00,0xAA,0x21,0x50,0x00,
	0x02,0x2B,0xFF,0xE0,0x00,0x00,0x02,0x5D,0xDC,0x00,0x00,0x00,0x00,0x01,0x6A,0x00,0x00,0x00,0x00,0x20,0x00,0x00,0x00,0x00,0x02,0xA0,0x00,0x00,0x00,0x00,0x00,0x00,
	0x00,0x00,0x00,0x00,0x00,0x00,0x00,0x00,0x00,0x00,0x02,0x20,0x00,0x00,0x00,0x24,0x00,0x00,0x00,0x00,0x15,0xA0,0x00,0x00,0x00,0x00,0x00,0x00,0x55,0x55,0xA4,0x00,
	0x01,0x55,0xFF,0xF0,0x00,0x00,0x01,0x57,0xFD,0x00,0x00,0x00,0x00,0x02,0xF4,0x00,0x00,0x00,0x00,0x40,0x00,0x00,0x00,0x00,0x01,0x40,0x00,0x00,0x00,0x00,0x00,0x00,
	0x00,0x00,0x00,0x00,0x00,0x00,0x00,0x00,0x00,0x00,0x04,0x00,0x00,0x00,0x00,0x08,0x00,0x00,0x00,0x00,0x0B,0x40,0x00,0x00,0x00,0x00,0x00,0x01,0x2B,0xFA,0xE9,0x20,
	0x00,0xAB,0xFF,0xE0,0x00,0x00,0x00,0x97,0x7E,0x80,0x00,0x00,0x00,0x09,0x78,0x00,0x00,0x00,0x00,0x90,0x00,0x00,0x00,0x00,0x09,0x50,0x00,0x00,0x00,0x00,0x00,0x00,
	0x00,0x00,0x00,0x00,0x08,0x00,0x00,0x00,0x00,0x00,0x01,0x00,0x00,0x00,0x00,0x05,0x00,0x00,0x00,0x00,0x54,0x80,0x00,0x00,0x00,0x00,0x00,0x00,0xB7,0xFF,0x74,0x90,
	0x01,0x57,0xFF,0xF0,0x00,0x00,0x00,0x05,0xFF,0x40,0x00,0x00,0x00,0x02,0xFC,0x00,0x00,0x00,0x00,0x40,0x00,0x00,0x00,0x00,0x02,0xA0,0x00,0x00,0x00,0x00,0x00,0x00,
	0x00,0x00,0x00,0x00,0x00,0x00,0x00,0x00,0x00,0x00,0x02,0x00,0x00,0x00,0x00,0x0A,0x00,0x00,0x00,0x00,0x90,0x00,0x00,0x00,0x00,0x00,0x00,0x05,0x7F,0xFE,0xAA,0x40,
	0x02,0x2B,0xFF,0xE0,0x00,0x00,0x00,0x02,0xBF,0xA0,0x00,0x00,0x00,0x25,0xDA,0x00,0x00,0x00,0x00,0x20,0x00,0x00,0x00,0x00,0x25,0x50,0x00,0x00,0x00,0x00,0x00,0x00,
	0x00,0x00,0x00,0x00,0x00,0x00,0x00,0x00,0x00,0x00,0x01,0x00,0x00,0x00,0x00,0x24,0x00,0x00,0x00,0x01,0x40,0x00,0x00,0x00,0x00,0x00,0x00,0x05,0xFF,0xFD,0xA4,0x00,
	0x00,0x97,0xFF,0xD0,0x00,0x00,0x00,0x01,0x57,0xE0,0x00,0x00,0x00,0x12,0xFC,0x00,0x00,0x00,0x00,0x00,0x00,0x00,0x00,0x00,0x02,0xA0,0x00,0x00,0x00,0x00,0x00,0x00,
	0x00,0x00,0x00,0x00,0x00,0x00,0x00,0x00,0x00,0x00,0x04,0x80,0x00,0x00,0x00,0x15,0x00,0x00,0x00,0x00,0x80,0x00,0x00,0x00,0x00,0x00,0x00,0x1F,0xFF,0xFE,0xA9,0x00,
	0x08,0x4B,0xFF,0xE0,0x00,0x00,0x00,0x00,0x97,0xE8,0x49,0x00,0x00,0x09,0x74,0x00,0x00,0x00,0x00,0x00,0x00,0x00,0x00,0x00,0x09,0x50,0x00,0x00,0x00,0x00,0x08,0x00,
	0x00,0x00,0x00,0x00,0x00,0x00,0x00,0x00,0x00,0x00,0x01,0x00,0x00,0x00,0x00,0x0A,0x00,0x00,0x00,0x00,0x00,0x88,0x00,0x00,0x00,0x00,0x00,0xBF,0xFF,0x77,0x68,0x00,
	0x00,0x97,0xFF,0xF0,0x00,0x00,0x00,0x00,0x0B,0xF0,0x25,0x00,0x00,0x92,0xFC,0x00,0x00,0x00,0x00,0x00,0x00,0x00,0x00,0x00,0x12,0xA0,0x00,0x00,0x00,0x00,0x00,0x00,
	0x00,0x00,0x00,0x00,0x00,0x00,0x00,0x00,0x00,0x00,0x04,0x80,0x00,0x00,0x00,0x15,0x00,0x00,0x00,0x00,0x01,0x20,0x00,0x00,0x00,0x00,0x00,0xFF,0xFF,0xEA,0xAA,0x00,
	0x02,0x4B,0xFF,0xE0,0x00,0x00,0x00,0x00,0x25,0xD0,0x06,0x80,0x22,0x45,0xFA,0x00,0x00,0x00,0x00,0x00,0x00,0x00,0x00,0x00,0x25,0xC0,0x00,0x00,0x20,0x20,0x00,0x00,
	0x20,0x00,0x00,0x00,0x00,0x00,0x00,0x00,0x00,0x00,0x02,0x20,0x00,0x00,0x00,0x22,0x00,0x00,0x00,0x00,0x05,0xC2,0x00,0x00,0x00,0x00,0x05,0xFF,0xFD,0xDB,0xD4,0x00,
	0x00,0x97,0xFF,0xF0,0x00,0x00,0x00,0x01,0x00,0xB0,0x0B,0x80,0x89,0x2A,0xF4,0x00,0x00,0x00,0x00,0x00,0x00,0x00,0x00,0x00,0x4A,0xA0,0x00,0x00,0x00,0x00,0x00,0x00,
	0x00,0x00,0x00,0x00,0x00,0x00,0x00,0x00,0x00,0x00,0x04,0x80,0x00,0x00,0x00,0x14,0x00,0x00,0x00,0x00,0x0B,0xD4,0x00,0x00,0x00,0x00,0x17,0xFF,0xFE,0xD4,0xA0,0x00,
	0x00,0x57,0xFF,0xE0,0x00,0x00,0x00,0x88,0x88,0x48,0x17,0x0A,0x50,0xAF,0x78,0x00,0x00,0x00,0x00,0x00,0x00,0x00,0x00,0x00,0x95,0x50,0x00,0x00,0x88,0x00,0x00,0x00,
	0x00,0x00,0x00,0x00,0x00,0x00,0x00,0x00,0x00,0x00,0x09,0x00,0x00,0x00,0x00,0x51,0x00,0x00,0x00,0x00,0x0B,0x68,0x80,0x00,0x00,0x00,0x0F,0xFF,0xFF,0x69,0x08,0x80,
	0x01,0x2B,0xFF,0xF0,0x00,0x00,0x00,0x15,0x54,0x00,0x0E,0xAA,0x95,0x55,0xE8,0x00,0x00,0x00,0x00,0x00,0x00,0x00,0x00,0x00,0x15,0x40,0x00,0x00,0x00,0x00,0x00,0x00,
	0x00,0x00,0x00,0x00,0x00,0x00,0x00,0x00,0x00,0x00,0x02,0x00,0x00,0x00,0x00,0x2A,0x00,0x00,0x00,0x00,0x17,0xD2,0x00,0x00,0x00,0x00,0x5F,0xFF,0xFF,0xAA,0x40,0x00,
	0x02,0x4B,0xFF,0xE0,0x00,0x00,0x02,0x5A,0xAA,0x00,0x2B,0x5D,0x5E,0xBF,0xD0,0x00,0x00,0x00,0x00,0x00,0x00,0x00,0x00,0x02,0x2A,0x80,0x00,0x00,0x00,0x00,0x00,0x00,
	0x00,0x00,0x00,0x00,0x00,0x00,0x00,0x00,0x00,0x00,0x05,0x00,0x00,0x00,0x00,0x14,0x00,0x00,0x00,0x00,0x0F,0xD4,0x00,0x00,0x00,0x00,0x3F,0xFF,0xFF,0xD4,0x22,0x00,
	0x00,0x97,0xFF,0xF0,0x00,0x00,0x01,0x17,0x7E,0x00,0x16,0x8A,0xAD,0x7D,0xA0,0x00,0x00,0x00,0x00,0x22,0x00,0x00,0x00,0x00,0x15,0x00,0x00,0x00,0x00,0x00,0x00,0x00,
	0x00,0x00,0x00,0x00,0x00,0x00,0x00,0x00,0x00,0x00,0x02,0x80,0x00,0x00,0x00,0x15,0x00,0x00,0x00,0x00,0x17,0xE8,0x00,0x00,0x00,0x00,0x7F,0xFF,0xFF,0xA9,0x00,0x00,
	0x08,0x57,0xFF,0xE0,0x00,0x00,0x08,0xAF,0xFE,0x00,0x0A,0x15,0x77,0xF7,0x40,0x00,0x00,0x00,0x09,0x11,0x40,0x00,0x00,0x00,0x96,0x80,0x00,0x00,0x00,0x00,0x00,0x00,
	0x00,0x00,0x00,0x00,0x00,0x00,0x00,0x00,0x00,0x80,0x09,0x00,0x00,0x00,0x00,0x56,0x00,0x00,0x00,0x00,0x0F,0xF0,0x00,0x00,0x00,0x00,0xFF,0xFF,0xF7,0x68,0x80,0x00,
	0x02,0xAF,0xFF,0xF0,0x00,0x00,0x01,0x5B,0xFD,0x00,0x05,0x01,0x5A,0xDF,0xC0,0x00,0x00,0x08,0xAA,0x4A,0xA0,0x00,0x00,0x00,0x2A,0x00,0x00,0x00,0x00,0x00,0x00,0x00,
	0x00,0x00,0x00,0x00,0x00,0x00,0x00,0x00,0x00,0x00,0x02,0x00,0x00,0x00,0x00,0x2D,0x00,0x00,0x00,0x00,0x0F,0xF4,0x00,0x00,0x00,0x00,0xFF,0xFF,0xFF,0xD2,0x00,0x00,
	0x21,0x4B,0xFF,0xE0,0x00,0x00,0x22,0xAD,0xFE,0x00,0x02,0x02,0x5D,0xFD,0x20,0x00,0x00,0x24,0x4A,0xA5,0x40,0x20,0x00,0x02,0x14,0x00,0x00,0x00,0x00,0x00,0x00,0x00,
	0x00,0x00,0x00,0x00,0x00,0x00,0x00,0x00,0x00,0x00,0x01,0x20,0x00,0x00,0x00,0x2A,0x00,0x00,0x00,0x00,0x1F,0xEA,0x00,0x00,0x02,0x02,0xFF,0xFF,0xFD,0xA0,0x20,0x00,
	0x00,0x17,0xFF,0xD0,0x00,0x00,0x05,0x57,0xFE,0x00,0x04,0x04,0xAB,0xEA,0x80,0x00,0x00,0x01,0x15,0x52,0x80,0x10,0x00,0x08,0x48,0x00,0x00,0x00,0x00,0x00,0x00,0x00,
	0x00,0x00,0x00,0x00,0x00,0x00,0x00,0x00,0x00,0x00,0x02,0x80,0x00,0x00,0x00,0x55,0x00,0x00,0x00,0x00,0x0F,0xF4,0x00,0x00,0x00,0x01,0xFF,0xFF,0xFF,0x54,0x80,0x00,
	0x00,0x8B,0xFF,0xE0,0x00,0x00,0x09,0x6F,0xFE,0x80,0x09,0x09,0x2E,0xF5,0x00,0x00,0x00,0x08,0x8A,0xA9,0x40,0x08,0x80,0x05,0x10,0x00,0x00,0x00,0x00,0x00,0x00,0x00,
	0x00,0x00,0x00,0x00,0x00,0x00,0x00,0x00,0x00,0x00,0x09,0x00,0x00,0x00,0x00,0xAA,0x00,0x00,0x00,0x00,0x17,0xFA,0x80,0x00,0x00,0x8A,0xFF,0xFF,0xF6,0xE9,0x08,0x00,
	0x00,0x17,0xFF,0xD0,0x00,0x00,0x01,0x5F,0xFD,0x00,0x00,0x02,0x55,0xD4,0x00,0x00,0x00,0x00,0x25,0x52,0x80,0x21,0x00,0x12,0x40,0x00,0x00,0x00,0x00,0x00,0x00,0x00,
	0x00,0x00,0x00,0x00,0x00,0x00,0x00,0x00,0x00,0x00,0x02,0x80,0x00,0x00,0x00,0x55,0x00,0x00,0x00,0x00,0x2F,0xFA,0x00,0x00,0x00,0x03,0xFF,0xFF,0xFF,0x52,0x00,0x00,
	0x02,0x4B,0xFF,0xE0,0x00,0x00,0x22,0xBF,0xFE,0x00,0x02,0x20,0x22,0xA0,0x00,0x00,0x00,0x22,0x02,0xA4,0x20,0x12,0x40,0x24,0x20,0x00,0x00,0x00,0x00,0x00,0x00,0x00,
	0x00,0x00,0x00,0x00,0x00,0x00,0x00,0x00,0x00,0x20,0x14,0x40,0x00,0x00,0x00,0x5A,0x00,0x00,0x00,0x00,0x1F,0xED,0x00,0x00,0x00,0x07,0xFF,0xFF,0xFD,0xA4,0x20,0x00,
	0x00,0x97,0xFF,0xF0,0x00,0x00,0x01,0x77,0xFD,0x00,0x00,0x00,0x09,0x40,0x00,0x00,0x00,0x15,0x49,0x52,0x80,0x48,0x80,0x09,0x00,0x00,0x00,0x00,0x00,0x00,0x00,0x00,
	0x00,0x00,0x00,0x00,0x00,0x00,0x00,0x00,0x00,0x80,0x0A,0x80,0x00,0x00,0x00,0xB5,0x00,0x00,0x00,0x00,0x2F,0xFA,0x00,0x00,0x00,0x17,0xFF,0xFF,0xF6,0xA8,0x00,0x00,
	0x00,0x57,0xFF,0xE8,0x00,0x00,0x09,0x7F,0xFE,0x00,0x00,0x00,0x00,0x00,0x00,0x00,0x00,0x8A,0xA8,0xA9,0x00,0x00,0x00,0x80,0x80,0x00,0x00,0x00,0x00,0x00,0x00,0x00,
	0x00,0x00,0x00,0x00,0x00,0x00,0x00,0x00,0x00,0x00,0x05,0x00,0x00,0x00,0x00,0x56,0x80,0x00,0x00,0x00,0x1F,0xF5,0x00,0x00,0x00,0x0F,0xFF,0xFF,0xFB,0x50,0x80,0x00,
	0x01,0x2F,0xFF,0xF0,0x00,0x00,0x02,0xEF,0xFE,0x00,0x00,0x00,0x00,0x00,0x00,0x00,0x00,0x55,0x5D,0x52,0x80,0x20,0x40,0x02,0x00,0x00,0x00,0x00,0x00,0x00,0x00,0x00,
	0x00,0x00,0x00,0x00,0x00,0x00,0x00,0x00,0x00,0x80,0x02,0x80,0x00,0x00,0x00,0x55,0x00,0x00,0x00,0x00,0x1F,0xEA,0x00,0x00,0x00,0x07,0xFF,0xFF,0xFE,0xA4,0x00,0x00,
	0x02,0x5D,0xFF,0xE0,0x00,0x00,0x01,0xBF,0xFE,0x00,0x00,0x00,0x00,0x00,0x00,0x00,0x02,0x22,0x5E,0xA1,0x20,0x02,0x22,0x21,0x20,0x00,0x00,0x00,0x02,0x00,0x00,0x00,
	0x00,0x00,0x00,0x00,0x00,0x00,0x00,0x00,0x02,0x20,0x01,0x20,0x00,0x00,0x00,0x2A,0x00,0x00,0x00,0x00,0x2F,0xFA,0x20,0x00,0x00,0x0B,0xFF,0xFF,0xDD,0xA2,0x20,0x00,
	0x00,0x17,0xFF,0xE0,0x00,0x00,0x05,0x77,0xFE,0x00,0x00,0x00,0x00,0x00,0x08,0x00,0x00,0x08,0x55,0xA4,0x80,0x00,0x80,0x04,0x80,0x00,0x00,0x00,0x00,0x00,0x00,0x00,
	0x00,0x00,0x00,0x00,0x00,0x00,0x00,0x00,0x00,0x80,0x02,0x80,0x00,0x00,0x00,0x11,0x00,0x00,0x00,0x00,0x1F,0xF5,0x00,0x00,0x00,0x17,0xFF,0xFF,0xB6,0xA8,0x00,0x00,
	0x08,0x97,0x7F,0xE8,0x00,0x00,0x08,0xAF,0xFE,0x00,0x00,0x00,0x00,0x00,0x04,0x00,0x08,0x80,0x16,0xD0,0x00,0x00,0x08,0x88,0x00,0x00,0x00,0x00,0x08,0x00,0x80,0x00,
	0x00,0x00,0x00,0x00,0x00,0x00,0x00,0x00,0x00,0x00,0x09,0x00,0x00,0x00,0x00,0x88,0x80,0x00,0x00,0x00,0x1F,0xF8,0x80,0x00,0x00,0x0F,0xFF,0xFF,0xED,0x50,0x80,0x00,
	0x02,0x55,0xFF,0xF0,0x00,0x00,0x01,0x57,0xFE,0x00,0x00,0x00,0x00,0x00,0x08,0x00,0x00,0x00,0x0A,0xA0,0x00,0x00,0x00,0x00,0x00,0x00,0x00,0x00,0x00,0x00,0x00,0x00,
	0x00,0x00,0x00,0x00,0x00,0x00,0x00,0x00,0x00,0x80,0x12,0x40,0x00,0x00,0x00,0x12,0x00,0x00,0x00,0x00,0x2F,0xFA,0x00,0x00,0x00,0x0F,0xFF,0xFF,0x55,0x20,0x00,0x00,
	0x00,0x2B,0xFF,0xE0,0x00,0x00,0x02,0x5D,0xFE,0x00,0x00,0x00,0x02,0x00,0x22,0x00,0x00,0x00,0x00,0x40,0x00,0x00,0x00,0x00,0x00,0x00,0x00,0x00,0x02,0x02,0x00,0x00,
	0x00,0x00,0x00,0x00,0x00,0x00,0x00,0x00,0x00,0x20,0x05,0x00,0x00,0x00,0x01,0x5C,0x00,0x00,0x00,0x00,0x1F,0xFC,0x00,0x00,0x02,0x2F,0xFF,0xFD,0xAA,0x42,0x20,0x00,
	0x02,0x55,0xFF,0xF0,0x00,0x00,0x00,0xB7,0xFD,0x00,0x00,0x00,0x00,0x00,0x08,0x00,0x00,0x00,0x00,0x00,0x00,0x00,0x00,0x00,0x00,0x00,0x00,0x00,0x00,0x00,0x00,0x00,
	0x00,0x00,0x00,0x00,0x00,0x00,0x00,0x00,0x00,0x00,0x0A,0x80,0x00,0x00,0x01,0x55,0x00,0x00,0x00,0x00,0x2F,0xF5,0x00,0x00,0x00,0x1F,0xFF,0xFA,0xAA,0x89,0x00,0x00,
	0x08,0x97,0xFF,0xE8,0x00,0x00,0x08,0xAF,0xFE,0x80,0x00,0x00,0x00,0x00,0x04,0x00,0x00,0x88,0x80,0x00,0x00,0x00,0x00,0x00,0x00,0x08,0x00,0x00,0x00,0x00,0x00,0x00,
	0x00,0x00,0x00,0x00,0x00,0x00,0x00,0x00,0x00,0x80,0x05,0x00,0x00,0x00,0x05,0xAC,0x80,0x00,0x00,0x00,0x1F,0xF8,0x80,0x00,0x05,0x17,0xFF,0xF7,0x75,0x50,0x80,0x00,
	0x00,0x2B,0xFF,0xD0,0x00,0x00,0x01,0x57,0xFF,0x00,0x00,0x00,0x00,0x00,0x08,0x00,0x00,0x02,0xA0,0x00,0x00,0x00,0x00,0x00,0x00,0x00,0x00,0x00,0x00,0x00,0x00,0x00,
	0x00,0x00,0x00,0x00,0x00,0x00,0x00,0x00,0x00,0x00,0x0A,0x80,0x00,0x00,0x0B,0x6A,0x00,0x00,0x00,0x00,0x1F,0xF6,0x00,0x00,0x00,0x5F,0xFF,0xDF,0xD5,0x22,0x00,0x00,
	0x02,0x5D,0xFF,0xE0,0x00,0x00,0x22,0xBD,0xFE,0x00,0x00,0x00,0x02,0x00,0x14,0x00,0x00,0x21,0x52,0x00,0x00,0x00,0x00,0x00,0x00,0x20,0x00,0x00,0x02,0x00,0x00,0x00,
	0x00,0x00,0x00,0x00,0x00,0x00,0x00,0x00,0x00,0x00,0x05,0x20,0x00,0x00,0x05,0xA4,0x00,0x00,0x00,0x00,0x2F,0xFD,0x00,0x00,0x02,0x2E,0xAA,0xFD,0xAA,0x44,0x20,0x00,
	0x00,0x97,0xFF,0xF0,0x00,0x00,0x01,0x57,0xFF,0x00,0x00,0x00,0x00,0x00,0x08,0x00,0x00,0x55,0x54,0x00,0x00,0x00,0x00,0x00,0x00,0x08,0x00,0x00,0x00,0x00,0x00,0x00,
	0x00,0x00,0x00,0x00,0x00,0x00,0x00,0x00,0x00,0x00,0x0A,0x80,0x00,0x00,0x15,0x49,0x00,0x00,0x00,0x00,0x1F,0xFA,0x80,0x00,0x00,0x1D,0x55,0xAD,0x55,0x28,0x10,0x00,
	0x08,0x57,0xFF,0xE0,0x00,0x00,0x08,0xAF,0xFF,0x00,0x00,0x00,0x09,0x00,0x04,0x00,0x00,0x91,0x68,0x88,0x00,0x00,0x00,0x00,0x00,0x10,0x00,0x00,0x08,0x00,0x00,0x00,
	0x00,0x00,0x00,0x00,0x00,0x00,0x00,0x00,0x00,0x80,0x05,0x00,0x00,0x00,0x0A,0x80,0x00,0x00,0x00,0x00,0x1F,0xFD,0x00,0x00,0x00,0x95,0x7E,0xF0,0xA8,0x90,0x88,0x00,
	0x00,0x2B,0xFF,0xD0,0x00,0x00,0x00,0x2B,0xFF,0x00,0x00,0x00,0x02,0x00,0x08,0x00,0x00,0x2A,0xBE,0x00,0x00,0x00,0x00,0x00,0x00,0x24,0x00,0x00,0x04,0x00,0x00,0x00,
	0x00,0x00,0x00,0x00,0x00,0x00,0x00,0x00,0x00,0x00,0x0A,0x00,0x00,0x00,0x15,0x00,0x00,0x00,0x00,0x00,0x2F,0xFA,0x00,0x00,0x00,0x0A,0xFF,0x55,0x55,0x24,0x00,0x00,
	0x02,0x2D,0xFF,0xE0,0x00,0x00,0x24,0x5D,0xFE,0x00,0x00,0x00,0x20,0x00,0x04,0x00,0x00,0x55,0xDA,0x20,0x00,0x00,0x00,0x00,0x00,0x12,0x00,0x00,0x22,0x00,0x00,0x00,
	0x00,0x00,0x00,0x00,0x00,0x00,0x00,0x00,0x01,0x40,0x24,0x00,0x00,0x00,0x22,0x02,0x00,0x00,0x00,0x00,0x1F,0xFA,0x20,0x00,0x02,0x05,0xDD,0xBA,0xBA,0xA2,0x20,0x00,
	0x00,0x2B,0xFF,0xF0,0x00,0x00,0x09,0x2F,0xFF,0x00,0x00,0x00,0x05,0x00,0x08,0x00,0x00,0x0B,0x6D,0x00,0x00,0x00,0x00,0x00,0x00,0x48,0x00,0x00,0x04,0x00,0x00,0x00,
	0x00,0x00,0x00,0x00,0x00,0x00,0x00,0x00,0x00,0x80,0x01,0x00,0x00,0x00,0x80,0x00,0x00,0x00,0x00,0x00,0x1F,0xF4,0x00,0x00,0x00,0x15,0xEF,0xFF,0xF7,0xD4,0x80,0x00,
	0x00,0x97,0xFF,0xE8,0x00,0x00,0x00,0x97,0xFE,0x00,0x00,0x00,0x08,0x80,0x04,0x00,0x00,0x95,0xB6,0x80,0x00,0x00,0x00,0x00,0x00,0x00,0x00,0x00,0x08,0x00,0x00,0x00,
	0x00,0x00,0x00,0x00,0x00,0x00,0x00,0x00,0x00,0x00,0x08,0x00,0x00,0x00,0x00,0x88,0x80,0x00,0x00,0x00,0x1F,0xF9,0x00,0x00,0x08,0x0A,0xFF,0xFF,0xFF,0x68,0x08,0x00,
	0x00,0x2B,0xFF,0xF0,0x00,0x00,0x02,0x15,0xFF,0x00,0x00,0x00,0x05,0x00,0x08,0x00,0x00,0x4A,0xDD,0x00,0x00,0x00,0x00,0x00,0x00,0x08,0x00,0x00,0x14,0x00,0x00,0x00,
	0x00,0x00,0x00,0x00,0x00,0x00,0x00,0x00,0x00,0x00,0x02,0x00,0x00,0x00,0x01,0x2A,0x00,0x00,0x00,0x00,0x1F,0xEA,0x00,0x00,0x00,0x0D,0xFF,0xFF,0xFA,0xD4,0x00,0x00,
	0x01,0x5D,0xFF,0xE0,0x00,0x00,0x00,0x22,0xBE,0x00,0x00,0x00,0x22,0x00,0x02,0x00,0x00,0x25,0xBE,0x00,0x00,0x00,0x00,0x00,0x00,0x22,0x00,0x00,0x22,0x00,0x00,0x00,
	0x00,0x00,0x00,0x00,0x00,0x00,0x00,0x00,0x02,0x20,0x04,0x00,0x00,0x02,0x05,0xD4,0x20,0x00,0x00,0x00,0x2F,0xFA,0x00,0x00,0x02,0x2F,0xFF,0xFF,0xD5,0x40,0x22,0x00,
	0x00,0x2B,0xFF,0xF0,0x00,0x00,0x05,0x55,0x5F,0x00,0x00,0x00,0x05,0x00,0x00,0x00,0x00,0x0B,0x7F,0x00,0x00,0x00,0x00,0x00,0x00,0x48,0x00,0x00,0x04,0x00,0x00,0x00,
	0x00,0x00,0x00,0x00,0x00,0x00,0x00,0x00,0x00,0x80,0x01,0x00,0x00,0x00,0x0B,0x69,0x00,0x00,0x00,0x00,0x1F,0xF6,0x80,0x00,0x00,0x0F,0xFF,0xFE,0xA2,0x80,0x00,0x00,
	0x00,0xB7,0xFF,0xE0,0x00,0x00,0x15,0x6A,0xEE,0x80,0x00,0x00,0x0A,0x80,0x08,0x00,0x00,0x95,0x7E,0x80,0x00,0x00,0x00,0x00,0x00,0x90,0x00,0x00,0x08,0x00,0x00,0x00,
	0x00,0x00,0x00,0x00,0x00,0x00,0x00,0x00,0x00,0x40,0x08,0x80,0x00,0x00,0x57,0xF4,0x80,0x00,0x08,0x00,0x1F,0xFF,0x00,0x00,0x00,0x1F,0xFF,0xE9,0x08,0x00,0x00,0x00,
	0x00,0x2F,0xFF,0xF0,0x00,0x00,0x4A,0xDF,0xFD,0x00,0x00,0x00,0x05,0x00,0x00,0x00,0x02,0x2A,0xBF,0x00,0x00,0x00,0x00,0x00,0x00,0x00,0x00,0x00,0x12,0x00,0x00,0x00,
	0x00,0x00,0x00,0x00,0x00,0x00,0x00,0x00,0x00,0x80,0x02,0x00,0x00,0x00,0x3D,0xDA,0x40,0x00,0x00,0x00,0x2F,0xFD,0x00,0x00,0x00,0xBF,0xFF,0x50,0x00,0x00,0x00,0x00,
	0x02,0x5D,0xFF,0xE0,0x00,0x00,0x25,0xBF,0xFE,0x00,0x00,0x00,0x02,0x00,0x02,0x00,0x01,0x55,0xDD,0x00,0x00,0x00,0x00,0x00,0x00,0x20,0x00,0x00,0x24,0x00,0x00,0x00,
	0x02,0x22,0x00,0x00,0x00,0x00,0x00,0x00,0x02,0x40,0x00,0x00,0x00,0x00,0x7F,0xFD,0x20,0x00,0x00,0x00,0x1F,0xFA,0x00,0x00,0x00,0xFF,0xFD,0x00,0x00,0x00,0x00,0x00,
	0x00,0x2B,0xFF,0xF0,0x00,0x00,0x15,0x7F,0xFF,0xA0,0x00,0x00,0x05,0x00,0x00,0x00,0x04,0x8B,0x7F,0x00,0x00,0x00,0x00,0x00,0x00,0x00,0x00,0x00,0x4A,0x00,0x00,0x00,
	0x00,0x00,0x00,0x00,0x00,0x00,0x00,0x00,0x00,0x80,0x05,0x00,0x00,0x00,0xFF,0xEA,0x80,0x00,0x00,0x00,0x1F,0xFD,0x00,0x00,0x01,0x7F,0xE8,0x00,0x00,0x00,0x00,0x00,
	0x00,0x97,0xFF,0xE0,0x00,0x00,0x09,0x6F,0xFF,0xD0,0x00,0x00,0x08,0x80,0x08,0x00,0x09,0x0A,0xF6,0x80,0x00,0x00,0x00,0x00,0x00,0x88,0x00,0x00,0x95,0x00,0x00,0x00,
	0x00,0x08,0x08,0x00,0x00,0x00,0x00,0x00,0x00,0x40,0x08,0x80,0x00,0x01,0x7F,0xF5,0x08,0x00,0x08,0x00,0x17,0xF4,0x00,0x00,0x01,0xFF,0x80,0x00,0x08,0x00,0x00,0x00,
	0x00,0x2F,0xFF,0xD0,0x00,0x00,0x00,0x95,0xFF,0xF0,0x00,0x00,0x12,0x00,0x00,0x00,0x02,0x55,0xFF,0x00,0x00,0x00,0x00,0x00,0x00,0x00,0x00,0x00,0x2A,0x00,0x00,0x00,
	0x00,0x00,0x00,0x00,0x00,0x00,0x00,0x00,0x01,0x00,0x12,0x00,0x00,0x00,0xFF,0xFA,0x40,0x00,0x00,0x00,0x2F,0xFA,0x00,0x00,0x05,0xFF,0x00,0x00,0x00,0x00,0x00,0x00,
	0x02,0x2B,0xFF,0xE0,0x00,0x00,0x22,0x22,0xBF,0xF4,0x00,0x00,0x25,0x00,0x00,0x00,0x21,0x25,0xDD,0x00,0x00,0x00,0x00,0x00,0x00,0x24,0x00,0x00,0x44,0x00,0x00,0x00,
	0x00,0x00,0x02,0x00,0x00,0x00,0x00,0x00,0x00,0x20,0x24,0x00,0x00,0x01,0xFF,0xFA,0x00,0x00,0x00,0x00,0x1F,0xFA,0x00,0x00,0x03,0xFA,0x00,0x25,0x42,0x00,0x00,0x00,
	0x00,0x57,0xFF,0xF0,0x00,0x00,0x05,0x48,0x5F,0xF8,0x00,0x00,0x0A,0x00,0x00,0x00,0x00,0x0A,0xB7,0x00,0x00,0x00,0x00,0x00,0x00,0x08,0x00,0x00,0x15,0x00,0x00,0x00,
	0x00,0x00,0x00,0x00,0x00,0x00,0x00,0x00,0x00,0x80,0x0A,0x00,0x00,0x02,0xFF,0xD5,0x00,0x00,0x00,0x00,0x2F,0xF4,0x00,0x00,0x0B,0xD0,0x00,0xAA,0xA8,0x00,0x00,0x00,
	0x00,0xAF,0xFF,0xE8,0x00,0x00,0x92,0xAA,0xAF,0xFC,0x00,0x00,0x0A,0x80,0x00,0x00,0x08,0x85,0x5A,0x80,0x00,0x00,0x00,0x00,0x00,0x80,0x00,0x00,0x8A,0x00,0x00,0x00,
	0x00,0x00,0x00,0x80,0x00,0x00,0x00,0x00,0x00,0x00,0x05,0x00,0x00,0x01,0xFF,0x68,0x00,0x00,0x08,0x00,0x1F,0xF5,0x00,0x00,0x07,0xA0,0x01,0x76,0x90,0x80,0x00,0x00,
	0x00,0x5B,0xFF,0xF0,0x00,0x00,0x55,0xDF,0x5A,0xFA,0x00,0x00,0x05,0x00,0x00,0x00,0x92,0xAA,0x55,0x00,0x00,0x00,0x00,0x00,0x00,0x08,0x00,0x00,0x15,0x00,0x00,0x00,
	0x00,0x00,0x00,0x00,0x00,0x00,0x00,0x00,0x00,0x00,0x12,0x00,0x00,0x00,0xFE,0xA0,0x00,0x00,0x00,0x00,0x0F,0xFA,0x80,0x00,0x07,0x40,0x0A,0xED,0xAA,0x00,0x00,0x00,
	0x22,0x6D,0xFF,0xE0,0x00,0x00,0x2B,0xFF,0xFD,0xDC,0x00,0x00,0x25,0x00,0x00,0x02,0x4A,0xB5,0x42,0x00,0x00,0x00,0x00,0x00,0x00,0x22,0x00,0x00,0x24,0x00,0x00,0x00,
	0x00,0x00,0x00,0x20,0x00,0x02,0x00,0x00,0x00,0x00,0x24,0x00,0x00,0x01,0x7A,0x00,0x00,0x00,0x00,0x00,0x2F,0xFD,0x20,0x00,0x05,0x00,0x25,0xFB,0xD4,0x00,0x00,0x00,
	0x00,0x56,0xFF,0xF0,0x00,0x00,0x96,0xFF,0xFF,0xAA,0x00,0x00,0x15,0x00,0x00,0x24,0x95,0x6E,0xD4,0x80,0x00,0x00,0x00,0x00,0x00,0x00,0x00,0x00,0x28,0x00,0x00,0x00,
	0x00,0x00,0x00,0x00,0x00,0x00,0x00,0x00,0x00,0x00,0x09,0x00,0x00,0x00,0xD4,0x00,0x00,0x00,0x00,0x00,0x17,0xFA,0x80,0x00,0x0A,0x00,0x0B,0xFE,0xA9,0x00,0x00,0x00,
	0x08,0xAB,0xFF,0xE0,0x00,0x00,0x0B,0x7F,0xFF,0xD4,0x00,0x00,0x0A,0x80,0x00,0x09,0x09,0x77,0x6B,0x40,0x00,0x80,0x00,0x00,0x00,0x88,0x00,0x00,0x90,0x00,0x00,0x00,
	0x00,0x00,0x00,0x80,0x00,0x00,0x80,0x00,0x00,0x80,0x50,0x88,0x00,0x00,0xA9,0x00,0x00,0x00,0x08,0x00,0x17,0xE8,0x00,0x00,0x00,0x05,0x5F,0xF7,0xE8,0x88,0x80,0x00,
	0x00,0x57,0xFF,0xF0,0x00,0x00,0x55,0xFF,0xFF,0xEA,0x00,0x00,0x15,0x00,0x00,0x00,0x52,0xAD,0xFF,0xA0,0x00,0x00,0x00,0x00,0x00,0x20,0x00,0x00,0x54,0x00,0x00,0x00,
	0x00,0x00,0x00,0x00,0x00,0x00,0x00,0x00,0x00,0x00,0x00,0x00,0x00,0x00,0x02,0xA8,0x00,0x00,0x00,0x00,0x2F,0xD5,0x00,0x00,0x00,0x0A,0xBF,0xFF,0xDA,0x24,0x00,0x00,
	0x02,0x2B,0xFF,0xE0,0x00,0x00,0x2B,0xFF,0xFF,0xFC,0x00,0x00,0x24,0x00,0x00,0x02,0x21,0x56,0xDF,0xD0,0x00,0x20,0x00,0x00,0x00,0x14,0x00,0x00,0x22,0x00,0x00,0x00,
	0x00,0x00,0x00,0x20,0x00,0x02,0x00,0x00,0x00,0x00,0x20,0x20,0x00,0x00,0x05,0xD4,0x00,0x00,0x00,0x00,0x1F,0xAA,0x00,0x00,0x00,0x15,0xDF,0xFF,0xFC,0x12,0x20,0x00,
	0x00,0x56,0xFF,0xE0,0x00,0x00,0x17,0xFF,0xFF,0xFD,0x00,0x00,0x15,0x00,0x00,0x00,0x00,0x55,0xBF,0xFA,0x00,0x00,0x00,0x00,0x00,0x28,0x00,0x00,0x08,0x00,0x00,0x00,
	0x00,0x00,0x00,0x00,0x00,0x00,0x00,0x00,0x00,0x00,0x00,0x00,0x00,0x00,0x0B,0xE8,0x00,0x00,0x00,0x00,0x1F,0x69,0x00,0x00,0x00,0x2B,0xBF,0xFF,0xF5,0x04,0x80,0x00,
	0x00,0x97,0x7F,0xE0,0x00,0x00,0x0F,0x7F,0xFF,0xFE,0x80,0x00,0x0A,0x80,0x00,0x00,0x88,0xAA,0xF7,0xFE,0x80,0x00,0x80,0x00,0x00,0x90,0x00,0x00,0x00,0x00,0x00,0x00,
	0x00,0x00,0x00,0x08,0x00,0x00,0x80,0x00,0x00,0x00,0x00,0x00,0x00,0x00,0x07,0xF4,0x80,0x00,0x00,0x00,0x17,0xF4,0x80,0x00,0x00,0x17,0x7F,0xFF,0xFA,0x11,0x08,0x00,
	0x00,0x55,0xFF,0xE0,0x00,0x00,0x2A,0xFF,0xFF,0xFF,0xC0,0x00,0x05,0x00,0x00,0x00,0x21,0x54,0xAF,0xFF,0x40,0x00,0x00,0x00,0x00,0x28,0x00,0x00,0x08,0x00,0x00,0x00,
	0x00,0x00,0x00,0x20,0x00,0x02,0x00,0x00,0x00,0x00,0x00,0x00,0x00,0x00,0x07,0xEA,0x00,0x00,0x00,0x00,0x0F,0xF5,0x00,0x00,0x00,0x1F,0xFF,0xFF,0xFC,0x04,0xA0,0x00,
	0x02,0x4B,0xFF,0xD0,0x00,0x00,0x02,0xAB,0xFF,0xFF,0xC0,0x00,0x24,0x00,0x00,0x02,0x02,0xAA,0xBA,0xBF,0xD0,0x00,0x00,0x00,0x00,0x02,0x00,0x02,0x20,0x00,0x00,0x00,
	0x00,0x00,0x00,0x00,0x00,0x00,0x00,0x00,0x00,0x22,0x00,0x00,0x00,0x00,0x07,0xF8,0x00,0x00,0x00,0x00,0x3F,0xFA,0x20,0x00,0x00,0x2F,0xFF,0xFF,0xFA,0x22,0x40,0x00,
	0x00,0x97,0xFF,0xE0,0x00,0x00,0x00,0x15,0xFF,0xFF,0xE0,0x00,0x05,0x00,0x00,0x00,0x41,0x55,0x55,0x6F,0xF0,0x00,0x00,0x00,0x00,0x40,0x00,0x00,0x80,0x00,0x00,0x00,
	0x00,0x00,0x00,0x20,0x00,0x01,0x00,0x00,0x00,0x15,0x00,0x00,0x00,0x00,0x07,0xFA,0x00,0x00,0x00,0x00,0x5F,0xF6,0x80,0x00,0x00,0x1F,0xFF,0xFF,0xEA,0x95,0x00,0x00,
	0x08,0x57,0xFF,0xE0,0x00,0x00,0x00,0x01,0x7F,0xFF,0xE0,0x00,0x0A,0x00,0x00,0x00,0x90,0xAE,0xAA,0xF7,0xF0,0x00,0x00,0x00,0x00,0x88,0x00,0x00,0x00,0x00,0x00,0x00,
	0x00,0x00,0x00,0x50,0x00,0x00,0x80,0x00,0x0A,0xAA,0x80,0x00,0x00,0x00,0x0F,0xF4,0x80,0x00,0x00,0x00,0x3F,0xE9,0x00,0x00,0x00,0x17,0xFF,0xFF,0xF5,0x08,0x80,0x00,
	0x01,0x25,0xFF,0xD0,0x00,0x00,0x00,0x00,0x5F,0xFF,0xE0,0x00,0x05,0x00,0x00,0x00,0x00,0x5B,0xD5,0xDA,0xF4,0x00,0x00,0x00,0x02,0x00,0x00,0x02,0x00,0x00,0x00,0x00,
	0x00,0x00,0x00,0x20,0x00,0x00,0x00,0x00,0x15,0x55,0x00,0x00,0x00,0x00,0x07,0xF8,0x00,0x00,0x00,0x00,0x5E,0x80,0x00,0x00,0x00,0x1F,0xFF,0xFF,0xEA,0x55,0x40,0x00,
	0x02,0x57,0xFF,0xE0,0x00,0x00,0x00,0x00,0x25,0xFF,0xD0,0x00,0x02,0x00,0x00,0x01,0x54,0x5D,0xBF,0xFD,0xFA,0x00,0x00,0x00,0x00,0x20,0x00,0x00,0x00,0x00,0x00,0x00,
	0x00,0x00,0x00,0x00,0x00,0x02,0x00,0x00,0x4A,0xA2,0x20,0x00,0x20,0x00,0x0B,0xFA,0x00,0x00,0x00,0x00,0x2A,0x20,0x00,0x00,0x00,0x3F,0xFF,0xFF,0xDA,0x24,0x20,0x00,
	0x00,0x2D,0xFF,0xF0,0x00,0x00,0x00,0x00,0x02,0xFF,0xE0,0x00,0x05,0x00,0x00,0x00,0x92,0xAB,0x77,0xFF,0xFC,0x00,0x00,0x00,0x00,0x00,0x00,0x00,0x00,0x00,0x00,0x00,
	0x00,0x00,0x00,0x20,0x00,0x01,0x00,0x00,0x12,0x48,0x00,0x00,0x00,0x00,0x07,0xF4,0x00,0x00,0x00,0x00,0x11,0x00,0x00,0x00,0x00,0x5F,0xFF,0xFF,0xEA,0x85,0x40,0x00,
	0x08,0x97,0xFF,0xE0,0x00,0x00,0x00,0x00,0x00,0xBF,0xE8,0x00,0x0A,0x00,0x00,0x00,0x49,0x77,0xFF,0xF7,0xFD,0x00,0x00,0x00,0x00,0x00,0x00,0x00,0x00,0x00,0x00,0x00,
	0x00,0x00,0x00,0x90,0x00,0x00,0x80,0x00,0x88,0x80,0x00,0x00,0x80,0x00,0x0F,0xF9,0x00,0x00,0x08,0x00,0x08,0x80,0x00,0x00,0x00,0x3F,0xFF,0xFF,0xF5,0x0A,0x88,0x00,
	0x00,0x2B,0xFF,0xF0,0x00,0x00,0x00,0x00,0x80,0x0F,0xE0,0x00,0x05,0x00,0x00,0x00,0x24,0xAF,0xFF,0xFF,0xFE,0x00,0x00,0x00,0x00,0x00,0x00,0x00,0x00,0x00,0x00,0x00,
	0x00,0x00,0x00,0x20,0x00,0x01,0x00,0x00,0x20,0x00,0x00,0x00,0x00,0x00,0x07,0xFA,0x00,0x00,0x00,0x00,0x55,0x20,0x00,0x00,0x00,0x1F,0xFF,0xFF,0xDA,0x05,0x20,0x00,
	0x02,0x4B,0xFF,0xE0,0x00,0x00,0x02,0x54,0x40,0x05,0xD0,0x00,0x25,0x00,0x00,0x00,0x02,0x15,0xDF,0xDF,0xFD,0x00,0x00,0x00,0x00,0x22,0x02,0x00,0x00,0x00,0x00,0x00,
	0x00,0x00,0x00,0x20,0x00,0x02,0x00,0x00,0x00,0x00,0x00,0x22,0x00,0x00,0x07,0xF4,0x00,0x00,0x00,0x00,0x3B,0xD4,0x00,0x00,0x00,0x3F,0xFF,0xFF,0xED,0x22,0x42,0x00,
	0x00,0x15,0xFF,0xF0,0x00,0x00,0x00,0xAA,0x92,0x02,0xA0,0x00,0x0A,0x00,0x00,0x00,0x00,0x02,0x37,0xFF,0xFD,0x00,0x00,0x00,0x00,0x14,0x80,0x00,0x00,0x00,0x00,0x00,
	0x00,0x00,0x00,0x10,0x00,0x00,0x80,0x00,0x00,0x00,0x00,0x00,0x00,0x00,0x07,0xFA,0x00,0x00,0x00,0x00,0xBF,0xE8,0x00,0x00,0x00,0x1F,0xFF,0xFF,0xDA,0x8A,0x90,0x00,
	0x00,0x8A,0xFF,0xE0,0x00,0x08,0x89,0x5F,0x55,0x00,0x40,0x00,0x09,0x00,0x00,0x00,0x00,0x00,0x8A,0xFF,0xFE,0x80,0x00,0x00,0x91,0x52,0x80,0x80,0x00,0x00,0x00,0x00,
	0x00,0x00,0x00,0x88,0x00,0x01,0x00,0x00,0x80,0x00,0x00,0x88,0x80,0x00,0x0F,0xF4,0x80,0x00,0x08,0x01,0x7F,0xF5,0x00,0x00,0x00,0x3F,0xFF,0xFF,0x6D,0x0A,0x88,0x00,
	0x00,0x05,0x7F,0xE0,0x00,0x00,0x00,0x2F,0xBE,0x80,0x20,0x00,0x0A,0x00,0x00,0x00,0x00,0x00,0x00,0x5F,0xFF,0x40,0x00,0x02,0x24,0x25,0x40,0x00,0x00,0x00,0x00,0x00,
	0x00,0x00,0x00,0x10,0x00,0x00,0x00,0x00,0x00,0x00,0x00,0x02,0x00,0x00,0x17,0xFA,0x00,0x00,0x00,0x01,0xFF,0xE8,0x00,0x00,0x00,0x1F,0xFF,0xFF,0xFD,0x55,0x20,0x00,
	0x25,0x52,0xBF,0xD0,0x00,0x00,0x00,0x2F,0xFF,0xA0,0x00,0x00,0x2A,0x00,0x00,0x00,0x00,0x00,0x00,0x2B,0xFF,0xA0,0x00,0x01,0x42,0x02,0x00,0x00,0x00,0x00,0x00,0x00,
	0x00,0x00,0x00,0x20,0x00,0x02,0x00,0x02,0x00,0x00,0x02,0x20,0x00,0x00,0x0B,0xEA,0x00,0x00,0x00,0x03,0xFD,0x52,0x00,0x00,0x00,0x3F,0xFF,0xFF,0xFD,0x25,0x42,0x00,
	0x09,0x54,0xAF,0xA0,0x00,0x00,0x00,0x12,0xBF,0xD4,0x00,0x00,0x14,0x00,0x00,0x00,0x00,0x00,0x00,0x02,0xFF,0xD0,0x00,0x00,0x00,0x00,0x00,0x00,0x00,0x00,0x00,0x00,
	0x00,0x00,0x00,0x10,0x00,0x00,0x80,0x00,0x00,0x00,0x00,0x02,0x00,0x00,0x07,0xF5,0x00,0x00,0x00,0x03,0xF8,0x00,0x00,0x00,0x00,0x5F,0xFF,0xFF,0xFA,0x8A,0xA8,0x00,
	0x05,0x6A,0xF6,0x80,0x00,0x00,0x00,0x01,0x5F,0xF8,0x00,0x00,0x08,0x80,0x00,0x00,0x00,0x88,0x88,0x00,0x7F,0xE8,0x00,0x00,0x00,0x00,0x80,0x00,0x00,0x00,0x00,0x00,
	0x00,0x00,0x00,0x88,0x00,0x01,0x00,0x04,0x00,0x00,0x09,0x10,0x80,0x00,0x0B,0xF0,0x80,0x00,0x08,0x07,0xE0,0x00,0x00,0x00,0x00,0x3F,0xFF,0xFF,0xF5,0x0A,0x90,0x80,
	0x02,0x5F,0xFF,0xA0,0x00,0x00,0x00,0x00,0x17,0xFE,0x00,0x00,0x12,0x00,0x00,0x00,0x00,0x25,0x52,0x00,0x2F,0xB0,0x00,0x00,0x00,0x00,0x00,0x00,0x00,0x00,0x00,0x00,
	0x00,0x00,0x00,0x20,0x00,0x02,0x80,0x00,0x00,0x00,0x0A,0xAA,0x00,0x00,0x07,0xEA,0x00,0x00,0x00,0x0B,0xC0,0x00,0x00,0x00,0x00,0x1F,0xFF,0xFF,0xFA,0x82,0xA0,0x00,
	0x01,0x2D,0xFF,0xD0,0x00,0x00,0x00,0x00,0x02,0xFC,0x00,0x00,0x04,0x00,0x00,0x00,0x02,0x15,0xAA,0x50,0x05,0x54,0x00,0x00,0x00,0x02,0x00,0x00,0x00,0x00,0x00,0x00,
	0x00,0x00,0x00,0x00,0x00,0x01,0x40,0x00,0x00,0x02,0x2F,0xD4,0x00,0x00,0x05,0xF4,0x00,0x00,0x00,0x05,0x00,0x20,0x00,0x00,0x00,0x3F,0xFF,0xFF,0xFD,0x45,0x42,0x00,
	0x00,0x57,0xFF,0xFA,0x00,0x00,0x00,0x00,0x01,0x7E,0x00,0x00,0x00,0x00,0x00,0x00,0x00,0x4B,0x57,0x54,0x00,0xA8,0x00,0x00,0x02,0x04,0x00,0x00,0x00,0x00,0x00,0x00,
	0x00,0x00,0x00,0x20,0x00,0x04,0x80,0x00,0x00,0x01,0x5F,0xF5,0x00,0x00,0x07,0xE8,0x00,0x00,0x00,0x02,0x05,0x40,0x00,0x00,0x00,0x1F,0xFF,0xFF,0xFA,0x8A,0x88,0x00,
	0x08,0x8A,0xFF,0xFE,0x80,0x00,0x00,0x08,0x80,0x18,0x00,0x00,0x08,0x00,0x00,0x00,0x00,0x97,0xFF,0xA8,0x80,0x50,0x00,0x00,0x09,0x09,0x00,0x00,0x00,0x00,0x00,0x00,
	0x00,0x00,0x00,0x88,0x00,0x01,0x00,0x00,0x00,0x89,0x7F,0x68,0x80,0x00,0x0F,0xF0,0x00,0x00,0x00,0x00,0x0A,0x90,0x00,0x00,0x00,0x1F,0xFF,0xFF,0xEE,0x85,0x00,0x80,
	0x00,0x25,0x7F,0xFF,0x00,0x00,0x00,0x25,0x50,0x0A,0x00,0x00,0x00,0x00,0x00,0x00,0x00,0x2A,0xFF,0xDA,0xA0,0x20,0x00,0x00,0x00,0x02,0x00,0x00,0x00,0x00,0x00,0x00,
	0x00,0x00,0x00,0x20,0x00,0x02,0x00,0x00,0x00,0x03,0xFF,0xFA,0x00,0x00,0x07,0xD4,0x00,0x00,0x00,0x00,0x17,0xE8,0x00,0x00,0x00,0x1F,0xFF,0xFF,0xFD,0x4A,0x50,0x00,
	0x02,0x02,0xBF,0xFF,0x80,0x00,0x00,0x15,0xEA,0x04,0x00,0x00,0x02,0x00,0x00,0x00,0x02,0x57,0xDF,0xF4,0xA0,0x00,0x00,0x02,0x20,0x00,0x00,0x00,0x00,0x20,0x00,0x00,
	0x00,0x00,0x00,0x00,0x00,0x01,0x00,0x00,0x00,0x27,0xFF,0xD4,0x20,0x00,0x07,0xE0,0x00,0x00,0x00,0x00,0x2F,0xD4,0x00,0x00,0x00,0x3F,0xFF,0xFF,0xDA,0x24,0x22,0x00,
	0x01,0x2A,0xAF,0xFF,0x40,0x00,0x00,0x4A,0xF6,0x00,0x00,0x00,0x00,0x00,0x00,0x00,0x00,0x2D,0xFF,0xFD,0x6A,0x00,0x00,0x00,0x00,0x00,0x00,0x00,0x00,0x80,0x00,0x00,
	0x00,0x00,0x00,0x00,0x00,0x04,0x80,0x00,0x00,0x0F,0xFF,0xA9,0x00,0x00,0x07,0xD4,0x00,0x00,0x00,0x00,0x5F,0xE8,0x00,0x00,0x00,0x1F,0xFF,0xFF,0xEA,0x89,0x48,0x00,
	0x00,0xAF,0x77,0xFF,0x80,0x00,0x00,0x97,0x7E,0x80,0x00,0x00,0x08,0x80,0x00,0x00,0x00,0x97,0x77,0xF5,0x76,0x80,0x00,0x00,0x80,0x00,0x00,0x00,0x00,0x00,0x00,0x00,
	0x00,0x00,0x00,0x80,0x00,0x01,0x00,0x00,0x00,0xB7,0xFE,0xD0,0x80,0x00,0x0F,0xF4,0x00,0x00,0x00,0x00,0x3F,0xF0,0x00,0x00,0x00,0x1F,0xFF,0xFF,0xF5,0x08,0x90,0x80,
	0x01,0x5F,0xFF,0xFF,0xC0,0x00,0x02,0x55,0xFF,0x00,0x00,0x00,0x00,0x00,0x00,0x00,0x00,0x4A,0xFF,0xFE,0xDF,0x00,0x00,0x01,0x00,0x00,0x00,0x00,0x00,0x00,0x00,0x00,
	0x00,0x00,0x00,0x20,0x00,0x02,0x00,0x00,0x00,0x5F,0xFD,0xA4,0x00,0x00,0x17,0xFA,0x00,0x00,0x00,0x00,0x5F,0xD4,0x00,0x00,0x00,0x1F,0xFF,0xFF,0xEA,0x02,0x24,0x00,
	0x02,0x5F,0xFF,0xEF,0xA0,0x00,0x01,0x4B,0xFE,0x00,0x00,0x00,0x02,0x22,0x00,0x00,0x02,0x25,0xDF,0xFD,0xFF,0xA0,0x00,0x02,0x40,0x00,0x00,0x00,0x00,0x00,0x00,0x00,
	0x00,0x00,0x00,0x40,0x00,0x01,0x00,0x00,0x20,0x7F,0xFB,0xC2,0x00,0x00,0x1F,0xD8,0x00,0x00,0x00,0x00,0x3F,0xEA,0x00,0x00,0x00,0x3F,0xFF,0xFF,0xFC,0x04,0x52,0x20,
	0x00,0xAF,0xFF,0xFA,0x80,0x00,0x00,0x57,0xFF,0x80,0x00,0x00,0x00,0x08,0x00,0x00,0x00,0x95,0x7F,0xFF,0xFF,0xC0,0x00,0x04,0x80,0x00,0x00,0x00,0x00,0x00,0x00,0x00,
	0x00,0x00,0x00,0x10,0x00,0x00,0x80,0x00,0x01,0x7F,0xFE,0xA8,0x00,0x00,0x17,0xB4,0x00,0x00,0x00,0x00,0x5F,0xD4,0x00,0x00,0x00,0x3F,0xFF,0xFF,0xFD,0x01,0x08,0x00,
	0x00,0x57,0xFF,0xFF,0x40,0x00,0x01,0x2B,0xFF,0x00,0x00,0x00,0x00,0x05,0x00,0x00,0x00,0x0A,0xFF,0xFF,0xFF,0x40,0x00,0x09,0x00,0x00,0x00,0x00,0x00,0x00,0x00,0x00,
	0x08,0x00,0x00,0x88,0x00,0x00,0x00,0x00,0x81,0x76,0xF5,0x50,0x80,0x00,0x0E,0xF4,0x00,0x00,0x00,0x00,0x3F,0xE8,0x80,0x00,0x00,0x3F,0xFF,0xFF,0xF6,0x88,0x90,0x80,
	0x00,0x25,0xFF,0xFF,0x80,0x00,0x00,0x57,0xFF,0x80,0x00,0x00,0x00,0x02,0xA0,0x00,0x00,0x55,0xFF,0xFF,0xFF,0xC0,0x00,0x04,0x00,0x00,0x00,0x00,0x00,0x00,0x00,0x00,
	0x00,0x00,0x00,0x20,0x00,0x01,0x00,0x00,0x02,0xDD,0xAA,0x80,0x00,0x00,0x2B,0xFA,0x00,0x00,0x00,0x00,0x1F,0xFA,0x00,0x00,0x00,0x1F,0xFF,0xFF,0xED,0x01,0x24,0x00,
	0x00,0x02,0xFF,0xFF,0xA0,0x00,0x02,0x2B,0xFF,0x80,0x00,0x00,0x00,0x01,0x40,0x00,0x00,0x2B,0xDF,0xFD,0xFF,0xA0,0x00,0x22,0x00,0x00,0x00,0x00,0x00,0x00,0x20,0x00,
	0x00,0x00,0x00,0x10,0x00,0x02,0x00,0x02,0x05,0xEA,0xA4,0x20,0x00,0x00,0x3F,0xFA,0x00,0x00,0x00,0x00,0x3F,0xD8,0x00,0x00,0x00,0x3F,0xFF,0xFF,0xD4,0x02,0x42,0x20,
	0x00,0x00,0x5F,0xFF,0xC0,0x00,0x00,0x57,0xFF,0x80,0x00,0x00,0x00,0x00,0x50,0x00,0x00,0x57,0xFF,0xFF,0xFF,0xC0,0x00,0x00,0x00,0x00,0x00,0x00,0x00,0x00,0x00,0x00,
	0x00,0x00,0x00,0x20,0x00,0x01,0x00,0x00,0x02,0xB5,0x48,0x80,0x00,0x00,0xBF,0xF4,0x00,0x00,0x00,0x00,0x1F,0xEA,0x00,0x00,0x00,0x1F,0xFF,0xFD,0xEA,0x04,0x90,0x00,
	0x00,0x00,0x0B,0xFF,0x80,0x00,0x00,0xAF,0xFF,0x40,0x00,0x00,0x00,0x00,0xA8,0x00,0x00,0x96,0xFF,0xFF,0xFF,0x80,0x00,0x88,0x00,0x95,0x00,0x00,0x00,0x00,0x00,0x00,
	0x08,0x00,0x00,0x90,0x00,0x00,0x80,0x00,0x0A,0xEA,0xA9,0x08,0x00,0x00,0x7F,0x68,0x00,0x00,0x00,0x00,0x2F,0xF4,0x80,0x00,0x00,0x3F,0xF6,0xF7,0xF5,0x01,0x08,0x80,
	0x00,0x00,0x04,0x2F,0xC0,0x00,0x00,0x2B,0xFF,0x80,0x10,0x00,0x00,0x00,0x10,0x00,0x00,0x15,0x5F,0xFF,0xFF,0xC0,0x00,0x00,0x00,0x2A,0x40,0x00,0x00,0x00,0x00,0x00,
	0x00,0x00,0x00,0x20,0x00,0x01,0x00,0x00,0x15,0x55,0x6A,0xA0,0x00,0x01,0x7A,0xD4,0x00,0x00,0x00,0x00,0x5F,0xAA,0x00,0x00,0x00,0x1F,0xEB,0xFF,0xEA,0x00,0x20,0x00,
	0x00,0x00,0x00,0x05,0xC0,0x00,0x02,0x5F,0xFF,0x80,0x22,0x20,0x02,0x00,0x20,0x00,0x22,0x4A,0xBF,0xFD,0xFF,0xA0,0x02,0x00,0x02,0x5D,0xA0,0x00,0x00,0x00,0x20,0x00,
	0x00,0x00,0x00,0x40,0x00,0x02,0x00,0x00,0x25,0x56,0xB4,0x42,0x00,0x00,0xAA,0x20,0x00,0x00,0x00,0x00,0x3F,0xD4,0x00,0x00,0x00,0x3F,0xEF,0xFF,0xD5,0x02,0x42,0x00,
	0x00,0x00,0x00,0x01,0xC0,0x00,0x00,0x57,0xFF,0x80,0x48,0x40,0x01,0x40,0x08,0x00,0x01,0x15,0x7F,0xFF,0xFF,0xC0,0x00,0x00,0x01,0x25,0x50,0x00,0x00,0x00,0x00,0x00,
	0x00,0x00,0x00,0x50,0x00,0x00,0x80,0x00,0x12,0xAD,0x55,0x00,0x00,0x00,0x50,0x00,0x00,0x00,0x00,0x00,0x1F,0xE8,0x00,0x00,0x00,0x1F,0xFF,0xFF,0xAA,0x00,0x94,0x00,
	0x00,0x08,0x88,0x80,0x80,0x00,0x09,0x2F,0xFF,0x40,0x10,0x89,0x00,0x80,0x04,0x00,0x08,0x89,0x7F,0xFF,0xFF,0x80,0x08,0x00,0x00,0x88,0xA8,0x04,0x00,0x00,0x00,0x00,
	0x00,0x00,0x00,0xA8,0x00,0x01,0x00,0x00,0x09,0x57,0x6A,0x88,0x00,0x00,0x80,0x08,0x00,0x00,0x00,0x00,0x3F,0xE8,0x80,0x00,0x00,0x3F,0xEF,0xF6,0x96,0x80,0xA8,0x00,
	0x00,0x01,0x25,0x00,0x00,0x00,0x00,0x5F,0xFF,0x80,0x00,0x02,0x40,0x00,0x08,0x00,0x00,0x52,0xBF,0xFF,0xFF,0xC0,0x00,0x00,0x00,0x00,0x00,0x02,0x00,0x00,0x00,0x00,
	0x00,0x00,0x00,0x50,0x00,0x00,0x00,0x00,0x02,0xBF,0xBD,0x20,0x00,0x00,0x00,0x50,0x00,0x00,0x00,0x00,0x1F,0xD4,0x00,0x00,0x00,0x1F,0xF7,0xA9,0x25,0x01,0x52,0x00,
	0x00,0x24,0x54,0x00,0x00,0x00,0x02,0x5F,0xFF,0x40,0x20,0x01,0x20,0x20,0x04,0x00,0x02,0x25,0xFF,0xFD,0xFF,0xA0,0x02,0x00,0x00,0x00,0x20,0x00,0x00,0x00,0x00,0x00,
	0x00,0x00,0x00,0x20,0x00,0x02,0x00,0x00,0x25,0xFF,0xDA,0x42,0x00,0x00,0x02,0x54,0x00,0x00,0x00,0x00,0x3F,0xE2,0x00,0x00,0x00,0x3F,0xEA,0x82,0x2A,0x02,0xA4,0x02,
	0x00,0x0A,0xAB,0x40,0x00,0x00,0x09,0x57,0xFF,0x80,0x00,0x02,0x50,0x00,0x02,0x00,0x00,0x4A,0xFF,0xFB,0xFF,0xC0,0x08,0x00,0x00,0x00,0x00,0x00,0x00,0x00,0x00,0x00,
	0x00,0x00,0x00,0x50,0x00,0x00,0x80,0x00,0x0B,0xDF,0xEA,0x90,0x00,0x00,0x02,0xF8,0x00,0x00,0x00,0x00,0x1F,0xE8,0x00,0x00,0x00,0x5F,0xFF,0x45,0x54,0x00,0x50,0x02,
	0x00,0x97,0x76,0x80,0x00,0x00,0x04,0xAF,0xFF,0x00,0x00,0x09,0x28,0x08,0x08,0x80,0x00,0x95,0xFF,0xFD,0x7F,0x40,0x00,0x00,0x00,0x00,0x00,0x00,0x00,0x80,0x00,0x00,
	0x08,0x00,0x00,0xA8,0x00,0x00,0x00,0x00,0xAF,0x6F,0x69,0x08,0x80,0x00,0x0B,0xF4,0x00,0x00,0x00,0x00,0x2F,0xD0,0x80,0x00,0x00,0x3F,0xF7,0x86,0xA8,0x00,0x88,0x09,
	0x00,0x2B,0xDF,0xA0,0x00,0x00,0x02,0xAF,0xFF,0x80,0x00,0x02,0xA8,0x00,0x06,0x00,0x00,0x2B,0x7F,0xFA,0xBF,0x80,0x08,0x00,0x00,0x08,0x00,0x00,0x00,0x00,0x00,0x00,
	0x00,0x00,0x00,0x50,0x00,0x00,0x80,0x00,0x2A,0xD7,0xD2,0x20,0x00,0x00,0x07,0xFA,0x00,0x00,0x00,0x00,0x1F,0xD4,0x00,0x00,0x00,0x1F,0xFF,0x81,0x54,0x00,0x20,0x12,
	0x02,0x5F,0xFF,0xD0,0x00,0x00,0x01,0x5F,0xFF,0x80,0x00,0x04,0x54,0x20,0x05,0x00,0x00,0x15,0xBF,0xF8,0x4F,0xA0,0x02,0x00,0x02,0x54,0x00,0x02,0x02,0x00,0x20,0x00,
	0x00,0x00,0x00,0x20,0x00,0x02,0x00,0x02,0x55,0xBA,0xA4,0x02,0x00,0x00,0x0B,0xF8,0x00,0x00,0x00,0x00,0x3F,0xAA,0x20,0x00,0x00,0x3F,0xEF,0x82,0x22,0x02,0x02,0x55,
	0x00,0xAF,0xFF,0xE0,0x00,0x00,0x02,0xAF,0xFF,0x80,0x00,0x01,0x2A,0x00,0x02,0x00,0x00,0x25,0x7F,0xF5,0x13,0x40,0x00,0x00,0x00,0xAB,0x00,0x00,0x00,0x00,0x00,0x00,
	0x00,0x00,0x00,0x00,0x00,0x00,0x80,0x00,0x8B,0x55,0x00,0x00,0x00,0x00,0x17,0xF4,0x00,0x00,0x00,0x00,0x1F,0xD5,0x00,0x00,0x00,0x1F,0xDF,0x81,0x28,0x00,0x91,0x6A,
	0x01,0x2F,0x7F,0xE0,0x00,0x00,0x09,0x77,0xFF,0x40,0x00,0x08,0x95,0x08,0x0A,0x80,0x00,0x95,0x6A,0xF8,0xAA,0x80,0x00,0x00,0x05,0x3E,0x80,0x00,0x00,0x80,0x08,0x00,
	0x00,0x00,0x00,0x88,0x00,0x01,0x00,0x00,0x45,0x48,0x00,0x00,0x00,0x00,0x0F,0xF8,0x00,0x00,0x00,0x00,0x2F,0x54,0x80,0x00,0x00,0x3F,0xEF,0x44,0x90,0x80,0x40,0xF5,
	0x00,0x5B,0xFF,0xD0,0x00,0x00,0x02,0x5F,0xFF,0x80,0x00,0x00,0x25,0x04,0x05,0x00,0x00,0x4A,0xDA,0xBD,0x75,0x40,0x00,0x00,0x02,0x5F,0x40,0x02,0x00,0x00,0x00,0x00,
	0x00,0x00,0x00,0x00,0x00,0x00,0x00,0x01,0x20,0x00,0x00,0x00,0x00,0x00,0x07,0xF4,0x00,0x00,0x00,0x00,0x1F,0xAA,0x00,0x00,0x00,0x1F,0xEF,0x81,0x22,0x00,0x21,0xEA,
	0x02,0x5F,0xFF,0xE0,0x00,0x00,0x25,0x5F,0xFF,0x80,0x00,0x20,0x15,0x42,0x02,0x00,0x00,0x24,0xB5,0xDA,0xDC,0x20,0x00,0x00,0x00,0x5D,0x80,0x00,0x02,0x00,0x20,0x00,
	0x00,0x00,0x00,0x20,0x00,0x02,0x00,0x00,0x00,0x02,0x22,0x00,0x00,0x00,0x0F,0xFA,0x00,0x00,0x00,0x00,0x3D,0xA4,0x00,0x02,0x00,0x3F,0xDF,0x82,0x40,0x02,0x02,0xF4,
	0x00,0xAF,0xFF,0xE0,0x00,0x00,0x02,0xAF,0xFF,0x80,0x00,0x00,0x0A,0x84,0x05,0x00,0x00,0x49,0x6F,0xBD,0x7F,0x40,0x00,0x00,0x00,0xBF,0x40,0x00,0x00,0x00,0x00,0x00,
	0x00,0x00,0x00,0xAA,0x00,0x00,0x00,0x00,0x00,0x14,0x94,0x00,0x00,0x00,0x07,0xF4,0x00,0x00,0x00,0x00,0x2D,0x50,0x00,0x00,0x00,0x1F,0xEF,0x82,0xAA,0x00,0xA5,0xEA,
	0x09,0x5F,0xFF,0xE8,0x00,0x00,0x89,0x2F,0xFF,0x80,0x80,0x08,0x0B,0x49,0x02,0x80,0x00,0x90,0xBF,0xFE,0xFE,0x80,0x08,0x00,0x08,0x6F,0x80,0x00,0x00,0x80,0x00,0x00,
	0x00,0x00,0x09,0x55,0x00,0x00,0x80,0x00,0x08,0x89,0x08,0x80,0x00,0x00,0x0F,0xF8,0x80,0x00,0x00,0x00,0x14,0x80,0x00,0x00,0x00,0x3F,0xEF,0x89,0x28,0x00,0x4B,0xA0,
	0x00,0x37,0xFF,0xD0,0x00,0x00,0x00,0x5F,0xFF,0x82,0x00,0x00,0x0A,0x80,0x05,0x00,0x00,0x22,0xAF,0xFF,0xFF,0x40,0x00,0x00,0x01,0x5F,0x40,0x00,0x00,0x00,0x00,0x00,
	0x00,0x00,0x02,0xAA,0x80,0x00,0x00,0x00,0x15,0x52,0x52,0x00,0x00,0x00,0x07,0xFA,0x00,0x00,0x00,0x00,0x15,0x40,0x00,0x00,0x00,0x1F,0xDF,0x82,0x54,0x01,0x25,0xD0,
	0x02,0x5F,0xFF,0xE0,0x00,0x00,0x22,0x2F,0xFF,0x81,0x00,0x00,0x05,0xA2,0x02,0x00,0x02,0x04,0x5F,0xFD,0xDF,0x80,0x00,0x00,0x02,0x5D,0xA0,0x00,0x02,0x00,0x20,0x00,
	0x00,0x00,0x21,0x55,0x40,0x00,0x00,0x00,0x2A,0x25,0x24,0x20,0x00,0x00,0x07,0xFC,0x00,0x00,0x00,0x00,0x0B,0xA2,0x00,0x00,0x00,0x2F,0xEF,0x84,0x22,0x02,0x43,0xC2,
	0x00,0xAF,0xFF,0xD0,0x00,0x00,0x01,0x5F,0xFF,0x82,0x40,0x00,0x01,0x40,0x05,0x00,0x00,0x12,0xAA,0xFE,0xBF,0x80,0x00,0x00,0x00,0xB7,0x40,0x00,0x00,0x00,0x00,0x00,
	0x00,0x00,0x04,0xA8,0x00,0x00,0x00,0x00,0x14,0xAA,0xAA,0x80,0x00,0x00,0x07,0xFA,0x00,0x00,0x00,0x00,0x5F,0xFC,0x40,0x00,0x00,0x1F,0xDF,0x81,0x08,0x00,0x03,0xD0,
	0x05,0x77,0xFF,0xE0,0x00,0x00,0x08,0xAF,0xFF,0x85,0x00,0x00,0x09,0x80,0x82,0x80,0x00,0x8A,0xA9,0x7F,0x6F,0x00,0x08,0x00,0x00,0xAF,0x40,0x00,0x00,0x80,0x88,0x00,
	0x00,0x00,0x88,0x50,0x80,0x00,0x00,0x00,0x0A,0xF7,0x55,0x08,0x00,0x00,0x0F,0xF4,0x80,0x00,0x00,0x00,0xBF,0xF5,0x08,0x00,0x00,0x1F,0xEF,0x48,0x90,0x00,0x8B,0x40,
	0x00,0xAF,0xFF,0xE0,0x00,0x00,0x00,0xBF,0xFF,0x80,0x50,0x00,0x02,0xA0,0x05,0x00,0x00,0x15,0xDA,0xFF,0xD7,0xC0,0x00,0x00,0x01,0x2A,0x80,0x00,0x00,0x00,0x20,0x00,
	0x00,0x00,0x01,0x24,0x00,0x00,0x00,0x00,0x17,0x6D,0xAA,0xA0,0x00,0x00,0x07,0xFA,0x00,0x00,0x00,0x02,0xFF,0xFA,0x50,0x00,0x00,0x1F,0xDF,0x85,0x24,0x00,0x05,0x80,
	0x02,0x5B,0xFF,0xE0,0x00,0x00,0x22,0x5F,0xFF,0x82,0x2A,0x00,0x01,0xC2,0x02,0x00,0x00,0x25,0xE2,0xBF,0xEB,0xA0,0x00,0x00,0x00,0x55,0x40,0x02,0x02,0x00,0x00,0x00,
	0x00,0x02,0x22,0x52,0x00,0x00,0x00,0x00,0x3D,0xDB,0xD4,0x12,0x00,0x00,0x0F,0xF8,0x00,0x00,0x00,0x03,0xFF,0xDD,0x40,0x00,0x00,0x2F,0xDF,0x82,0x52,0x02,0x45,0x40,
	0x01,0x57,0xFF,0xE0,0x00,0x00,0x01,0x7F,0xFF,0x80,0x54,0x00,0x02,0xA0,0x05,0x80,0x00,0x0B,0x69,0x6F,0xB5,0xC0,0x00,0x00,0x00,0x02,0x80,0x00,0x00,0x00,0x10,0x00,
	0x00,0x00,0x00,0x08,0x00,0x00,0x00,0x00,0x2F,0xB5,0x20,0x40,0x00,0x00,0x07,0xEA,0x00,0x00,0x00,0x05,0xFE,0xA8,0x20,0x00,0x00,0x1F,0xEF,0x84,0xA4,0x00,0x82,0x80,
	0x00,0xAF,0xFF,0xE0,0x00,0x00,0x88,0xF7,0xFF,0x00,0x95,0x00,0x01,0x50,0x82,0x80,0x00,0x85,0xE0,0x97,0xFA,0x80,0x08,0x00,0x00,0x95,0x00,0x00,0x09,0x00,0x88,0x00,
	0x00,0x00,0x00,0x80,0x00,0x00,0x00,0x00,0x76,0x88,0x88,0x08,0x00,0x00,0x0F,0xF4,0x00,0x00,0x00,0x0B,0xFE,0x80,0x80,0x00,0x00,0x1F,0xAF,0x41,0x10,0x00,0x09,0x00,
	0x01,0x57,0xFF,0xE0,0x00,0x00,0x01,0x5F,0xFF,0x80,0x2A,0x00,0x02,0xA2,0x05,0x80,0x00,0x4B,0x50,0xAB,0x55,0x60,0x00,0x00,0x01,0x25,0x40,0x00,0x00,0x00,0x50,0x00,
	0x00,0x00,0x00,0x10,0x00,0x00,0x00,0x00,0x15,0x00,0x00,0x00,0x00,0x00,0x07,0xE8,0x00,0x00,0x00,0x02,0xFD,0x40,0x00,0x00,0x00,0x1F,0xDF,0x82,0x48,0x00,0x05,0x40,
	0x02,0x5F,0xFF,0xD0,0x00,0x00,0x24,0x2F,0xFF,0x80,0x1D,0x00,0x01,0x40,0x03,0x40,0x01,0x25,0xA0,0x45,0x5A,0xD0,0x00,0x00,0x02,0x4A,0x80,0x02,0x02,0x00,0x20,0x00,
	0x00,0x00,0x22,0x42,0x20,0x00,0x00,0x00,0x20,0x00,0x00,0x00,0x00,0x00,0x07,0xFA,0x00,0x00,0x00,0x05,0xFA,0x20,0x00,0x00,0x00,0x2F,0xDF,0x81,0x22,0x00,0x23,0xA0,
	0x01,0x57,0xFF,0xE0,0x00,0x00,0x01,0x57,0xFF,0x80,0x07,0x80,0x00,0xA0,0x02,0x80,0x00,0x12,0xD0,0x12,0xB5,0x60,0x00,0x00,0x00,0x95,0x40,0x00,0x01,0x00,0x50,0x00,
	0x00,0x00,0x00,0x08,0x00,0x00,0x00,0x00,0x00,0x02,0x00,0x00,0x00,0x00,0x0B,0xF4,0x00,0x00,0x00,0x0B,0xD5,0x00,0x00,0x00,0x00,0x1F,0xEF,0x42,0xA8,0x00,0x03,0x40,
	0x08,0x97,0xFF,0xE0,0x00,0x00,0x08,0x9F,0xFF,0x00,0x17,0x40,0x01,0x50,0x05,0x00,0x00,0x89,0x40,0x89,0x78,0xA0,0x00,0x00,0x09,0x2A,0x80,0x00,0x00,0x80,0x88,0x00,
	0x00,0x00,0x88,0x90,0x80,0x00,0x00,0x00,0x00,0x95,0x50,0x80,0x00,0x00,0x07,0xF8,0x00,0x00,0x00,0x0A,0xD0,0x00,0x00,0x00,0x00,0x17,0xAF,0x89,0x10,0x00,0x8A,0x80,
	0x00,0x2F,0xFF,0xD0,0x00,0x00,0x01,0x2F,0xFE,0x80,0x0B,0x80,0x02,0xA0,0x02,0x80,0x00,0x02,0xD0,0x15,0x55,0x40,0x00,0x00,0x04,0x55,0x40,0x00,0x00,0x00,0x20,0x00,
	0x00,0x00,0x25,0x2A,0x00,0x00,0x00,0x00,0x00,0x2A,0xAA,0x20,0x00,0x00,0x0B,0xF4,0x00,0x00,0x00,0x15,0x55,0x48,0x00,0x00,0x00,0x0F,0xDF,0x82,0xA4,0x00,0x03,0x40,
	0x22,0x17,0xFF,0xE0,0x00,0x00,0x02,0x5F,0xFF,0x00,0x05,0xA0,0x01,0xD2,0x02,0x00,0x00,0x22,0xA0,0x2A,0xBA,0x20,0x00,0x00,0x02,0x22,0x20,0x00,0x02,0x00,0x10,0x00,
	0x00,0x02,0x55,0x5A,0xA0,0x00,0x00,0x20,0x02,0x5D,0xF4,0x42,0x00,0x00,0x07,0xFA,0x00,0x00,0x00,0x0A,0xBE,0xB4,0x00,0x00,0x00,0x2F,0xEF,0x81,0x42,0x00,0x25,0xA0,
	0x00,0x4B,0xFF,0xD0,0x00,0x00,0x08,0xAF,0xFF,0x80,0x03,0x40,0x02,0xA0,0x02,0x80,0x00,0x01,0x70,0x15,0x54,0x80,0x00,0x00,0x00,0x88,0x80,0x00,0x01,0x00,0x20,0x00,
	0x00,0x2A,0xAA,0xAD,0x54,0x00,0x00,0x00,0x0A,0xB7,0xEA,0x90,0x00,0x00,0x07,0xF4,0x00,0x00,0x00,0x0B,0xFF,0xED,0x00,0x00,0x00,0x17,0xDF,0x84,0x90,0x00,0x03,0x40,
	0x49,0x17,0xFF,0xE0,0x00,0x00,0x00,0x57,0xFF,0x00,0x0B,0x80,0x01,0x50,0x0A,0x80,0x00,0x09,0x68,0x08,0xAA,0x80,0x08,0x00,0x08,0x00,0x00,0x00,0x00,0x80,0x08,0x00,
	0x00,0x55,0x55,0x56,0xD0,0x00,0x00,0x80,0x17,0x7F,0x69,0x08,0x00,0x00,0x0F,0xF8,0x80,0x00,0x00,0x17,0xFF,0xFA,0x00,0x00,0x00,0x1F,0xFF,0x41,0x08,0x00,0x8A,0x80,
	0x00,0x2B,0xFF,0xD0,0x00,0x00,0x24,0xAF,0xFE,0x80,0x05,0x40,0x02,0xE0,0x05,0x00,0x00,0x02,0xA8,0x05,0x6A,0x80,0x00,0x00,0x00,0x00,0x00,0x00,0x01,0x00,0x10,0x00,
	0x00,0x2A,0x8A,0x0A,0xAA,0x00,0x00,0x00,0x2B,0xF5,0xAA,0x20,0x00,0x00,0x17,0xFA,0x00,0x00,0x00,0x1F,0xFF,0xF4,0x80,0x00,0x00,0x2F,0xAF,0x82,0x90,0x00,0x05,0xA0,
	0x02,0x57,0xFF,0xE0,0x00,0x00,0x02,0x5B,0xFF,0x40,0x03,0xA0,0x01,0xA2,0x02,0x00,0x00,0x25,0x54,0x02,0x45,0x40,0x00,0x00,0x00,0x00,0x00,0x00,0x02,0x00,0x20,0x00,
	0x00,0x14,0x20,0x21,0x44,0x00,0x00,0x00,0x1F,0xDB,0xD4,0x00,0x00,0x00,0x0F,0xF8,0x00,0x00,0x00,0x3F,0xFF,0xDA,0x00,0x00,0x00,0x1F,0xDF,0x81,0x40,0x00,0x23,0xA0,
	0x00,0xAD,0xFF,0xE0,0x00,0x00,0x01,0x25,0xFF,0x80,0x0B,0x40,0x01,0x60,0x02,0x80,0x00,0x0A,0xA8,0x00,0x0A,0x80,0x00,0x00,0x00,0x00,0x00,0x00,0x00,0x00,0x00,0x00,
	0x00,0x00,0x00,0x00,0x10,0x00,0x00,0x00,0x2F,0xFA,0xAA,0x00,0x00,0x00,0x07,0xF4,0x00,0x00,0x00,0x3F,0xFD,0x20,0x00,0x00,0x00,0x17,0xAF,0x84,0xA8,0x00,0x05,0x40,
	0x09,0x57,0xFF,0xE0,0x00,0x00,0x08,0x96,0xFF,0x00,0x07,0x80,0x00,0xD0,0x0A,0x00,0x00,0x11,0x10,0x00,0x97,0x00,0x00,0x00,0x00,0x00,0x00,0x00,0x00,0x80,0x90,0x00,
	0x00,0x80,0x00,0x00,0x08,0x00,0x00,0x00,0x17,0x75,0x74,0x00,0x00,0x00,0x0B,0xE8,0x00,0x00,0x08,0x7F,0xE8,0x00,0x00,0x00,0x00,0x1F,0x57,0x41,0x10,0x00,0x0A,0x88,
	0x00,0xAB,0xFF,0xD0,0x00,0x00,0x92,0xAB,0xDE,0x80,0x01,0x40,0x02,0xA0,0x02,0x80,0x00,0x02,0xAA,0x00,0x2D,0x00,0x00,0x00,0x00,0x00,0x00,0x00,0x00,0x00,0x20,0x00,
	0x00,0x00,0x00,0x00,0x00,0x00,0x00,0x00,0x2F,0xDA,0xAA,0x00,0x00,0x00,0x0B,0x50,0x00,0x00,0x00,0x3F,0x80,0x00,0x00,0x00,0x00,0x2F,0xAF,0x82,0x50,0x00,0x03,0xA0,
	0x02,0x57,0xFF,0xE0,0x00,0x02,0x25,0x5D,0xFD,0x00,0x02,0xA0,0x01,0xD0,0x02,0x00,0x00,0x24,0x5D,0x55,0xFE,0x00,0x00,0x00,0x00,0x22,0x00,0x00,0x02,0x00,0x00,0x00,
	0x00,0x22,0x22,0x22,0x20,0x00,0x00,0x00,0x15,0xAB,0xDA,0x00,0x00,0x00,0x2B,0xEA,0x00,0x00,0x00,0x28,0x00,0x00,0x00,0x00,0x00,0x1F,0xDF,0x81,0x20,0x00,0x25,0xC0,
	0x00,0x2B,0xFF,0xD0,0x00,0x00,0x02,0x57,0xFE,0x80,0x05,0x40,0x00,0xA0,0x00,0x80,0x00,0x0A,0xBD,0x55,0xFD,0x00,0x00,0x00,0x00,0x14,0x00,0x00,0x00,0x00,0x10,0x00,
	0x00,0x08,0x00,0x89,0x40,0x00,0x00,0x00,0x0B,0x54,0xA4,0x00,0x00,0x00,0x5F,0xF4,0x00,0x00,0x00,0x10,0x00,0x00,0x00,0x00,0x00,0x2F,0xAF,0x82,0x80,0x00,0x0B,0xA0,
	0x08,0x97,0xFF,0xE0,0x00,0x00,0x88,0x8A,0xFF,0x00,0x01,0x80,0x00,0xD0,0x05,0x00,0x00,0x15,0x76,0xEB,0xFE,0x80,0x00,0x00,0x00,0x89,0x00,0x00,0x00,0x80,0x88,0x00,
	0x00,0x00,0x08,0x04,0x90,0x00,0x00,0x00,0x14,0x81,0x50,0x00,0x00,0x00,0xFF,0xFA,0x90,0x00,0x08,0x00,0x00,0x00,0x00,0x00,0x00,0x17,0x5F,0x05,0x08,0x00,0x87,0xC8,
	0x00,0x2B,0xFF,0xF0,0x00,0x00,0x22,0x25,0xBE,0x80,0x01,0x40,0x00,0xA0,0x00,0x80,0x00,0x0A,0xAF,0xFF,0xFF,0x00,0x00,0x00,0x00,0x2A,0x00,0x00,0x00,0x00,0x20,0x00,
	0x00,0x00,0x04,0x11,0x24,0x00,0x00,0x48,0x02,0x00,0xA4,0x00,0x00,0x00,0xFF,0xF4,0x40,0x00,0x00,0x00,0x00,0x00,0x00,0x00,0x00,0x2F,0xAF,0x82,0x20,0x00,0x0B,0xA0,
	0x02,0x4D,0xFF,0xE0,0x00,0x02,0x41,0x15,0xFD,0xA0,0x02,0xA0,0x01,0x50,0x02,0x20,0x00,0x25,0x5A,0xFD,0xFE,0x00,0x00,0x00,0x02,0x54,0x00,0x00,0x02,0x00,0x00,0x00,
	0x00,0x00,0x22,0x24,0x42,0x00,0x05,0x42,0x14,0x02,0x92,0x00,0x00,0x01,0xFF,0xAA,0x20,0x00,0x20,0x00,0x55,0x00,0x00,0x00,0x00,0x1D,0xDF,0x81,0x10,0x00,0x25,0xC0,
	0x00,0x97,0xFF,0xF0,0x00,0x00,0x94,0xAA,0xFF,0xD0,0x01,0x40,0x00,0xA0,0x00,0x80,0x00,0x0A,0xB7,0xFF,0xFF,0x80,0x00,0x00,0x00,0x08,0x00,0x00,0x00,0x00,0x40,0x00,
	0x00,0x00,0x15,0x4A,0x94,0x00,0x0A,0x90,0x0A,0x04,0xA4,0x00,0x00,0x01,0x7F,0x50,0x00,0x00,0x00,0x00,0xAA,0x40,0x00,0x00,0x00,0x17,0xAF,0x84,0x80,0x00,0x03,0x50,
	0x09,0x2F,0xFF,0xE0,0x00,0x01,0x09,0x5F,0xFF,0xE8,0x00,0x80,0x00,0x80,0x00,0x00,0x00,0x01,0x7F,0x7F,0xFE,0x80,0x00,0x00,0x00,0x90,0x00,0x00,0x00,0x80,0x88,0x00,
	0x00,0x00,0x0A,0xAA,0xD0,0x00,0x0B,0x48,0x15,0x09,0x50,0x00,0x00,0x00,0xAF,0xE8,0x80,0x00,0x00,0x00,0xF7,0x50,0x00,0x00,0x00,0x1A,0x97,0x01,0x08,0x00,0x07,0x80,
	0x00,0x57,0xFF,0xF0,0x00,0x00,0x40,0x2B,0xFF,0xFC,0x01,0x40,0x00,0xA0,0x00,0x00,0x00,0x02,0xAF,0xFF,0xFF,0x00,0x00,0x00,0x00,0x24,0x00,0x00,0x00,0x00,0x20,0x00,
	0x00,0x00,0x15,0x55,0x54,0x00,0x2A,0xA0,0x2E,0x02,0xA8,0x00,0x00,0x01,0x7F,0xFA,0x00,0x00,0x00,0x01,0x5F,0xA0,0x00,0x00,0x00,0x2D,0xAF,0x80,0x20,0x00,0x01,0x40,
	0x02,0x5D,0xFF,0xE0,0x00,0x00,0x02,0x15,0xFF,0xFA,0x02,0x80,0x01,0x40,0x02,0x00,0x02,0x24,0xBD,0xFF,0xFD,0x00,0x02,0x00,0x01,0x54,0x00,0x00,0x00,0x00,0x10,0x00,
	0x00,0x00,0x25,0xAA,0xA0,0x00,0x15,0x40,0x1C,0x01,0x52,0x00,0x00,0x03,0xFF,0xA8,0x20,0x00,0x20,0x00,0xBE,0xA0,0x00,0x00,0x00,0x16,0xAF,0x82,0x00,0x00,0x03,0xA0,
	0x04,0xAF,0xFF,0xF0,0x00,0x00,0x00,0x01,0x7F,0xFC,0x01,0x40,0x00,0x80,0x00,0x00,0x00,0x11,0x57,0xFF,0xFE,0x80,0x04,0xA0,0x00,0xAA,0x00,0x00,0x00,0x00,0x20,0x00,
	0x00,0x00,0x02,0x55,0x10,0x00,0x2A,0x80,0x2A,0x04,0xA8,0x00,0x00,0x0B,0xFF,0x54,0x00,0x00,0x00,0x01,0x7F,0x50,0x00,0x00,0x00,0x0B,0x4F,0x80,0x90,0x00,0x05,0x40,
	0x09,0x5B,0xFF,0xE0,0x00,0x00,0x00,0x00,0xAF,0xF8,0x01,0x00,0x00,0x80,0x00,0x80,0x00,0x88,0xAF,0xFF,0xFF,0x00,0x17,0x69,0x00,0x50,0x80,0x00,0x00,0x80,0x88,0x00,
	0x00,0x00,0x08,0x88,0x80,0x00,0x90,0x00,0x15,0x09,0x50,0x00,0x00,0x07,0xFE,0x88,0x00,0x00,0x00,0x00,0xFE,0xA0,0x00,0x00,0x00,0x0A,0x97,0x05,0x08,0x00,0x02,0x80,
	0x04,0xAF,0xFF,0xD0,0x00,0x00,0x00,0x02,0x15,0xFC,0x00,0x80,0x00,0x40,0x00,0x00,0x00,0x05,0x5F,0xFF,0xFD,0x00,0x0B,0xFF,0x50,0x2A,0x00,0x00,0x00,0x00,0x00,0x00,
	0x00,0x00,0x00,0x00,0x00,0x00,0x2A,0x80,0x2A,0x04,0xA0,0x00,0x00,0x0B,0xFF,0x50,0x00,0x00,0x00,0x00,0xFF,0xD0,0x00,0x00,0x00,0x15,0xAF,0x80,0x00,0x00,0x05,0x40,
	0x22,0x5B,0xFF,0xE0,0x00,0x02,0x22,0x42,0x45,0xBA,0x02,0x00,0x00,0x00,0x00,0x00,0x02,0x22,0xBD,0xFF,0xFE,0x00,0x2D,0xFD,0xE2,0x15,0x00,0x20,0x00,0x00,0x20,0x00,
	0x00,0x00,0x02,0x54,0x20,0x00,0x44,0x20,0x1C,0x02,0x50,0x00,0x00,0x07,0xDD,0x44,0x20,0x00,0x00,0x01,0xFF,0xC2,0x00,0x00,0x00,0x0B,0x5F,0xA2,0x20,0x00,0x03,0xA0,
	0x01,0x57,0xFF,0xE0,0x00,0x00,0x00,0x15,0x55,0x54,0x00,0x00,0x00,0x00,0x00,0x00,0x00,0x01,0x57,0xFF,0xFD,0x00,0x17,0xFF,0xFC,0x0A,0x00,0x00,0x00,0x00,0x00,0x00,
	0x00,0x00,0x09,0x2A,0x00,0x00,0x09,0x00,0x2E,0x00,0xA0,0x00,0x00,0x0B,0xFE,0xD8,0x00,0x00,0x00,0x00,0xFF,0xD0,0x00,0x00,0x00,0x16,0xAF,0x80,0x00,0x00,0x05,0x40,
	0x08,0x8B,0xFF,0xE8,0x00,0x00,0x88,0x89,0x17,0xF4,0x00,0x00,0x00,0x80,0x00,0x00,0x08,0x88,0xAF,0xFF,0xFE,0x80,0x0F,0xF7,0x7A,0x05,0x00,0x09,0x01,0x00,0x00,0x00,
	0x00,0x00,0x80,0x90,0x80,0x00,0x90,0x80,0x15,0x09,0x50,0x00,0x00,0x0F,0xFF,0xAD,0x50,0x00,0x00,0x01,0x7F,0xE8,0x00,0x00,0x00,0x0A,0x97,0x40,0x80,0x80,0x02,0x80,
	0x02,0x57,0xFF,0xE0,0x00,0x00,0x05,0x52,0xAA,0xBA,0x00,0x00,0x00,0x04,0x92,0x00,0x00,0x05,0x5A,0xFF,0xFF,0x00,0x17,0x5A,0xFD,0x02,0x00,0x12,0x80,0x00,0x00,0x00,
	0x00,0x00,0x00,0x00,0x00,0x00,0x04,0x00,0x5A,0x02,0xA0,0x00,0x00,0x0F,0xFF,0xFA,0xA4,0x00,0x00,0x00,0xFF,0xD0,0x00,0x00,0x00,0x15,0x0F,0x82,0x00,0x00,0x05,0xC0,
	0x21,0x2D,0xFF,0xE0,0x02,0x22,0x22,0xAA,0xA5,0x5C,0x00,0x20,0x02,0xAB,0x5D,0xA2,0x02,0x22,0xAD,0xFD,0xFE,0x00,0x2A,0xAA,0xBE,0x00,0x00,0x04,0x42,0x00,0x00,0x00,
	0x00,0x00,0x00,0x00,0x00,0x00,0x22,0x00,0x2C,0x25,0x40,0x00,0x00,0x5F,0xFF,0xFD,0x42,0x00,0x00,0x01,0xFF,0xA0,0x00,0x00,0x00,0x0A,0x25,0xA0,0x00,0x00,0x03,0x40,
	0x04,0x57,0xFF,0xD0,0x00,0x00,0x95,0x77,0xFD,0x55,0x00,0x00,0x25,0x56,0xFF,0xFD,0x40,0x05,0x2B,0x7F,0xFF,0x80,0x15,0x54,0xAA,0x81,0x00,0x00,0x80,0x00,0x00,0x00,
	0x00,0x00,0x00,0x00,0x00,0x00,0x00,0x00,0x5A,0x0A,0xD0,0x00,0x00,0xBF,0xFF,0xFF,0x54,0x00,0x00,0x00,0xFF,0xD0,0x00,0x00,0x00,0x15,0x4B,0x4A,0x00,0x00,0x02,0x80,
	0x08,0xAF,0xFF,0xE0,0x00,0x89,0x2A,0xAF,0xFF,0xAA,0x00,0x88,0x91,0x55,0xFF,0xFF,0xA8,0x08,0x96,0xFF,0xFE,0x80,0x08,0x89,0x17,0x04,0x80,0x09,0x00,0x00,0x00,0x00,
	0x00,0x00,0x00,0x88,0x00,0x00,0x88,0x00,0x2D,0x05,0x60,0x00,0x00,0xFF,0xFF,0xEA,0x88,0x80,0x00,0x01,0x7F,0x48,0x00,0x00,0x00,0x08,0xB7,0xA0,0x80,0x00,0x05,0x40,
	0x00,0x5B,0xFF,0xD0,0x00,0x02,0x55,0x5B,0xFF,0xFD,0x00,0x01,0x24,0xA5,0x7B,0xFF,0xFC,0x02,0x55,0xFF,0xFF,0x00,0x00,0x02,0x45,0x42,0x00,0x02,0x40,0x00,0x00,0x00,
	0x00,0x00,0x00,0x50,0x00,0x00,0x00,0x00,0x1E,0x12,0xD0,0x00,0x01,0x7F,0xFF,0xEA,0xA2,0x00,0x00,0x00,0xFF,0xA0,0x00,0x00,0x00,0x05,0xFF,0xA8,0x00,0x00,0x02,0x80,
	0x02,0x2D,0xFF,0xE0,0x00,0x24,0x22,0x2A,0xFF,0xFD,0x00,0x00,0x42,0x02,0xAA,0xFF,0xFE,0x00,0x2B,0xFF,0xFD,0x00,0x00,0x20,0x25,0xA1,0x00,0x01,0x20,0x00,0x00,0x00,
	0x00,0x00,0x02,0x20,0x00,0x00,0x20,0x00,0x3C,0x04,0xA0,0x00,0x00,0xFF,0xFD,0xA0,0x00,0x00,0x00,0x01,0xFF,0xC0,0x00,0x00,0x00,0x13,0xFD,0x42,0x00,0x00,0x02,0x00,
	0x00,0xAB,0xFF,0xE0,0x00,0x00,0x01,0x4A,0xBF,0xFF,0x00,0x00,0x00,0x01,0x52,0xBF,0xFF,0x81,0x56,0xFF,0xFF,0x00,0x00,0x00,0x02,0xC2,0x00,0x00,0x40,0x00,0x00,0x00,
	0x00,0x00,0x09,0x48,0x00,0x00,0x00,0x00,0x1A,0x01,0x50,0x00,0x01,0x7F,0xEA,0x00,0x00,0x00,0x00,0x00,0xFF,0x50,0x00,0x00,0x00,0x01,0xEA,0x80,0x00,0x00,0x00,0x80,
	0x00,0x57,0xFF,0xE0,0x00,0x00,0x00,0x05,0x5F,0xFF,0x00,0x00,0x00,0x00,0x00,0x7F,0xFF,0x40,0x97,0x77,0xF6,0x80,0x00,0x00,0x09,0x51,0x00,0x09,0x10,0x00,0x00,0x00,
	0x00,0x00,0x04,0x90,0x00,0x00,0x00,0x00,0x5D,0x08,0xA0,0x00,0x00,0xBE,0x90,0x88,0x80,0x00,0x00,0x01,0x7F,0xA0,0x00,0x00,0x00,0x01,0x50,0x08,0x00,0x00,0x09,0x00,
	0x00,0x2B,0xFF,0xE0,0x00,0x00,0x00,0x02,0x2F,0xFF,0x80,0x00,0x00,0x00,0x00,0x2B,0xFF,0xE0,0x2E,0xDB,0xFD,0x00,0x00,0x00,0x02,0xA4,0x00,0x00,0x40,0x00,0x00,0x00,
	0x00,0x00,0x11,0x20,0x00,0x00,0x00,0x00,0x3E,0x01,0x50,0x00,0x00,0x29,0x25,0x25,0x00,0x00,0x00,0x00,0xFF,0xC0,0x00,0x00,0x00,0x00,0x95,0x51,0x00,0x00,0x15,0x40,
	0x02,0x55,0xFF,0xD0,0x00,0x00,0x00,0x00,0x15,0xDF,0x80,0x00,0x00,0x00,0x00,0x15,0xFF,0xD1,0x5B,0xBD,0xFE,0x00,0x00,0x00,0x01,0x52,0x00,0x02,0x20,0x00,0x00,0x00,
	0x00,0x00,0x24,0x40,0x00,0x00,0x00,0x00,0x5C,0x02,0x40,0x00,0x00,0x04,0xBB,0xD5,0x52,0x00,0x00,0x01,0xFF,0xA0,0x00,0x02,0x20,0x02,0x5B,0xD4,0x20,0x00,0x2E,0xA0,
	0x00,0xAB,0xFF,0xE0,0x00,0x00,0x00,0x00,0x0A,0xB7,0x80,0x00,0x00,0x00,0x00,0x09,0x5F,0xF0,0x55,0x6F,0xFF,0x00,0x00,0x00,0x00,0xA0,0x00,0x01,0x40,0x00,0x00,0x00,
	0x00,0x00,0x0A,0x80,0x00,0x00,0x00,0x20,0x3E,0x00,0xA0,0x00,0x00,0x4B,0xFF,0xFA,0xA9,0x20,0x00,0x00,0xFF,0xD0,0x00,0x15,0x48,0x15,0x6F,0xFB,0x40,0x00,0x5F,0x40,
	0x09,0x56,0xFF,0xE0,0x00,0x00,0x00,0x00,0x00,0x57,0x00,0x00,0x00,0x00,0x00,0x00,0xAF,0xF0,0xAE,0xF7,0xFE,0x80,0x80,0x00,0x00,0x50,0x00,0x00,0x88,0x00,0x00,0x00,
	0x00,0x00,0x91,0x00,0x00,0x00,0x01,0x50,0x5E,0x00,0x88,0x00,0x00,0xB7,0xFF,0xF6,0xF5,0x10,0x00,0x00,0xFF,0x68,0x00,0xBE,0xA8,0x8F,0xFF,0xF6,0x88,0x00,0x7E,0x80,
	0x04,0xAD,0xFF,0xE0,0x00,0x00,0x00,0x00,0x00,0x02,0x80,0x00,0x00,0x00,0x00,0x00,0x5F,0xF8,0x5D,0xFD,0xFF,0x00,0x00,0x80,0x00,0xA0,0x00,0x00,0x20,0x00,0x00,0x00,
	0x00,0x00,0x4A,0x00,0x00,0x00,0x02,0xA0,0x3E,0x00,0xA0,0x00,0x01,0x7F,0xFF,0xFA,0xAD,0x48,0x00,0x00,0xFF,0xA0,0x01,0x7B,0x52,0x2F,0xFF,0xFD,0xA0,0x00,0x7A,0x00,
	0x02,0x57,0xFF,0xD0,0x00,0x00,0x02,0x42,0x20,0x02,0x80,0x00,0x00,0x00,0x00,0x00,0x2F,0xF8,0x2B,0xD5,0xFE,0x02,0x55,0x50,0x02,0x40,0x00,0x02,0x00,0x00,0x00,0x02,
	0x00,0x02,0x24,0x00,0x00,0x20,0x05,0x40,0x3C,0x02,0x42,0x00,0x07,0xFF,0xFF,0xDD,0x5A,0x22,0x00,0x01,0xFF,0x40,0x03,0xFD,0x40,0x1F,0xFD,0xAB,0x40,0x01,0xFC,0x00,
	0x01,0x0B,0xFF,0xE0,0x00,0x00,0x01,0x25,0x00,0x15,0x00,0x00,0x00,0x00,0x00,0x00,0x17,0xF4,0x55,0x6B,0xFF,0x00,0x8A,0xAC,0x04,0x90,0x00,0x00,0x40,0x00,0x00,0x24,
	0x00,0x00,0x00,0x00,0x01,0x48,0x0A,0x80,0x5A,0x01,0x50,0x00,0x2F,0xFF,0xFF,0xEA,0xAA,0x90,0x00,0x00,0xFE,0x80,0x07,0xFA,0x88,0x2F,0xEA,0x44,0x80,0x00,0xF4,0x00,
	0x00,0x97,0xFF,0xE0,0x00,0x00,0x08,0x90,0x96,0xFA,0x80,0x00,0x00,0x00,0x00,0x00,0x0B,0xF8,0x16,0xF7,0xFE,0x80,0x11,0x74,0x08,0x40,0x80,0x00,0x88,0x00,0x00,0x90,
	0x80,0x00,0x88,0x00,0x0E,0xF4,0x0E,0x00,0x2D,0x08,0x88,0x00,0x1F,0xFF,0xFF,0xF1,0x11,0x08,0x80,0x01,0x7F,0x00,0x0F,0xF5,0x00,0x16,0x90,0x80,0x00,0x01,0xF0,0x00,
	0x00,0x2B,0xFF,0xE0,0x00,0x00,0x02,0x4A,0x2F,0xFF,0x40,0x00,0x40,0x00,0x00,0x00,0x05,0xFC,0x15,0x6D,0xFF,0x80,0x04,0xAA,0x02,0x50,0x00,0x00,0x00,0x00,0x00,0x40,
	0x00,0x01,0x00,0x00,0x1F,0xEA,0x15,0x00,0x1A,0x01,0x60,0x00,0xBF,0xFF,0xF6,0xAA,0x44,0x40,0x00,0x00,0xFF,0x40,0x17,0xE8,0x00,0x15,0x40,0x00,0x00,0x02,0xE8,0x00,
	0x02,0x45,0xFF,0xD0,0x00,0x00,0x00,0x21,0x7F,0xFF,0xE0,0x01,0x20,0x00,0x00,0x00,0x05,0xFA,0x25,0xDB,0xFF,0x00,0x20,0x15,0x01,0x22,0x00,0x00,0x20,0x00,0x02,0x20,
	0x00,0x02,0x22,0x00,0x7F,0xD4,0x0A,0x00,0x3C,0x02,0xA0,0x00,0x7F,0xFF,0xDA,0x40,0x20,0x00,0x00,0x01,0xFE,0x20,0x2F,0xA2,0x00,0x0A,0x22,0x00,0x00,0x01,0xD0,0x00,
	0x00,0xAB,0xFF,0xE0,0x00,0x00,0x00,0x02,0xFF,0xFF,0xF0,0x00,0x40,0x00,0x00,0x00,0x03,0x7C,0x09,0x7D,0xFF,0x80,0x00,0x0A,0x02,0x50,0x00,0x00,0x00,0x00,0x00,0x80,
	0x00,0x00,0x80,0x00,0xBF,0xA8,0x15,0x00,0x5A,0x01,0x50,0x02,0xFF,0xFF,0x55,0x10,0x00,0x00,0x00,0x00,0xFE,0x80,0x5F,0x40,0x00,0x14,0x00,0x00,0x00,0x01,0xA0,0x00,
	0x09,0x57,0xFF,0xE0,0x00,0x00,0x00,0x0B,0xFF,0xFF,0xF4,0x00,0x88,0x00,0x00,0x00,0x09,0x78,0x05,0xF7,0xFF,0x00,0x88,0x0A,0x88,0x88,0x80,0x00,0x00,0x00,0x00,0x00,
	0x88,0x00,0x08,0x01,0x7E,0x90,0x08,0x00,0x2D,0x00,0xA4,0x01,0xFF,0xFA,0xE8,0x88,0x88,0x80,0x00,0x01,0x7F,0x08,0x3E,0x80,0x00,0x08,0x00,0x00,0x00,0x02,0xC8,0x00,
	0x02,0x55,0xFF,0xD0,0x00,0x00,0x00,0x17,0xFF,0xFF,0xFA,0x00,0x00,0x00,0x00,0x00,0x01,0x7C,0x0A,0xFD,0xFE,0x80,0x50,0x05,0x02,0x52,0x00,0x00,0x00,0x00,0x00,0x00,
	0x00,0x00,0x50,0x02,0xEA,0x40,0x0A,0x00,0x5E,0x00,0x40,0x03,0xFF,0xFD,0xBA,0xA4,0x00,0x00,0x00,0x00,0xFD,0x40,0x7D,0x00,0x00,0x00,0x00,0x00,0x00,0x05,0xA0,0x00,
	0x02,0xAB,0xFF,0xE0,0x00,0x00,0x00,0x2F,0xFF,0xFF,0xFD,0x00,0x20,0x00,0x00,0x00,0x02,0xBA,0x25,0xDF,0xFF,0x02,0x50,0x16,0x01,0x20,0x00,0x00,0x00,0x00,0x02,0x00,
	0x20,0x02,0x20,0x03,0xD4,0x20,0x24,0x00,0x3C,0x00,0x20,0x05,0xFF,0xFF,0xDD,0x50,0x00,0x00,0x00,0x01,0xFE,0x90,0xFA,0x00,0x00,0x00,0x14,0x00,0x00,0x03,0xC0,0x00,
	0x01,0x56,0xFF,0xD0,0x00,0x00,0x00,0xBF,0xFF,0xEB,0xFE,0x80,0x00,0x00,0x00,0x00,0x01,0x7C,0x09,0x7D,0xFE,0x80,0xA8,0x0A,0x80,0x50,0x00,0x00,0x00,0x00,0x00,0x00,
	0x00,0x00,0x80,0x05,0x50,0x00,0x08,0x00,0x5E,0x00,0x00,0x03,0xFF,0xFF,0xEA,0x80,0x00,0x00,0x00,0x00,0xFD,0x41,0x7A,0x00,0x00,0x00,0x08,0x00,0x00,0x01,0xD0,0x00,
	0x08,0xAA,0xFF,0xE0,0x00,0x00,0x00,0x7F,0xFE,0x96,0xFF,0x40,0x00,0x00,0x00,0x00,0x01,0x74,0x00,0xF7,0xFF,0x00,0xB0,0x06,0x84,0x88,0x80,0x00,0x00,0x00,0x00,0x80,
	0x80,0x01,0x08,0x0A,0x80,0x00,0x00,0x80,0x2D,0x00,0x08,0x05,0xFF,0xFF,0x75,0x08,0x00,0x00,0x00,0x01,0x7E,0x80,0xF5,0x00,0x00,0x00,0x14,0x14,0x80,0x02,0xC8,0x00,
	0x01,0x15,0xBF,0xE0,0x00,0x00,0x02,0xFF,0xE9,0x42,0xBF,0xA0,0x00,0x00,0x00,0x00,0x02,0xFC,0x12,0xBD,0xFF,0x00,0x54,0x05,0x00,0x20,0x00,0x00,0x00,0x00,0x00,0x00,
	0x00,0x00,0xA0,0x07,0x40,0x00,0x02,0x00,0x1A,0x00,0x00,0x02,0xFF,0xFE,0xD5,0x50,0x00,0x00,0x00,0x00,0xFF,0xA0,0xFA,0x00,0x00,0x00,0x2A,0x2A,0x00,0x01,0xA0,0x00,
	0x02,0x4B,0xDF,0xC0,0x00,0x00,0x01,0xFF,0xD2,0x00,0x5F,0xD0,0x00,0x00,0x00,0x00,0x01,0xBA,0x01,0x6B,0xFE,0x02,0x28,0x15,0x02,0x00,0x00,0x00,0x00,0x00,0x02,0x00,
	0x00,0x02,0x40,0x05,0x00,0x00,0x04,0x00,0x24,0x00,0x00,0x03,0xFF,0xDD,0xFE,0xB4,0x20,0x00,0x00,0x01,0xFF,0xA1,0xE8,0x00,0x00,0x02,0x5A,0x54,0x20,0x03,0xC0,0x00,
	0x01,0x17,0x7F,0xA0,0x00,0x00,0x03,0xFF,0xA0,0x00,0x17,0xF4,0x00,0x00,0x00,0x00,0x05,0x7C,0x0A,0xB6,0xFF,0x00,0xA8,0x0A,0x80,0x00,0x00,0x02,0x00,0x00,0x00,0x00,
	0x00,0x00,0x90,0x0A,0x80,0x00,0x01,0x00,0x28,0x00,0x00,0x02,0xD7,0xFF,0xFF,0xFA,0x80,0x00,0x00,0x00,0xFF,0x40,0xDA,0x00,0x00,0x01,0x54,0x29,0x00,0x01,0xD0,0x00,
	0x00,0x8A,0xD7,0x50,0x00,0x00,0x0B,0xFF,0x48,0x10,0x0A,0xF8,0x08,0x00,0x00,0x00,0x01,0x78,0x05,0x6B,0xFF,0x01,0x10,0x05,0x00,0x80,0x00,0x95,0x48,0x00,0x00,0x80,
	0x00,0x00,0x48,0x0F,0x00,0x00,0x08,0x80,0x28,0x00,0x00,0x07,0x7F,0xFF,0xFF,0xF5,0x08,0x00,0x00,0x01,0x7E,0x81,0x68,0x00,0x00,0x01,0x54,0x94,0x80,0x02,0xC8,0x00,
	0x00,0x12,0xAE,0xA0,0x00,0x00,0x07,0xFE,0x80,0x68,0x05,0x7D,0x02,0x00,0x00,0x00,0x00,0xBC,0x01,0x5A,0xFE,0x80,0x54,0x15,0x00,0x20,0x00,0x55,0x50,0x00,0x00,0x00,
	0x00,0x01,0x20,0x0A,0x80,0x40,0x02,0x00,0x54,0x00,0x00,0x02,0xFF,0xFF,0xFF,0xFA,0x50,0x00,0x00,0x00,0xFF,0xA0,0xD4,0x00,0x00,0x02,0xAA,0x0A,0x00,0x01,0xA0,0x00,
	0x02,0x25,0x55,0x40,0x00,0x00,0x0F,0xFD,0x00,0x78,0x02,0xFE,0x04,0x00,0x00,0x00,0x02,0x5A,0x02,0x55,0xDD,0x02,0x50,0x0A,0x00,0x40,0x02,0x2A,0xAA,0x00,0x00,0x00,
	0x00,0x00,0x00,0x2D,0x00,0x20,0x00,0x00,0x3A,0x00,0x20,0x05,0xFF,0xFF,0xFF,0xFD,0x24,0x00,0x00,0x01,0xFD,0xC2,0xEA,0x00,0x00,0x01,0xDC,0x20,0x00,0x03,0xD0,0x00,
	0x00,0x4A,0xAA,0xA0,0x00,0x00,0x0F,0xF4,0x01,0x74,0x01,0x7F,0x42,0xA0,0x00,0x00,0x02,0xB5,0x00,0xA9,0x6B,0x01,0x28,0x15,0x00,0x50,0x00,0x05,0x55,0x00,0x00,0x00,
	0x00,0x00,0xA0,0x15,0x00,0x40,0x00,0x00,0x54,0x00,0x00,0x2F,0xFF,0xFF,0xFF,0xEA,0x90,0x00,0x00,0x00,0xFE,0xA1,0xF8,0x00,0x00,0x02,0xAA,0x08,0x00,0x05,0xA0,0x00,
	0x48,0xAF,0xF7,0x50,0x00,0x00,0x1F,0xF0,0x00,0xF8,0x00,0xBF,0xC1,0x50,0x00,0x08,0x09,0x7F,0x00,0xB6,0xF5,0x00,0x90,0x0A,0x80,0xA0,0x00,0x88,0xAD,0x40,0x00,0x00,
	0x00,0x00,0x08,0x0D,0x00,0x90,0x00,0x00,0x28,0x00,0x00,0xBF,0xFF,0xFF,0xEA,0x90,0x08,0x00,0x00,0x00,0xFF,0x41,0xF0,0x00,0x00,0x01,0x54,0x00,0x80,0x02,0xD0,0x00,
	0x91,0x5F,0xFF,0xF4,0x00,0x00,0x5F,0xE8,0x00,0x7C,0x00,0x2F,0xE0,0x28,0x00,0x05,0x05,0xFF,0xC2,0xFF,0xFA,0x00,0x20,0x05,0x00,0x50,0x00,0x00,0x0A,0xA0,0x00,0x00,
	0x00,0x00,0x00,0x0A,0x00,0x20,0x00,0x00,0x54,0x00,0x00,0x7F,0xFF,0xF5,0x00,0x00,0x00,0x00,0x00,0x00,0xFE,0xA1,0xF4,0x00,0x00,0x00,0x08,0x00,0x00,0x05,0xE8,0x00,
	0x44,0xBD,0xFF,0xFA,0x00,0x00,0x3F,0xD0,0x00,0x78,0x00,0x1F,0xE2,0x14,0x02,0x02,0x22,0xFF,0xE1,0xFF,0xFD,0x00,0x00,0x14,0x00,0x40,0x00,0x00,0x25,0xC0,0x00,0x00,
	0x00,0x00,0x20,0x2D,0x00,0x50,0x00,0x00,0x2A,0x00,0x02,0xFF,0xFD,0x40,0x00,0x00,0x00,0x00,0x00,0x01,0xFD,0x83,0xD0,0x00,0x00,0x00,0x22,0x20,0x00,0x03,0xD4,0x00,
	0x29,0x5B,0xFF,0xFF,0x80,0x00,0x3F,0xE0,0x00,0x7C,0x00,0x0B,0xF0,0x08,0x00,0x0A,0x82,0xFF,0xD2,0xFF,0xFF,0x01,0x20,0x09,0x00,0xA0,0x00,0x00,0x01,0x50,0x00,0x00,
	0x00,0x00,0x00,0x15,0x00,0xA8,0x00,0x00,0x14,0x00,0x01,0xFF,0xEA,0x00,0x00,0x00,0x00,0x00,0x00,0x00,0xFF,0x41,0xE8,0x00,0x00,0x00,0x00,0x00,0x00,0x05,0xA8,0x00,
	0x50,0xAE,0xF7,0xFF,0x80,0x00,0x7F,0x80,0x00,0xB8,0x00,0x07,0xF0,0x04,0x00,0x05,0x09,0x7F,0xE9,0x7F,0xFE,0x80,0x88,0x04,0x80,0x50,0x00,0x00,0x00,0xA8,0x00,0x00,
	0x00,0x00,0x80,0x0E,0x80,0x50,0x00,0x00,0x08,0x00,0x01,0xFF,0x40,0x00,0x00,0x00,0x00,0x00,0x00,0x01,0x7E,0x81,0xF0,0x00,0x00,0x00,0x00,0x00,0x00,0x02,0xE0,0x00,
	0x02,0x55,0xED,0xFF,0xC0,0x00,0xBF,0x40,0x00,0x7C,0x00,0x01,0xF8,0x15,0x00,0x00,0x01,0x56,0xD0,0x5B,0xFF,0x00,0x00,0x02,0x00,0xA0,0x00,0x00,0x00,0x28,0x00,0x00,
	0x00,0x00,0x00,0x15,0x00,0xA0,0x00,0x00,0x00,0x00,0x02,0xFA,0x00,0x00,0x01,0x40,0x00,0x00,0x00,0x00,0xFE,0x81,0xF0,0x00,0x00,0x00,0x00,0x00,0x00,0x01,0xD0,0x00,
	0x20,0x2A,0xAB,0xBF,0xA0,0x00,0x7F,0xA0,0x00,0x5A,0x00,0x03,0xF8,0x02,0x00,0x00,0x25,0xFD,0xA0,0x2A,0xBD,0x80,0x20,0x01,0x02,0x40,0x00,0x00,0x00,0x5A,0x00,0x00,
	0x00,0x01,0x20,0x0B,0x00,0x40,0x00,0x02,0x22,0x00,0x01,0x54,0x00,0x2A,0x55,0xA2,0x20,0x00,0x00,0x01,0xFD,0x43,0xE0,0x00,0x00,0x00,0x22,0x00,0x00,0x02,0xA0,0x00,
	0x02,0x55,0x55,0x5F,0xC0,0x00,0xFF,0x40,0x00,0xBC,0x00,0x02,0xF4,0x02,0x80,0x00,0x4A,0xFF,0xD0,0x15,0x57,0x40,0x00,0x02,0x00,0xA0,0x00,0x00,0x00,0x14,0x00,0x00,
	0x00,0x00,0x00,0x06,0x80,0x80,0x00,0x05,0x54,0x00,0x00,0x80,0x25,0x5A,0xA5,0x74,0x80,0x00,0x00,0x00,0xFE,0x81,0xE8,0x00,0x00,0x05,0x54,0x12,0x00,0x01,0xD0,0x00,
	0x00,0x90,0xFF,0xAF,0x40,0x01,0x7F,0x00,0x00,0x7C,0x00,0x01,0x78,0x05,0x00,0x00,0x97,0xFF,0xE8,0x88,0x95,0x00,0x00,0x09,0x00,0x50,0x00,0x00,0x00,0x08,0x00,0x00,
	0x00,0x00,0x80,0x0A,0x00,0x00,0x00,0x97,0xE8,0x88,0x00,0x09,0x55,0x77,0x6A,0xEA,0x94,0x00,0x00,0x01,0x7A,0x81,0xF0,0x00,0x00,0x17,0xF6,0x8D,0x00,0x01,0x48,0x00,
	0x00,0x05,0x2A,0xDF,0xC0,0x00,0xFF,0x80,0x00,0xBA,0x00,0x02,0xFC,0x02,0x40,0x01,0x2D,0xFF,0xF0,0x12,0xAA,0x80,0x00,0x02,0x01,0x20,0x00,0x00,0x00,0x10,0x00,0x00,
	0x00,0x00,0x00,0x15,0x00,0x40,0x01,0x6F,0xB5,0x20,0x00,0x06,0xBB,0xFF,0xD5,0x55,0x22,0x00,0x00,0x00,0xFD,0x45,0xE8,0x00,0x01,0x5F,0xFD,0x6A,0x80,0x01,0x50,0x00,
	0x00,0x00,0x02,0xAB,0xA0,0x03,0xFF,0x40,0x00,0x7C,0x00,0x01,0x7C,0x01,0x00,0x02,0xAA,0xBF,0xF0,0x45,0xDD,0x40,0x00,0x01,0x02,0x40,0x02,0x00,0x00,0x24,0x00,0x00,
	0x00,0x00,0x00,0x0A,0x00,0x20,0x25,0xBD,0xD4,0x02,0x00,0x1B,0x5F,0xFF,0xEA,0xA2,0x40,0x02,0x00,0x01,0xFE,0x83,0xD4,0x00,0x05,0xFF,0xFE,0xAA,0x20,0x02,0xAA,0x00,
	0x00,0x00,0x00,0x15,0x40,0x01,0xFE,0x80,0x00,0x3C,0x00,0x00,0xBE,0x00,0x40,0x02,0x41,0x55,0xE8,0x15,0xFF,0xA0,0x00,0x04,0x80,0x00,0x00,0x00,0x00,0x08,0x00,0x00,
	0x00,0x00,0x00,0x16,0x80,0x00,0x2A,0xD5,0x28,0x00,0x00,0x16,0xAF,0xFF,0xB5,0x40,0x00,0x00,0x00,0x00,0xFE,0x81,0xE8,0x00,0x0B,0xFE,0xD5,0x10,0x00,0x03,0xD4,0x00,
	0x00,0x00,0x00,0x00,0x80,0x01,0xFE,0x00,0x00,0xBC,0x00,0x00,0x7E,0x00,0x80,0x00,0x80,0x00,0xB0,0x8A,0xFF,0x50,0x00,0x00,0x08,0x88,0x08,0x80,0x00,0x04,0x00,0x00,
	0x00,0x00,0x80,0x0A,0x00,0x80,0x55,0x48,0x80,0x00,0x00,0x0F,0x77,0xFF,0x6A,0x80,0x00,0x00,0x80,0x01,0x7F,0x03,0xF0,0x00,0x17,0x69,0x08,0x40,0x00,0x07,0x50,0x00,
	0x00,0x00,0x00,0x00,0x00,0x01,0xFD,0x00,0x00,0x3C,0x00,0x00,0x1F,0x00,0x00,0x00,0x00,0x00,0x48,0x25,0xBF,0xF0,0xA0,0x00,0x55,0x50,0x01,0x20,0x00,0x08,0x00,0x00,
	0x00,0x00,0x00,0x15,0x00,0x00,0x2A,0x00,0x00,0x00,0x00,0x0A,0xFB,0xFF,0xF5,0x40,0x00,0x00,0x00,0x00,0xFD,0x01,0xE8,0x00,0x3E,0x80,0x00,0x00,0x00,0x0A,0xA0,0x00,
	0x00,0x02,0x42,0x00,0x00,0x02,0xFE,0x00,0x00,0x5C,0x00,0x00,0x3E,0x00,0x20,0x00,0x00,0x22,0x10,0x02,0x5B,0xD4,0x50,0x02,0x25,0xAA,0x00,0x40,0x00,0x22,0x00,0x00,
	0x00,0x00,0x00,0x0A,0x00,0x20,0x40,0x22,0x20,0x00,0x00,0x15,0xFD,0xFF,0xF5,0x80,0x00,0x02,0x00,0x01,0xFD,0x03,0xF0,0x00,0x5D,0x00,0x00,0x00,0x00,0x05,0x00,0x00,
	0x00,0x04,0xA8,0x0A,0x00,0x01,0xFD,0x00,0x00,0x3A,0x00,0x00,0x1F,0x00,0x00,0x00,0x00,0x15,0x00,0x04,0xAA,0xA8,0xA8,0x00,0x09,0x55,0x00,0xA0,0x00,0x08,0x00,0x00,
	0x00,0x00,0x00,0x05,0x00,0x00,0x2A,0x88,0x00,0x00,0x00,0x0A,0xFB,0xFF,0xFB,0x40,0x00,0x00,0x00,0x01,0x7A,0x81,0xE8,0x00,0xBA,0x00,0x00,0x00,0x00,0x02,0x90,0x00,
	0x00,0x09,0x54,0xAF,0x40,0x03,0xFE,0x00,0x00,0xBC,0x00,0x00,0x5F,0x80,0x00,0x00,0x00,0xAA,0x80,0x09,0x15,0x50,0x74,0x00,0x00,0x88,0x80,0x50,0x00,0x00,0x00,0x00,
	0x00,0x88,0x80,0x0A,0x80,0x80,0xA9,0x10,0x88,0x00,0x00,0x05,0x77,0xFF,0xF6,0x80,0x00,0x00,0x80,0x00,0xFE,0x41,0xF0,0x00,0x78,0x00,0x00,0x00,0x00,0x9A,0xA8,0x80,
	0x00,0x05,0x69,0x7F,0x80,0x03,0xFD,0x00,0x00,0x5E,0x00,0x00,0x1F,0x80,0x00,0x00,0x00,0x55,0x00,0x00,0x42,0xA4,0x08,0x00,0x00,0x00,0x00,0x20,0x00,0x00,0x00,0x00,
	0x00,0x52,0x00,0x05,0x00,0x00,0x4A,0x45,0x20,0x00,0x00,0x05,0x7B,0xFF,0xEB,0x40,0x00,0x02,0x00,0x01,0x7A,0x81,0xE8,0x00,0x74,0x00,0x00,0x00,0x01,0x7F,0x6A,0x00,
	0x00,0x02,0xFD,0xFF,0xC0,0x03,0xFE,0x00,0x00,0x3C,0x00,0x04,0x3F,0x80,0x00,0x02,0x22,0x2B,0x40,0x00,0x00,0x40,0x20,0x00,0x00,0x00,0x00,0x20,0x00,0x00,0x00,0x00,
	0x02,0x20,0x00,0x04,0x00,0x00,0x24,0x22,0x02,0x20,0x00,0x04,0x55,0xFF,0xD5,0xA0,0x00,0x01,0x00,0x00,0xBD,0x43,0xF0,0x00,0xB8,0x00,0x00,0x00,0x02,0xFD,0xA4,0x00,
	0x00,0x0B,0xFF,0xFF,0xA0,0x03,0xFA,0xA0,0x00,0x2C,0x00,0x0B,0x2F,0x40,0x00,0x00,0x89,0x56,0x80,0x00,0x00,0x10,0x14,0x00,0x02,0x00,0x00,0x10,0x00,0x00,0x00,0x00,
	0x00,0x00,0x00,0x09,0x00,0x00,0x48,0x00,0x00,0x00,0x00,0x0A,0xAB,0xFE,0xAB,0x40,0x00,0x00,0x80,0x01,0x54,0x81,0xE8,0x01,0x68,0x00,0x00,0x00,0x01,0x5B,0x50,0x00,
	0x00,0x0F,0xF7,0xFF,0x40,0x07,0xFF,0x75,0x00,0x10,0x00,0x1E,0x97,0x80,0x00,0x00,0x04,0xAF,0x40,0x00,0x80,0x08,0x08,0x00,0x95,0x40,0x00,0x40,0x00,0x00,0x00,0x00,
	0x08,0x00,0x00,0x04,0x80,0x00,0x90,0x88,0x80,0x00,0x00,0x0A,0x75,0xF5,0x06,0x80,0x00,0x80,0x00,0x00,0xE9,0x01,0x60,0x00,0xF0,0x00,0x00,0x00,0x00,0xED,0x08,0x80,
	0x00,0x16,0xD7,0xFE,0x80,0x03,0xFD,0xFE,0x80,0x44,0x00,0xBD,0x2F,0xC0,0x00,0x00,0x11,0x7F,0x80,0x12,0x40,0x00,0x15,0x00,0xBE,0xD0,0x00,0x20,0x00,0x00,0x00,0x00,
	0x00,0x00,0x00,0x02,0x00,0x00,0x00,0x00,0x00,0x00,0x00,0x16,0x29,0x6A,0x45,0x40,0x00,0x00,0x00,0x00,0x92,0x42,0xE8,0x01,0x68,0x00,0x00,0x00,0x02,0xBE,0xD2,0x00,
	0x00,0x2B,0xAB,0xF8,0x20,0x05,0xFD,0xFF,0xC0,0x3B,0x40,0xFE,0x1F,0xA0,0x00,0x02,0x25,0xDF,0x40,0x25,0x24,0x00,0x02,0x02,0x5D,0xA0,0x00,0x00,0x00,0x00,0x00,0x00,
	0x20,0x00,0x00,0x00,0x00,0x00,0x00,0x00,0x00,0x00,0x00,0x0A,0x55,0xB5,0x22,0x80,0x00,0x02,0x20,0x00,0x44,0x01,0xD2,0x00,0xA0,0x00,0x00,0x00,0x05,0xFF,0xE4,0x20,
	0x00,0x2D,0x57,0xD0,0x00,0x03,0xFA,0xFF,0xF1,0x7F,0xD2,0xFC,0x17,0xC0,0x00,0x00,0x0B,0x7F,0x80,0x48,0xA9,0x00,0x00,0x00,0xAB,0x68,0x00,0x20,0x00,0x00,0x00,0x00,
	0x10,0x00,0x00,0x01,0x00,0x00,0x00,0x00,0x00,0x00,0x00,0x14,0x35,0x5E,0xC9,0x00,0x00,0x00,0x00,0x00,0xAA,0x82,0xE8,0x01,0x50,0x00,0x00,0x00,0x17,0xFF,0xE9,0x00,
	0x00,0x96,0x9F,0x80,0xA8,0x07,0xFD,0x7F,0xEA,0xFF,0xE9,0xF0,0x0F,0xC0,0x00,0x00,0x86,0xFF,0x00,0x11,0x54,0x00,0x00,0x01,0x56,0xA8,0x00,0x50,0x00,0x08,0x08,0x00,
	0x08,0x00,0x00,0x08,0x80,0x00,0x00,0x48,0x80,0x00,0x00,0x08,0xB6,0xFF,0xA8,0x80,0x00,0x80,0x80,0x01,0x75,0x01,0xE8,0x00,0xE8,0x08,0x08,0x00,0xFF,0xFF,0xF0,0x80,
	0x00,0x25,0x2F,0xA1,0x7A,0x03,0xFC,0x57,0xF5,0xFF,0xEA,0xD0,0x17,0xE0,0x00,0x00,0x15,0xFF,0x80,0x02,0xB5,0x00,0x00,0x00,0x55,0x50,0x00,0x20,0x00,0x00,0x10,0x00,
	0x00,0x00,0x00,0x52,0x00,0x00,0x00,0x52,0x00,0x00,0x00,0x14,0x5B,0xFE,0xD6,0x00,0x00,0x00,0x00,0x02,0xEA,0x02,0xD0,0x00,0xD0,0x00,0x00,0x01,0xFF,0xFF,0xA4,0x00,
	0x00,0x02,0x5D,0xC5,0xFC,0x03,0xFA,0x22,0xA2,0xFD,0xB5,0x40,0x0B,0xC0,0x20,0x00,0x05,0xFF,0x80,0x25,0x5A,0x00,0x00,0x02,0xAA,0xA0,0x00,0x12,0x24,0x00,0x22,0x00,
	0x00,0x00,0x00,0x2A,0x20,0x00,0x00,0xA0,0x00,0x00,0x00,0x4A,0x3F,0xEA,0xBD,0x20,0x00,0x00,0x00,0x03,0xB4,0x21,0xE2,0x01,0xE0,0x00,0x10,0x07,0xFF,0xFD,0xD0,0x00,
	0x00,0x10,0xBF,0x55,0xFE,0x05,0xFC,0x01,0x45,0xFA,0xFA,0x00,0x0B,0xE0,0x00,0x00,0x0B,0xFF,0x80,0x0A,0xAA,0x00,0x00,0x01,0x55,0x40,0x00,0x49,0x4A,0xA0,0x08,0x00,
	0x00,0x00,0x00,0x55,0x00,0x00,0x00,0x69,0x00,0x00,0x00,0xBC,0x2F,0xD4,0xAA,0x80,0x00,0x00,0x00,0x05,0xE9,0x00,0xB8,0x00,0xF8,0x00,0x00,0x17,0xFF,0xFE,0xA0,0x00,
	0x00,0x08,0x3F,0x8A,0xFE,0x03,0xF8,0x00,0x09,0x79,0x7D,0x00,0x07,0xD0,0x80,0x00,0x0B,0xFF,0x00,0x05,0x75,0x00,0x00,0x04,0xAA,0x80,0x00,0x10,0x95,0x50,0x00,0x00,
	0x08,0x00,0x00,0xA8,0x00,0x00,0x00,0xA0,0x00,0x00,0x01,0x74,0x1F,0xA9,0x56,0x80,0x00,0x80,0x80,0x07,0x50,0x01,0x70,0x00,0xF0,0x08,0x08,0x1F,0xFF,0xF6,0x90,0x00,
	0x00,0x02,0x1F,0x45,0xFE,0x03,0xF4,0x00,0x02,0xEA,0xFE,0x00,0x05,0xE0,0x00,0x00,0x07,0xFF,0x80,0x12,0xDE,0x00,0x00,0x01,0x55,0xA0,0x00,0x20,0x25,0x50,0x00,0x00,
	0x00,0x00,0x00,0x40,0x00,0x00,0x00,0xA8,0x00,0x00,0x00,0xDA,0x1F,0xD4,0xA5,0x00,0x00,0x00,0x00,0x02,0xA0,0x00,0xF4,0x01,0x68,0x00,0x00,0x2F,0xFF,0xFE,0xA4,0x00,
	0x22,0x20,0x2F,0x02,0xDC,0x03,0xF8,0x00,0x01,0x55,0xFE,0x00,0x03,0xC0,0x20,0x10,0x05,0xFF,0x40,0x25,0xBA,0x00,0x00,0x02,0xBD,0x40,0x00,0x10,0x02,0xA8,0x00,0x00,
	0x00,0x00,0x01,0x52,0x00,0x00,0x00,0x42,0x00,0x00,0x02,0xEC,0x3F,0xE2,0x4A,0x02,0x02,0x02,0x20,0x00,0x00,0x02,0xE8,0x00,0xB4,0x22,0x00,0x5F,0xFF,0xFD,0x42,0x00,
	0x00,0x00,0x1E,0x82,0xBA,0x03,0xF4,0x00,0x04,0x92,0xFE,0x80,0x05,0xE0,0x00,0x08,0x0B,0xFF,0x80,0x0B,0x76,0x00,0x00,0x01,0x2A,0xA0,0x00,0x20,0x00,0x54,0x00,0x00,
	0x00,0x00,0x02,0xA8,0x00,0x00,0x00,0x50,0x00,0x00,0x01,0xDA,0x5F,0xF5,0x14,0x80,0x00,0x00,0x80,0x00,0x00,0x01,0xD0,0x01,0x68,0x08,0x00,0x7F,0xFF,0xFA,0xA8,0x00,
	0x00,0x88,0x5F,0x01,0x68,0x07,0xF8,0x00,0x00,0x09,0xFF,0x00,0x03,0xC0,0x00,0x50,0x0F,0xFF,0x00,0x96,0xED,0x00,0x00,0x00,0x95,0x00,0x00,0x08,0x08,0xA8,0x00,0x00,
	0x00,0x00,0x05,0xD0,0x80,0x00,0x00,0xA8,0x00,0x00,0x01,0xEC,0x3B,0xFA,0x88,0x00,0x00,0x05,0x00,0x00,0x00,0x00,0x88,0x00,0xF0,0x10,0x01,0x7F,0xFF,0xF6,0x00,0x00,
	0x00,0x00,0x3D,0x00,0x94,0x01,0xFC,0x00,0x00,0x12,0xFE,0x80,0x05,0xE0,0x04,0xA4,0x0B,0xFE,0x80,0x55,0xDA,0x00,0x00,0x00,0x4A,0x40,0x00,0x20,0x00,0x14,0x00,0x00,
	0x00,0x00,0x02,0xA0,0x00,0x00,0x00,0x50,0x00,0x00,0x02,0xEA,0x5D,0xFE,0x81,0x00,0x00,0x00,0x00,0x00,0x00,0x01,0x20,0x00,0xA8,0x04,0x02,0xFF,0xFF,0xED,0x20,0x00,
	0x00,0x22,0x5A,0x02,0x20,0x23,0xF8,0x00,0x00,0x25,0xFA,0x40,0x03,0xC2,0x55,0xBA,0x2D,0xFF,0x00,0x2B,0xBA,0x00,0x00,0x00,0x00,0x20,0x00,0x00,0x00,0x2A,0x00,0x00,
	0x00,0x00,0x02,0x82,0x00,0x00,0x00,0x40,0x00,0x00,0x01,0xDA,0x3B,0xFD,0x42,0x00,0x00,0x02,0x00,0x02,0x55,0x02,0x42,0x00,0x50,0x22,0x03,0xFF,0xFF,0xB4,0x00,0x00,
	0x00,0x00,0x24,0x00,0x00,0x01,0xF4,0x00,0x00,0x00,0x6A,0x80,0x05,0xA0,0x2B,0x54,0x0B,0xFF,0x80,0x15,0x54,0x00,0x00,0x00,0x00,0x00,0x00,0x20,0x00,0x14,0x00,0x00,
	0x00,0x00,0x01,0x29,0x40,0x00,0x00,0xA0,0x00,0x00,0x02,0xB4,0x55,0xF6,0x80,0x00,0x00,0x00,0x00,0x02,0xAA,0x85,0xA8,0x01,0x68,0x08,0x03,0xFF,0xFF,0x4A,0x00,0x00,
	0x00,0x08,0x90,0x80,0x08,0x83,0xF8,0x00,0x00,0x08,0xA5,0x40,0x02,0xD0,0xAD,0x54,0x0A,0xFF,0x40,0x88,0x88,0x00,0x00,0x00,0x00,0x00,0x00,0x08,0x00,0x08,0x00,0x00,
	0x00,0x48,0x00,0x95,0x08,0x00,0x00,0x40,0x08,0x00,0x01,0x68,0x2A,0xFA,0x08,0x80,0x00,0x00,0x80,0x07,0x55,0x0F,0x68,0x00,0xA0,0x10,0x0F,0xFF,0xFE,0x90,0x80,0x00,
	0x00,0x00,0x24,0x00,0x00,0x01,0xFC,0x00,0x00,0x00,0x52,0x80,0x01,0xA0,0x52,0xAA,0x05,0xFF,0x80,0x00,0x00,0x00,0x00,0x00,0x10,0x00,0x00,0x00,0x00,0x0A,0x00,0x00,
	0x00,0x20,0x05,0x6A,0xA0,0x00,0x00,0x00,0x11,0x08,0x02,0xD4,0x55,0xD4,0x00,0x00,0x00,0x00,0x00,0x0A,0xA8,0x17,0xD0,0x01,0x68,0x08,0x07,0xFF,0xFE,0xA4,0x00,0x00,
	0x00,0x00,0x00,0x00,0x00,0x03,0xFC,0x00,0x00,0x02,0x21,0x40,0x02,0xC0,0x20,0x14,0x15,0xFF,0xA0,0x22,0x42,0x00,0x00,0x00,0x4A,0x20,0x00,0x20,0x00,0x24,0x00,0x00,
	0x00,0x00,0x05,0xDA,0x40,0x00,0x00,0x22,0x54,0x24,0x23,0xEA,0x2A,0xB2,0x00,0x00,0x00,0x00,0x00,0x05,0x02,0x0A,0xA0,0x00,0xB0,0x24,0x17,0xFF,0xEA,0x42,0x00,0x00,
	0x00,0x00,0x10,0x00,0x00,0x01,0xFA,0x00,0x00,0x08,0x02,0x80,0x05,0xA0,0x00,0x00,0x0A,0xFF,0x40,0x95,0xB4,0x00,0x00,0x00,0x2A,0x80,0x00,0x00,0x00,0x12,0x00,0x00,
	0x00,0x40,0x2A,0xD5,0x00,0x00,0x00,0x05,0xAA,0x92,0x41,0xD4,0x2A,0xA8,0x00,0x00,0x00,0x00,0x00,0x00,0x00,0x15,0x00,0x01,0x68,0x08,0x0F,0xFF,0xFA,0x88,0x00,0x00,
	0x00,0x08,0x08,0x00,0x00,0x01,0xFD,0x00,0x00,0x04,0x8A,0x80,0x0A,0xC0,0x00,0x00,0x05,0xFF,0x80,0x57,0xFA,0x80,0x00,0x00,0x95,0x00,0x00,0x00,0x00,0x08,0x00,0x00,
	0x00,0x80,0x17,0x08,0x00,0x00,0x00,0x16,0xF5,0x08,0x8A,0xE8,0x15,0x40,0x08,0x00,0x00,0x00,0x00,0x08,0x88,0x88,0x00,0x00,0xF0,0x00,0x17,0xFF,0xE9,0x00,0x80,0x00,
	0x00,0x00,0x00,0x00,0x00,0x01,0xFE,0x00,0x00,0x10,0x15,0x00,0x05,0xA0,0x00,0x00,0x02,0xFF,0x80,0x2F,0xFD,0x00,0x00,0x00,0x52,0x00,0x00,0x00,0x00,0x02,0x00,0x00,
	0x00,0x00,0x02,0x40,0x00,0x00,0x00,0x2F,0xEA,0x00,0x21,0xD4,0x0A,0x20,0x20,0x00,0x00,0x00,0x00,0x05,0x55,0x00,0x00,0x00,0x50,0x08,0x2F,0xFF,0xFA,0x92,0x00,0x00,
	0x00,0x00,0x00,0x00,0x00,0x02,0xFC,0x00,0x00,0x02,0x2A,0x20,0x03,0xC0,0x00,0x00,0x03,0xFF,0x40,0x15,0xFE,0x00,0x00,0x00,0x24,0x02,0x00,0x00,0x00,0x24,0x00,0x00,
	0x00,0x20,0x04,0x20,0x00,0x00,0x00,0x5D,0xD4,0x02,0x03,0xEA,0x24,0x02,0x42,0x00,0x00,0x00,0x00,0x3F,0xEA,0x00,0x00,0x00,0x60,0x22,0x1F,0xFF,0xD4,0x24,0x00,0x00,
	0x00,0x00,0x00,0x00,0x00,0x01,0xFE,0x00,0x00,0x00,0x16,0xAA,0x05,0x40,0x00,0x00,0x02,0xFE,0x80,0x0B,0xFE,0x81,0x00,0x00,0x08,0x15,0x00,0x00,0x00,0x00,0x00,0x00,
	0x00,0x00,0x12,0x80,0x00,0x00,0x00,0xBE,0xA8,0x00,0x02,0xD4,0x15,0x48,0x80,0x00,0x00,0x00,0x00,0x7F,0xFA,0x80,0x00,0x00,0xA8,0x08,0x1F,0xFF,0xB5,0x00,0x00,0x00,
	0x00,0x00,0x00,0x00,0x00,0x00,0xFE,0x80,0x08,0x00,0xAD,0x76,0x8A,0x80,0x00,0x00,0x09,0x7F,0x00,0x05,0x7E,0x09,0x50,0x00,0x50,0x8E,0x80,0x00,0x00,0x08,0x00,0x00,
	0x00,0x80,0x09,0x00,0x00,0x00,0x01,0x76,0x80,0x00,0x01,0x6C,0x0A,0x80,0x00,0x00,0x00,0x00,0x00,0xFF,0xE9,0x01,0x40,0x00,0xA0,0x00,0x7F,0xFF,0xD4,0x88,0x00,0x00,
	0x00,0x00,0x00,0x00,0x00,0x01,0x7D,0x00,0x54,0x00,0x48,0x5F,0xA5,0xC0,0x00,0x00,0x02,0xBE,0x80,0x02,0xA9,0x02,0xEA,0x00,0x20,0x2B,0xC0,0x00,0x00,0x00,0x00,0x00,
	0x00,0x00,0x00,0x00,0x00,0x00,0x02,0xDD,0x00,0x00,0x02,0xEA,0x05,0x20,0x00,0x00,0x00,0x00,0x01,0x7F,0xEA,0x02,0xA0,0x00,0x50,0x00,0x3F,0xFF,0xA5,0x00,0x00,0x00,
	0x00,0x00,0x00,0x00,0x00,0x00,0xBE,0x01,0x6A,0x00,0x00,0x2B,0xD5,0xA0,0x02,0x00,0x01,0x5A,0x00,0x00,0x22,0x02,0xBD,0x00,0x22,0x15,0xD2,0x54,0x00,0x02,0x00,0x00,
	0x00,0x00,0x00,0x00,0x00,0x00,0x05,0xB4,0x00,0x00,0x01,0xDC,0x02,0x42,0x00,0x00,0x00,0x00,0x00,0xFF,0xD4,0x01,0xD0,0x00,0xA0,0x02,0x5F,0xFF,0xAA,0x42,0x00,0x00,
	0x00,0x00,0x00,0x00,0x00,0x00,0x7D,0x02,0xF0,0x00,0x00,0x15,0xEB,0xC0,0x00,0x00,0x02,0xAE,0x80,0x00,0x00,0x01,0x55,0x40,0x48,0x42,0xE9,0x55,0x00,0x00,0x00,0x00,
	0x00,0x00,0x00,0x00,0x00,0x00,0x07,0xA8,0x00,0x00,0x02,0xD4,0x00,0x88,0x00,0x00,0x00,0x00,0x01,0xFF,0xED,0x01,0xE0,0x01,0x50,0x00,0x3F,0xFF,0xCA,0x80,0x00,0x00,
	0x00,0x00,0x00,0x00,0x00,0x00,0xBE,0x85,0xE8,0x00,0x80,0x01,0x6B,0x40,0x00,0x80,0x17,0x7F,0x40,0x00,0x08,0x00,0x8A,0x80,0x90,0x81,0x64,0xAA,0x80,0x08,0x00,0x00,
	0x00,0x00,0x00,0x00,0x00,0x00,0x17,0x50,0x00,0x00,0x09,0x6C,0x00,0x04,0x00,0x00,0x00,0x00,0x01,0xFF,0x74,0x82,0xE8,0x00,0xA8,0x08,0xBF,0xF7,0x55,0x08,0x00,0x00,
	0x00,0x00,0x00,0x00,0x00,0x00,0x7F,0x0B,0xD0,0x0A,0x80,0x00,0x97,0xC0,0x00,0x00,0x57,0xFF,0xD0,0x00,0x14,0x00,0x25,0x40,0x20,0x00,0xE9,0x55,0x40,0x04,0x00,0x00,
	0x00,0x00,0x00,0x00,0x00,0x00,0x2E,0x84,0x00,0x00,0x02,0xAA,0x00,0x10,0x00,0x00,0x00,0x00,0x01,0xFF,0xEA,0x01,0xF0,0x01,0x50,0x00,0x7F,0xFE,0xAA,0x40,0x00,0x00,
	0x00,0x00,0x00,0x00,0x00,0x00,0x5F,0x47,0xA0,0x05,0xA0,0x00,0x2B,0xA0,0x20,0x00,0x2B,0xFF,0xE0,0x00,0x2A,0x00,0x02,0xA0,0x12,0x21,0x52,0x52,0x20,0x02,0x02,0x20,
	0x00,0x00,0x00,0x00,0x20,0x00,0x1A,0x22,0x00,0x00,0x01,0x54,0x00,0x02,0x00,0x00,0x00,0x00,0x03,0xFE,0xB4,0x02,0xD0,0x00,0xA0,0x20,0x5F,0xFD,0xA4,0x20,0x00,0x00,
	0x00,0x00,0x00,0x00,0x00,0x00,0x3F,0x8F,0x40,0x03,0xC0,0x00,0x17,0xC0,0x80,0x00,0x0A,0xAF,0xF0,0x00,0x1D,0x00,0x01,0x50,0x08,0x00,0xA8,0x28,0x40,0x04,0x00,0x00,
	0x00,0x00,0x00,0x00,0x40,0x00,0x15,0x00,0x00,0x00,0x02,0xAA,0x00,0x00,0x00,0x00,0x00,0x00,0x05,0xFD,0xA8,0x01,0xE8,0x00,0x50,0x00,0xBF,0xFF,0x49,0x00,0x00,0x00,
	0x00,0x00,0x08,0x88,0x00,0x00,0x7F,0xD6,0x80,0x0B,0x80,0x00,0x0F,0x80,0x00,0x08,0x05,0x77,0xE8,0x00,0xAE,0x00,0x00,0xA8,0x00,0x80,0x50,0x80,0x80,0x08,0x00,0x80,
	0x00,0x00,0x00,0x09,0x68,0x00,0x28,0x88,0x00,0x00,0x01,0x55,0x00,0x00,0x00,0x00,0x00,0x00,0x03,0xFE,0x90,0x81,0x68,0x00,0x80,0x08,0x7F,0xF6,0x90,0x00,0x00,0x00,
	0x00,0x00,0x00,0x20,0x00,0x00,0x3F,0xA5,0x00,0x01,0xC0,0x00,0x17,0x80,0x80,0x00,0x2B,0xDF,0xF8,0x00,0x5D,0x00,0x00,0x50,0x08,0x00,0x20,0x00,0x00,0x02,0x00,0x00,
	0x00,0x00,0x00,0x51,0x50,0x00,0x55,0x00,0x00,0x00,0x00,0xAA,0x00,0x00,0x00,0x00,0x00,0x00,0x01,0xFD,0x24,0x02,0xD0,0x00,0xA0,0x00,0x3F,0xFA,0xA0,0x00,0x00,0x00,
	0x00,0x00,0x02,0x00,0x00,0x00,0x3F,0xC0,0x00,0x03,0xC0,0x00,0x2B,0x40,0x20,0x00,0x17,0xFF,0xFA,0x02,0x2E,0x00,0x00,0x50,0x22,0x20,0x20,0x00,0x20,0x00,0x00,0x00,
	0x00,0x00,0x22,0x22,0xB0,0x00,0x3A,0x20,0x01,0x50,0x02,0xAA,0x00,0x00,0x00,0x20,0x00,0x00,0x23,0xDA,0x52,0x01,0xE0,0x00,0x40,0x00,0x5F,0xFB,0x42,0x00,0x00,0x00,
	0x00,0x00,0x00,0x00,0x00,0x00,0x1F,0xE0,0x00,0x01,0xC0,0x00,0x16,0x80,0x00,0x00,0x4A,0xFF,0xF8,0x00,0x55,0x00,0x00,0x28,0x00,0x00,0x40,0x00,0x00,0x04,0x00,0x00,
	0x00,0x01,0x54,0x80,0xA8,0x00,0x55,0x00,0x02,0xA1,0x01,0x4A,0x00,0x00,0x00,0x00,0x00,0x00,0x01,0x55,0x28,0x02,0xE8,0x00,0xA0,0x00,0x3F,0xEA,0x88,0x00,0x00,0x00,
	0x00,0x00,0x00,0x00,0x00,0x00,0x17,0xD0,0x00,0x01,0x80,0x00,0x1F,0x00,0x80,0x00,0x05,0x12,0xE8,0x00,0xAE,0x80,0x00,0xA8,0x08,0x00,0x08,0x00,0x00,0x00,0x00,0x00,
	0x00,0x0A,0xEE,0x88,0x50,0x80,0x68,0x80,0x0F,0xD0,0x80,0x85,0x00,0x00,0x00,0x00,0x08,0x80,0x01,0x50,0x80,0x81,0xE0,0x00,0x40,0x00,0xAF,0xF5,0x04,0x00,0x00,0x00,
	0x00,0x00,0x00,0x00,0x00,0x00,0x0F,0xE0,0x00,0x01,0xC0,0x00,0x5E,0x00,0x00,0x00,0x00,0x01,0x20,0x00,0x5D,0x00,0x00,0x28,0x00,0x00,0x20,0x00,0x00,0x00,0x00,0x00,
	0x00,0x2F,0xFA,0xA0,0x20,0x20,0xAA,0x00,0x97,0xA5,0x02,0xAA,0x00,0x00,0x00,0x00,0x00,0x00,0x00,0xA5,0x20,0x02,0xD0,0x00,0xA0,0x00,0x5F,0xFA,0x10,0x00,0x00,0x00,
	0x00,0x00,0x00,0x00,0x00,0x00,0x05,0xE0,0x00,0x03,0xC0,0x00,0x3C,0x00,0x00,0x00,0x00,0x00,0x00,0x00,0x3E,0x02,0x20,0x34,0x00,0x00,0x00,0x00,0x00,0x02,0x00,0x00,
	0x00,0x3F,0xDD,0x40,0x10,0x00,0x54,0x05,0x4F,0xC2,0x41,0x44,0x00,0x00,0x22,0x00,0x02,0x00,0x02,0xAA,0xA0,0x01,0xD0,0x00,0x40,0x00,0x2A,0xA8,0x20,0x00,0x00,0x00,
	0x00,0x00,0x00,0x00,0x00,0x00,0x03,0xF8,0x00,0x05,0xC0,0x00,0x5A,0x00,0x00,0x00,0x00,0x00,0x00,0x00,0x2D,0x00,0x00,0x28,0x00,0x00,0x00,0x00,0x00,0x00,0x00,0x00,
	0x00,0x5F,0xEA,0x80,0x00,0x20,0xA8,0x15,0x57,0x42,0x80,0xAA,0x00,0x00,0x54,0x00,0x00,0x00,0x01,0x7F,0xE8,0x01,0x60,0x00,0xA0,0x00,0x15,0x52,0x00,0x00,0x00,0x00,
	0x00,0x00,0x00,0x00,0x00,0x00,0x05,0xF0,0x00,0x02,0x80,0x00,0x35,0x00,0x00,0x00,0x95,0x54,0x80,0x00,0x96,0x80,0x80,0x50,0x00,0x00,0x00,0x00,0x00,0x08,0x00,0x00,
	0x01,0x76,0xA4,0x00,0x08,0x80,0xA8,0x1F,0x56,0x89,0x01,0x55,0x00,0x05,0x68,0x80,0x08,0x80,0x0A,0xFF,0xA8,0x81,0xE8,0x00,0x50,0x00,0x08,0x88,0x80,0x00,0x00,0x00,
	0x00,0x00,0x14,0x80,0x00,0x00,0x02,0xFC,0x00,0x01,0xC0,0x00,0xBA,0x00,0x00,0x00,0x2A,0xAD,0x00,0x00,0x2D,0x00,0x00,0x28,0x00,0x00,0x00,0x00,0x00,0x00,0x00,0x00,
	0x02,0xBD,0x50,0x00,0x10,0x01,0x50,0x2E,0xAD,0x42,0x00,0xAA,0x00,0x0B,0xF5,0x00,0x00,0x00,0x03,0xFF,0xD4,0x02,0xF0,0x00,0xA0,0x00,0x0A,0xAA,0x40,0x00,0x00,0x00,
	0x02,0x22,0x5B,0x50,0x00,0x00,0x01,0xFA,0x00,0x02,0xA0,0x02,0xF8,0x00,0x00,0x02,0x55,0xDE,0xA0,0x00,0x1A,0x00,0x00,0x10,0x00,0x00,0x00,0x00,0x00,0x02,0x00,0x00,
	0x01,0xD4,0x22,0x00,0x20,0x00,0xA0,0x5D,0xAE,0x80,0x22,0xA4,0x00,0x1F,0xDA,0x00,0x02,0x00,0x2D,0xFF,0xD2,0x03,0xD4,0x00,0x40,0x00,0x2B,0xDD,0x55,0x00,0x00,0x00,
	0x00,0x00,0xAD,0xE8,0x00,0x00,0x00,0x7E,0x00,0x01,0x40,0x01,0x74,0x00,0x00,0x01,0x2B,0x7F,0x40,0x00,0x15,0x00,0x00,0x48,0x00,0x00,0x00,0x00,0x00,0x04,0x00,0x00,
	0x02,0xAA,0x00,0x00,0x00,0x00,0xA0,0x3F,0x4F,0x80,0x01,0x4A,0x00,0x2F,0xFA,0x80,0x00,0x00,0x5F,0xFF,0x54,0x01,0xE8,0x01,0x40,0x00,0x5F,0xFA,0xAA,0x40,0x00,0x00,
	0x00,0x89,0x56,0xF0,0x00,0x00,0x00,0xBE,0x80,0x01,0x80,0x09,0xF0,0x00,0x00,0x08,0x96,0xFF,0x40,0x00,0x0E,0x00,0x00,0x10,0x00,0x00,0x00,0x00,0x00,0x00,0x00,0x00,
	0x0B,0x50,0x00,0x00,0x08,0x00,0x88,0xBF,0x56,0x80,0x88,0x94,0x00,0x3F,0xF5,0x00,0x00,0x00,0x3F,0xFF,0x95,0x01,0xF0,0x00,0x80,0x01,0xBF,0xF7,0x75,0x00,0x00,0x00,
	0x00,0x00,0xA9,0x54,0x00,0x00,0x00,0x3F,0x00,0x02,0xC0,0x23,0xF0,0x00,0x00,0x01,0x25,0xFE,0xA0,0x00,0x15,0x00,0x00,0x24,0x00,0x00,0x00,0x00,0x00,0x00,0x00,0x00,
	0x02,0xA0,0x00,0x00,0x00,0x01,0x20,0x7F,0xAF,0x80,0x01,0x22,0x00,0x3F,0xFA,0x00,0x00,0x00,0x3F,0xF5,0x4A,0x01,0xA8,0x00,0xA0,0x02,0xFF,0xFD,0xEA,0x80,0x00,0x02,
	0x00,0x24,0x55,0xFA,0x00,0x00,0x00,0x5F,0x40,0x01,0xA0,0x05,0xD0,0x00,0x00,0x22,0x02,0xBD,0xA0,0x00,0x2A,0x00,0x02,0x5A,0x22,0x00,0x00,0x00,0x00,0x02,0x00,0x00,
	0x05,0x40,0x00,0x00,0x20,0x00,0x40,0x7E,0xBD,0x42,0x00,0x44,0x00,0x7F,0xFC,0x00,0x00,0x00,0x5F,0xA2,0x24,0x03,0xD0,0x00,0x40,0x05,0xFF,0xFE,0xA4,0x22,0x00,0x24,
	0x00,0x12,0xAA,0xFC,0x00,0x00,0x00,0x5F,0xC0,0x02,0xC0,0x2B,0xE0,0x00,0x00,0x00,0x00,0x55,0x50,0x00,0x55,0x00,0x00,0x55,0xAC,0x00,0x00,0x00,0x02,0x55,0x50,0x00,
	0x0A,0x80,0x00,0x00,0x00,0x00,0x80,0x7D,0x4A,0x80,0x00,0x90,0x00,0x7F,0xA8,0x00,0x00,0x00,0x34,0x00,0x88,0x01,0xE8,0x00,0x80,0x03,0xFF,0xFD,0x51,0x00,0x00,0x09,
	0x00,0x89,0x77,0xFA,0x80,0x00,0x00,0x17,0xE8,0x01,0x40,0x97,0xD0,0x00,0x00,0x00,0x00,0x08,0x88,0x00,0x16,0x00,0x89,0x0A,0xFF,0x40,0x00,0x00,0x09,0x2A,0xA9,0x40,
	0x16,0x00,0x00,0x00,0x00,0x00,0x40,0xBE,0x95,0x00,0x00,0x88,0x00,0xB6,0x90,0x00,0x00,0x00,0x50,0x09,0x50,0x82,0xF0,0x00,0x00,0x0B,0x7F,0x50,0x00,0x00,0x00,0x04,
	0x00,0x02,0xDB,0xFD,0x00,0x00,0x00,0x0B,0xF8,0x00,0xA0,0x3F,0xA0,0x00,0x00,0x00,0x00,0x00,0x00,0x00,0x55,0x00,0x52,0x01,0x5F,0xA0,0x00,0x00,0x02,0x54,0xAA,0xA0,
	0x0A,0x80,0x00,0x00,0x00,0x00,0xA0,0x55,0x02,0x00,0x01,0x24,0x00,0x74,0x40,0x00,0x00,0x00,0x28,0x12,0xA4,0x01,0xE8,0x00,0x40,0x05,0xF4,0x00,0x00,0x00,0x00,0x00,
	0x00,0x21,0x6B,0xDB,0x40,0x00,0x00,0x05,0xFC,0x01,0x42,0x5F,0x80,0x00,0x00,0x00,0x00,0x00,0x00,0x00,0x2A,0x02,0xBD,0x42,0x5F,0xD0,0x00,0x20,0x00,0x22,0x54,0x00,
	0x2D,0x00,0x00,0x00,0x00,0x01,0x40,0x2A,0x20,0x00,0x00,0x42,0x00,0x52,0x00,0x00,0x00,0x00,0x50,0x25,0x42,0x02,0xA2,0x00,0x20,0x03,0xA0,0x00,0x00,0x00,0x00,0x00,
	0x00,0x05,0x55,0x56,0x80,0x00,0x00,0x03,0xFE,0x00,0x80,0xBF,0x80,0x00,0x00,0x00,0x00,0x00,0x00,0x00,0x15,0x01,0x6F,0xD0,0x1F,0xF0,0x00,0x00,0x00,0x00,0x01,0x00,
	0x16,0x80,0x00,0x00,0x00,0x00,0xA0,0x01,0x00,0x00,0x00,0x90,0x00,0xA8,0x00,0x00,0x00,0x00,0x28,0x2A,0x88,0x01,0x68,0x00,0x40,0x02,0x80,0x00,0x00,0x00,0x00,0x00,
	0x00,0x00,0x80,0x8B,0x40,0x00,0x00,0x09,0xFF,0x00,0x09,0x7E,0x80,0x00,0x00,0x00,0x80,0x08,0x00,0x00,0x08,0x00,0xAA,0xA8,0x97,0xE8,0x00,0x80,0x00,0x00,0x88,0x00,
	0x0A,0x00,0x00,0x00,0x00,0x00,0x88,0x08,0x80,0x00,0x00,0x08,0x00,0x50,0x00,0x00,0x00,0x00,0x70,0xA9,0x10,0x81,0xE8,0x00,0x80,0x05,0x00,0x89,0x00,0x00,0x00,0x00,
	0x00,0x00,0x00,0x02,0x80,0x00,0x00,0x01,0x7F,0xD0,0x57,0xFD,0x00,0x00,0x00,0x00,0x00,0xAA,0xA0,0x00,0x12,0x00,0x15,0x54,0x2B,0xF8,0x00,0x00,0x00,0x00,0x00,0x00,
	0x2A,0x80,0x00,0x00,0x00,0x00,0x40,0x00,0x00,0x00,0x00,0x40,0x00,0x00,0x00,0x00,0x00,0x00,0x34,0x5E,0x55,0x02,0xD0,0x00,0x20,0x00,0x01,0x2A,0x00,0x00,0x00,0x00,
	0x00,0x00,0x00,0x01,0x00,0x00,0x00,0x02,0x5F,0xEB,0x7F,0xFA,0x00,0x00,0x00,0x02,0x22,0x5F,0xD4,0x00,0x24,0x00,0x00,0x5A,0x15,0xD4,0x00,0x00,0x00,0x00,0x00,0x00,
	0x1D,0x20,0x22,0x00,0x00,0x00,0x20,0x00,0x00,0x00,0x00,0x22,0x00,0x20,0x00,0x00,0x00,0x00,0x58,0x2B,0x2A,0x01,0xD0,0x00,0x00,0x00,0x02,0x55,0x42,0x00,0x00,0x00,
	0x00,0x00,0x00,0x00,0x00,0x00,0x00,0x00,0xAF,0xFF,0xFF,0xD4,0x00,0x00,0x00,0x00,0x84,0xBF,0xF8,0x00,0x4A,0x00,0x00,0x2A,0x0A,0xB8,0x00,0x00,0x00,0x00,0x00,0x00,
	0x2A,0x80,0x14,0x00,0x00,0x00,0x80,0x00,0x00,0x00,0x00,0x04,0x00,0x00,0x00,0x00,0x00,0x00,0x34,0x15,0x54,0x02,0xA8,0x00,0x00,0x00,0x00,0xAA,0x88,0x00,0x00,0x00,
	0x00,0x00,0x80,0x00,0x00,0x00,0x00,0x00,0x17,0xFF,0xFF,0x68,0x00,0x89,0x00,0x8A,0x09,0x7F,0xF4,0x00,0x90,0x00,0x00,0x05,0x01,0x68,0x08,0x08,0x80,0x00,0x00,0x00,
	0x16,0x40,0x88,0x00,0x00,0x00,0x40,0x00,0x00,0x00,0x00,0x88,0x00,0x00,0x00,0x00,0x00,0x00,0x78,0x8A,0x94,0x81,0x60,0x00,0x00,0x00,0x0A,0xFD,0x00,0x80,0x00,0x00,
	0x00,0x00,0x00,0x40,0x00,0x00,0x00,0x00,0x0A,0xFF,0xFE,0x80,0x00,0x12,0x42,0x56,0x80,0xBF,0xE8,0x00,0x14,0x00,0x00,0x02,0x80,0xB4,0x52,0x02,0x28,0x00,0x00,0x00,
	0x2A,0x80,0x20,0x00,0x00,0x00,0x20,0x00,0x00,0x00,0x00,0x12,0x04,0x00,0x00,0x00,0x00,0x00,0x38,0x15,0x4A,0x02,0xD0,0x00,0x40,0x00,0x05,0xFE,0xA0,0x00,0x00,0x00,
	0x00,0x22,0x42,0xA0,0x00,0x00,0x02,0x00,0x21,0xFF,0xFD,0x40,0x02,0x44,0x00,0x2D,0x42,0x5D,0x50,0x00,0x22,0x00,0x00,0x01,0x42,0x5A,0x2A,0x00,0x54,0x02,0x00,0x00,
	0x1D,0x01,0x40,0x00,0x00,0x00,0x40,0x02,0x42,0x00,0x00,0x24,0x02,0x00,0x00,0x25,0x40,0x00,0x5A,0x4A,0x24,0x01,0xE0,0x00,0x20,0x00,0x2F,0xFD,0x42,0x00,0x00,0x00,
	0x00,0x09,0x55,0x60,0x00,0x00,0x00,0xA0,0x00,0xAF,0xAA,0x00,0x08,0x28,0x00,0x0B,0x80,0xBA,0x88,0x00,0x08,0x00,0x00,0x00,0x80,0xB4,0xB6,0x81,0x2A,0x00,0x00,0x00,
	0x2A,0x80,0x90,0x00,0x00,0x00,0x00,0x00,0xA8,0x00,0x00,0x08,0x04,0x80,0x01,0x5B,0xB5,0x20,0x28,0x2A,0x88,0x02,0xD0,0x00,0x00,0x00,0x1F,0xFE,0x80,0x00,0x00,0x00,
	0x00,0x05,0x6A,0xE0,0x00,0x00,0x05,0x10,0x00,0x55,0x50,0x80,0x10,0x80,0x80,0x05,0x40,0xA4,0x75,0x00,0x05,0x08,0x08,0x80,0x00,0x68,0x57,0x40,0x95,0x08,0x00,0x00,
	0x15,0x00,0x88,0x00,0x00,0x00,0x00,0x00,0x80,0x00,0x00,0x00,0x09,0x00,0x0A,0xFF,0xEA,0x88,0x70,0x95,0x10,0x81,0xE8,0x00,0x80,0x00,0x7F,0xFB,0x50,0x00,0x00,0x00,
	0x00,0x02,0xBF,0xD0,0x00,0x00,0x02,0xAA,0x01,0x22,0x00,0x00,0x48,0x00,0x00,0x02,0xA0,0x50,0x3E,0x80,0x15,0x50,0x00,0x00,0x00,0x9A,0x2A,0x80,0x2A,0x00,0x00,0x00,
	0x0A,0x01,0x20,0x00,0x00,0x00,0x00,0x00,0x20,0x00,0x00,0x00,0x02,0x80,0x17,0xFF,0xF5,0x50,0x28,0x29,0x44,0x01,0xD0,0x00,0x00,0x00,0x3F,0xFE,0xA0,0x00,0x00,0x00,
	0x00,0x25,0xDD,0xE0,0x00,0x00,0x01,0x5D,0x00,0x00,0x00,0x00,0x24,0x22,0x02,0x01,0xC1,0x20,0x7D,0x40,0x2B,0xBA,0x00,0x00,0x02,0x2A,0x02,0xA0,0x14,0x00,0x00,0x00,
	0x24,0x00,0x42,0x00,0x00,0x00,0x20,0x02,0x40,0x00,0x02,0x20,0x24,0x20,0x3F,0xFF,0xEA,0xA0,0x34,0x15,0x22,0x03,0xE0,0x00,0x20,0x00,0x5F,0xFB,0xA2,0x00,0x00,0x00,
	0x00,0x13,0x7F,0xE0,0x00,0x00,0x00,0xAD,0x40,0x00,0x00,0x00,0x08,0x00,0x00,0x01,0x40,0xA0,0x7A,0x80,0x16,0xD5,0x00,0x00,0x00,0x54,0x09,0x40,0x48,0x00,0x00,0x00,
	0x0A,0x00,0x80,0x00,0x00,0x4A,0x48,0x01,0x50,0x00,0x00,0x80,0x49,0x00,0x7F,0xFF,0xFD,0x00,0x58,0x29,0x48,0x02,0xF0,0x00,0x00,0x00,0x3F,0xF5,0x50,0x00,0x00,0x00,
	0x00,0x0A,0xFF,0xE0,0x00,0x00,0x00,0x56,0x80,0x00,0x00,0x00,0x00,0x08,0x05,0x01,0x40,0x90,0xB4,0x08,0x8A,0xAE,0x80,0x00,0x00,0x94,0x04,0x88,0x00,0x00,0x00,0x00,
	0x04,0x80,0x08,0x00,0x09,0x69,0x28,0x8A,0xA8,0x00,0x00,0x00,0x90,0x00,0xFF,0x77,0x6A,0x88,0x28,0x15,0x10,0x01,0x68,0x00,0x00,0x00,0x7F,0xEA,0x88,0x00,0x00,0x00,
	0x00,0x15,0xBF,0xE0,0x00,0x00,0x01,0x15,0xE0,0x00,0x00,0x00,0x00,0x00,0x00,0x82,0xD0,0xA0,0x78,0x04,0x01,0x5B,0x50,0x00,0x00,0x28,0x12,0xA0,0x00,0x00,0x00,0x40,
	0x12,0x00,0x00,0x00,0x12,0xAA,0x4A,0x15,0x50,0x00,0x01,0x00,0x20,0x00,0xFA,0xAA,0xAA,0x00,0x38,0x15,0x48,0x00,0xD0,0x00,0x00,0x00,0x3F,0xF5,0xA0,0x00,0x00,0x00,
	0x00,0x25,0xDF,0xC0,0x00,0x00,0x02,0x5B,0xC0,0x00,0x00,0x00,0x02,0x00,0x02,0x21,0xA2,0x40,0x50,0x2A,0x20,0x25,0xA2,0x00,0x22,0x54,0x00,0x40,0x00,0x00,0x02,0x20,
	0x04,0x00,0x20,0x00,0x24,0x40,0x24,0x0A,0xA2,0x00,0x00,0x00,0x40,0x03,0xFD,0x55,0x44,0x00,0x58,0x2A,0x92,0x02,0xB4,0x00,0x20,0x20,0x3F,0xFA,0x92,0x00,0x00,0x00,
	0x00,0x05,0x7F,0xA0,0x00,0x00,0x00,0x96,0xD0,0x00,0x00,0x00,0x00,0x00,0x01,0x00,0x50,0xA0,0x50,0xB4,0x00,0x12,0x54,0x01,0x40,0x88,0x09,0x00,0x00,0x00,0x04,0x80,
	0x09,0x00,0x00,0x00,0x48,0x00,0x00,0x15,0x50,0x00,0x00,0x00,0x90,0x01,0xEA,0x88,0x10,0x00,0x38,0x15,0x48,0x01,0x68,0x00,0x00,0x00,0x3F,0xFF,0x40,0x00,0x00,0x00,
	0x00,0x0A,0xFF,0xC0,0x00,0x00,0x00,0x55,0x60,0x00,0x00,0x00,0x08,0x00,0x00,0x81,0x08,0x50,0x89,0x78,0x00,0x08,0x94,0x00,0x89,0x10,0x04,0x80,0x00,0x08,0x91,0x08,
	0x08,0x80,0x80,0x00,0x80,0x00,0x00,0x0A,0xA0,0x00,0x00,0x00,0x50,0x02,0xF5,0x00,0x80,0x00,0x70,0x0A,0x84,0x00,0xA0,0x00,0x00,0x00,0x7F,0xF6,0x88,0x80,0x00,0x00,
	0x00,0x25,0xFF,0xA0,0x00,0x00,0x01,0x2A,0xD0,0x00,0x00,0x00,0x00,0x00,0x00,0x00,0x41,0x20,0x22,0xFA,0x00,0x00,0x2A,0x00,0xA0,0x24,0x12,0x00,0x00,0x02,0x0A,0x20,
	0x12,0x00,0x00,0x00,0x40,0x00,0x00,0x05,0x50,0x00,0x00,0x00,0xA0,0x01,0xA2,0x00,0x00,0x00,0x28,0x15,0x48,0x01,0x40,0x00,0x00,0x00,0x3F,0xFD,0xA0,0x00,0x00,0x00,
	0x00,0x12,0xBF,0xC0,0x00,0x00,0x02,0x45,0xA0,0x00,0x00,0x00,0x14,0x00,0x00,0x02,0x00,0x02,0x01,0xF8,0x00,0x00,0x14,0x00,0x42,0x10,0x04,0x00,0x00,0x20,0x00,0x00,
	0x04,0x01,0x20,0x02,0x20,0x00,0x00,0x05,0xA0,0x02,0x02,0x02,0x00,0x02,0xA0,0x20,0x20,0x00,0x54,0x05,0x24,0x00,0xA0,0x00,0x20,0x00,0x5F,0xFE,0xA2,0x00,0x00,0x00,
	0x00,0x45,0x5F,0xE0,0x00,0x00,0x00,0x95,0x60,0x00,0x00,0x00,0x08,0x00,0x00,0x00,0x00,0x01,0x21,0x74,0x00,0x00,0x15,0x00,0x80,0xA8,0x00,0x00,0x00,0x00,0x00,0x00,
	0x00,0x00,0x00,0x00,0x80,0x00,0x00,0x0B,0x50,0x00,0x00,0x00,0x00,0x01,0x40,0x00,0x00,0x00,0x38,0x09,0x4A,0x00,0x00,0x00,0x00,0x00,0x3F,0xF5,0x48,0x00,0x00,0x00,
	0x00,0x90,0xBF,0xA0,0x00,0x00,0x00,0x0A,0xE8,0x00,0x00,0x80,0x08,0x00,0x00,0x00,0x00,0x00,0x90,0xF0,0x00,0x00,0x0E,0x80,0x40,0x50,0x00,0x00,0x00,0x08,0x00,0x00,
	0x00,0x00,0x00,0x01,0x00,0x00,0x00,0x06,0xA8,0x00,0x08,0x00,0x00,0x00,0x88,0x88,0x88,0x00,0x68,0x05,0x14,0x80,0x80,0x00,0x00,0x00,0x7F,0xFA,0x90,0x80,0x00,0x00,
	0x00,0x25,0x7F,0xD0,0x00,0x00,0x00,0x55,0xD0,0x00,0x00,0x20,0x14,0x00,0x00,0x00,0x00,0x00,0x0A,0xA8,0x00,0x00,0x15,0x00,0x81,0x28,0x00,0x00,0x00,0x00,0x00,0x00,
	0x00,0x00,0x00,0x02,0x00,0x00,0x00,0x05,0x50,0x00,0x00,0x00,0x00,0x01,0x53,0x77,0xAA,0x80,0x18,0x12,0x48,0x00,0x00,0x00,0x00,0x00,0x3F,0xF6,0xA2,0x00,0x00,0x00,
	0x02,0x15,0xDF,0xE0,0x00,0x00,0x00,0x2B,0xE0,0x00,0x01,0x40,0x2A,0x00,0x00,0x00,0x00,0x00,0x04,0xA0,0x20,0x00,0x2B,0x40,0x42,0x54,0x00,0x00,0x00,0x04,0x00,0x00,
	0x25,0x40,0x00,0x01,0x00,0x00,0x00,0x02,0xA4,0x00,0x00,0x00,0x00,0x02,0xBF,0xFF,0xDD,0xA0,0x34,0x01,0x24,0x25,0x40,0x00,0x22,0x00,0x3F,0xFB,0x44,0x20,0x00,0x00,
	0x00,0x2A,0xBF,0xD0,0x00,0x00,0x00,0x55,0xE0,0x00,0x00,0x00,0x10,0x00,0x00,0x00,0x00,0x00,0x00,0xA0,0xAA,0x00,0x02,0x80,0x00,0x88,0x00,0x00,0x00,0x00,0x00,0x01,
	0x5A,0xA8,0x00,0x02,0x00,0x04,0x00,0x0A,0xA8,0x00,0x00,0x00,0x00,0x0B,0xFF,0xFF,0xFF,0xA0,0x28,0x24,0x90,0x1F,0xD4,0x00,0x54,0x00,0x3F,0xFA,0xA9,0x00,0x00,0x00,
	0x00,0x97,0x6F,0xE8,0x00,0x00,0x00,0xAF,0xE8,0x00,0x08,0x88,0x08,0x09,0x00,0x00,0x00,0x00,0x00,0x91,0x7E,0x80,0x09,0x40,0x80,0x00,0x00,0x00,0x80,0x08,0x00,0x01,
	0x76,0xA8,0x80,0x01,0x00,0x08,0x80,0x05,0x50,0x00,0x00,0x08,0x80,0x0F,0xFF,0xF7,0x76,0xD0,0x70,0x11,0x08,0x6F,0x50,0x00,0x95,0x00,0x7F,0xF5,0x08,0x00,0x00,0x00,
	0x00,0x15,0x5F,0xD0,0x00,0x00,0x00,0x5B,0xD0,0x00,0x00,0x00,0x00,0x56,0xE8,0x00,0x00,0x00,0x00,0x25,0xFD,0x00,0x02,0x80,0x40,0x10,0x00,0x00,0x00,0x00,0x00,0x02,
	0xAD,0x55,0x00,0x02,0x00,0x12,0x00,0x02,0xA8,0x00,0x00,0x05,0x00,0x0F,0xFF,0xED,0xAD,0x40,0x28,0x0A,0x80,0x1F,0xA8,0x00,0x0A,0x00,0x1F,0xFA,0x52,0x00,0x00,0x00,
	0x00,0x2A,0xBD,0xE0,0x00,0x00,0x02,0x3F,0xE0,0x00,0x20,0x20,0x12,0x2B,0xDA,0x00,0x00,0x00,0x00,0x5B,0xFC,0x00,0x02,0xA0,0x22,0x20,0x00,0x00,0x00,0x02,0x00,0x01,
	0xAA,0x4A,0x40,0x01,0x00,0x24,0x00,0x02,0x50,0x00,0x00,0x14,0x20,0x2F,0xDF,0xBB,0xD4,0x20,0x54,0x24,0x20,0x5A,0xA2,0x00,0x20,0x00,0x3F,0xD5,0x24,0x00,0x00,0x00,
	0x00,0x15,0x6F,0xD0,0x00,0x00,0x00,0xAF,0xD0,0x00,0x00,0x00,0x08,0x15,0xFF,0x40,0x02,0x00,0x00,0x2F,0xEA,0x00,0x01,0x40,0x80,0x08,0x00,0x00,0x00,0x00,0x12,0x01,
	0x54,0x94,0x80,0x00,0x00,0x10,0x00,0x04,0x80,0x00,0x00,0x05,0x00,0x17,0xFE,0xAA,0xA2,0x80,0x38,0x0A,0x80,0xAF,0x48,0x00,0x00,0x00,0x3F,0xED,0x48,0x00,0x00,0x00,
	0x00,0x8A,0xB7,0xE0,0x00,0x00,0x00,0x57,0xE0,0x00,0x00,0x00,0x00,0x09,0x7F,0x80,0x09,0x00,0x00,0x17,0xD0,0x00,0x01,0x40,0x40,0x00,0x00,0x00,0x00,0x00,0x89,0x00,
	0x89,0x09,0x00,0x00,0x80,0x48,0x80,0x01,0x08,0x00,0x00,0x14,0x00,0x0F,0xE9,0x55,0x08,0x40,0x70,0x05,0x08,0x76,0xA0,0x00,0x00,0x00,0x7F,0xF6,0x90,0x80,0x00,0x00,
	0x00,0x05,0x5F,0xD0,0x00,0x00,0x00,0xAF,0xF0,0x00,0x00,0x00,0x14,0x02,0x57,0xF0,0x00,0x00,0x00,0x2F,0xA0,0x00,0x02,0x80,0x00,0x00,0x00,0x00,0x00,0x00,0x2A,0x80,
	0x00,0x00,0x40,0x00,0x00,0x10,0x00,0x0A,0xA0,0x00,0x00,0x0A,0x00,0x0B,0xD4,0x00,0x00,0x00,0x28,0x02,0x80,0xA8,0x80,0x00,0x00,0x00,0x3F,0xEA,0xA0,0x00,0x00,0x00,
	0x00,0x22,0x7F,0xE0,0x00,0x00,0x00,0x5F,0xE0,0x00,0x02,0x00,0x02,0x00,0x2A,0xD8,0x22,0x00,0x00,0x07,0x80,0x00,0x01,0x40,0x42,0x22,0x00,0x00,0x00,0x00,0x14,0x00,
	0x22,0x00,0x02,0x02,0x00,0x22,0x00,0x15,0xA2,0x00,0x00,0x28,0x00,0x24,0x20,0x00,0x00,0x00,0x54,0x01,0x40,0x52,0x00,0x00,0x00,0x00,0x3F,0xDA,0x42,0x00,0x00,0x00,
	0x00,0x15,0x5B,0xD0,0x00,0x00,0x00,0x57,0xF0,0x00,0x00,0x00,0x14,0x00,0x01,0x7A,0x00,0x00,0x00,0x03,0x40,0x00,0x00,0x80,0x00,0x08,0x00,0x00,0x00,0x00,0x08,0x80,
	0x94,0x00,0x00,0x00,0x00,0x00,0x00,0x2F,0xD4,0x80,0x00,0x14,0x00,0x00,0x00,0x00,0x00,0x00,0x28,0x02,0x90,0x00,0x00,0x00,0x00,0x00,0x3F,0xF6,0x80,0x00,0x00,0x00,
	0x00,0x89,0x6F,0x60,0x00,0x00,0x00,0xAF,0xE8,0x00,0x00,0x00,0x08,0x00,0x00,0xBE,0x00,0x00,0x00,0x05,0x80,0x00,0x00,0x80,0x80,0x00,0x00,0x00,0x80,0x00,0x80,0x00,
	0x69,0x00,0x00,0x00,0x80,0x08,0x00,0x7F,0xE9,0x00,0x00,0x08,0x08,0x00,0x00,0x00,0x00,0x00,0x28,0x09,0x08,0x00,0x00,0x00,0x00,0x00,0x7F,0x7A,0x08,0x00,0x08,0x80,
	0x00,0x12,0xBE,0xD0,0x00,0x00,0x00,0x57,0xF0,0x00,0x00,0x00,0x00,0x00,0x00,0x5F,0x00,0x00,0x00,0x02,0xA0,0x90,0x00,0x40,0x20,0x28,0x00,0x00,0x24,0x00,0x00,0x01,
	0x5A,0x00,0x00,0x00,0x00,0x00,0x00,0x3F,0x54,0x00,0x00,0x04,0x00,0x00,0x00,0x00,0x00,0x00,0x50,0x02,0x80,0x00,0x00,0x00,0x00,0x00,0x3F,0xED,0x40,0x00,0x05,0x00,
	0x00,0x25,0x5D,0xA0,0x00,0x00,0x00,0x3D,0xD4,0x00,0x00,0x00,0x00,0x00,0x00,0x2E,0x80,0x02,0x00,0x01,0xD5,0xEA,0x01,0x40,0x40,0x14,0x00,0x02,0x02,0x22,0x22,0x00,
	0xBC,0x00,0x00,0x25,0x54,0x00,0x00,0x5D,0x22,0x00,0x00,0x12,0x02,0x00,0x24,0x00,0x00,0x00,0x28,0x01,0x20,0x00,0x00,0x00,0x00,0x00,0x3F,0xBA,0x20,0x00,0x52,0x00,
	0x00,0x02,0xAA,0xA0,0x00,0x00,0x00,0x2F,0xFD,0x00,0x00,0x00,0x00,0x00,0x00,0x57,0x40,0x00,0x00,0x00,0x6F,0xFE,0x00,0x80,0x00,0x08,0x0A,0x00,0x04,0x00,0x00,0x01,
	0x74,0x00,0x01,0x5A,0xA9,0x00,0x00,0x55,0x54,0x40,0x00,0x00,0x00,0x01,0x5B,0x41,0x00,0x00,0x50,0x04,0x88,0x00,0x00,0x00,0x00,0x00,0x3F,0xD5,0x40,0x01,0x54,0x00,
	0x00,0x89,0x75,0x50,0x00,0x00,0x00,0xB7,0xFA,0x80,0x00,0x08,0x08,0x00,0x00,0x0B,0x80,0x00,0x00,0x00,0xB7,0xFD,0x01,0x40,0x80,0x10,0x11,0x50,0x88,0x88,0x08,0x00,
	0xF4,0x00,0x0A,0xA9,0x08,0x80,0x00,0xAF,0xAF,0x10,0x80,0x08,0x00,0x01,0xFF,0xE9,0x50,0x00,0x28,0x08,0x00,0x08,0x00,0x00,0x00,0x00,0x7F,0x6A,0x90,0x01,0x68,0x80,
	0x00,0x17,0xDF,0xF5,0x00,0x00,0x00,0x2F,0x6A,0xA0,0x00,0x00,0x52,0x80,0x00,0x15,0xC0,0x00,0x00,0x00,0x5F,0x5A,0x00,0x80,0x00,0x24,0x05,0x54,0x00,0x00,0x00,0x00,
	0xA8,0x00,0x15,0x54,0x00,0x00,0x05,0xFF,0xFF,0xD5,0x00,0x00,0x00,0x03,0xFF,0xD2,0xE8,0x00,0x10,0x00,0x04,0x05,0x00,0x00,0x00,0x00,0x3F,0xB5,0x20,0x02,0xE8,0x00,
	0x22,0xAF,0xFF,0xFC,0x00,0x00,0x00,0x5A,0x81,0x50,0x00,0x22,0xAA,0xA2,0x00,0x03,0xC0,0x20,0x00,0x00,0x2A,0xA4,0x02,0x20,0x20,0x12,0x22,0x55,0x00,0x00,0x00,0x01,
	0x54,0x00,0x2A,0xA0,0x00,0x00,0x3F,0xFF,0xFF,0xEA,0x42,0x00,0x00,0x05,0xFF,0xF5,0xD4,0x00,0x20,0x02,0x02,0x2A,0x20,0x00,0x00,0x00,0x5F,0xDA,0x80,0x05,0xB4,0x00,
	0x15,0x5F,0xFF,0xFF,0x00,0x00,0x00,0x94,0x00,0x28,0x00,0x04,0xB5,0x5D,0x00,0x0A,0xA0,0x00,0x00,0x00,0x55,0x10,0x00,0x80,0x00,0x14,0x01,0x2A,0x80,0x00,0x00,0x00,
	0x6A,0x00,0x5A,0x00,0x00,0x01,0x7F,0xFF,0xFF,0xAA,0xA0,0x00,0x00,0x07,0xFF,0xFD,0x68,0x00,0x08,0x00,0x00,0x1F,0x80,0x00,0x00,0x00,0x3F,0xB5,0x40,0x03,0xA8,0x00,
	0x49,0xAF,0xFF,0xFE,0x80,0x00,0x00,0x08,0x00,0x10,0x00,0x89,0x6E,0xF6,0x80,0x05,0x50,0x00,0x80,0x00,0x98,0x00,0x00,0x00,0x80,0x08,0x00,0x91,0x00,0x00,0x00,0x00,
	0xA8,0x00,0xA8,0x00,0x00,0x01,0xFF,0xF7,0xF6,0xF5,0x08,0x80,0x08,0x0B,0x7F,0xFA,0xA8,0x00,0x10,0x00,0x00,0x6F,0x08,0x00,0x00,0x00,0x7F,0xED,0x08,0x0B,0x50,0x00,
	0x02,0xAA,0xBF,0xFD,0x00,0x00,0x00,0x00,0x00,0x14,0x01,0x12,0x55,0x5B,0xA0,0x02,0xA0,0x01,0x00,0x00,0x16,0x00,0x00,0x00,0x00,0x14,0x00,0x02,0xA0,0x00,0x00,0x00,
	0x54,0x00,0x50,0x00,0x00,0x03,0xFF,0x6D,0x55,0x12,0x40,0x00,0x00,0x05,0xAF,0xFD,0x50,0x00,0x00,0x00,0x00,0x1F,0x40,0x00,0x00,0x00,0x3F,0xDA,0x00,0x07,0xA0,0x00,
	0x00,0x15,0x5D,0xDA,0x00,0x00,0x00,0x22,0x40,0x0A,0x02,0x44,0x22,0x55,0x50,0x02,0xD0,0x02,0x00,0x00,0x2A,0x00,0x00,0x20,0x20,0x20,0x00,0x01,0x40,0x00,0x00,0x00,
	0x02,0x01,0x40,0x00,0x00,0x05,0xFA,0x22,0x22,0x00,0x00,0x00,0x00,0x05,0xDF,0xDE,0x42,0x00,0x20,0x55,0x42,0x5E,0xA0,0x00,0x00,0x00,0x5F,0xFA,0x22,0x0B,0xA0,0x00,
	0x00,0x2A,0xBF,0xFD,0x00,0x00,0x00,0x01,0x54,0x16,0x01,0x09,0x55,0x2A,0xA8,0x05,0x70,0x00,0x00,0x00,0x15,0x02,0x00,0x00,0x00,0x00,0x00,0x00,0xA0,0x00,0x00,0x00,
	0x48,0x00,0xA0,0x00,0x00,0x03,0xE0,0x00,0x00,0x00,0x00,0x00,0x00,0x12,0xAB,0xFD,0x08,0x00,0x15,0xAA,0x94,0x17,0x40,0x00,0x00,0x00,0x3F,0xB4,0x00,0x15,0x40,0x00,
	0x00,0x95,0x7F,0xFF,0x40,0x00,0x00,0x0A,0xA9,0x0A,0x00,0x84,0x88,0x81,0x74,0x01,0xE8,0x08,0x00,0x00,0x0A,0xD6,0x80,0x80,0x80,0x08,0x00,0x00,0x50,0x00,0x00,0x09,
	0x25,0x40,0x88,0x00,0x00,0x07,0x48,0x08,0x00,0x00,0x00,0x00,0x00,0x09,0x0A,0xEE,0x80,0x00,0x57,0x76,0xA8,0xAF,0x08,0x00,0x00,0x00,0x7F,0xE9,0x08,0x0E,0x80,0x00,
	0x01,0x2B,0xFF,0xFF,0x80,0x00,0x00,0x17,0xDA,0x85,0x00,0x12,0x14,0x04,0xAA,0x02,0xF8,0x00,0x00,0x00,0x05,0xFF,0x80,0x40,0x00,0x00,0x00,0x00,0x20,0x00,0x00,0x0A,
	0xDB,0x91,0x20,0x00,0x00,0x02,0x80,0x00,0x00,0x00,0x00,0x00,0x00,0x00,0x05,0x5D,0x00,0x00,0xBF,0xFD,0x52,0x5D,0x40,0x00,0x00,0x00,0x3F,0xF4,0x00,0x15,0x00,0x00,
	0x00,0x5B,0xFF,0xFF,0xC0,0x00,0x00,0x4F,0xFD,0x42,0x02,0x20,0x40,0x02,0x5A,0x01,0xD0,0x20,0x00,0x00,0x03,0xFD,0x42,0x40,0x20,0x10,0x00,0x00,0x14,0x00,0x00,0x2D,
	0xED,0xA2,0x40,0x00,0x00,0x00,0x02,0x54,0x20,0x00,0x00,0x00,0x00,0x02,0x02,0xAE,0x82,0x00,0x7D,0xDE,0x80,0x3E,0x80,0x00,0x00,0x20,0x5F,0xDA,0x40,0x0A,0x20,0x00,
	0x01,0x56,0xFF,0xFF,0xC0,0x00,0x00,0x2F,0xFE,0xA1,0x00,0x00,0xA0,0x00,0x95,0x01,0x78,0x10,0x00,0x00,0x03,0xF6,0x80,0xA0,0x00,0x00,0x00,0x00,0x08,0x00,0x00,0x0B,
	0x5A,0xA0,0x80,0x00,0x00,0x00,0x14,0xA0,0x00,0x00,0x00,0x00,0x00,0x00,0x20,0x5B,0x00,0x00,0xBF,0xFD,0x20,0x2F,0xA0,0x00,0x00,0x40,0x3F,0xF4,0x80,0x14,0x00,0x00,
	0x08,0xAA,0xFF,0xFF,0x80,0x00,0x00,0x97,0xFF,0x52,0x88,0x08,0x48,0x00,0x2E,0x80,0xF4,0x80,0x00,0x08,0x0A,0xA9,0x00,0x00,0x00,0x08,0x00,0x00,0x14,0x00,0x88,0x15,
	0x57,0x51,0x40,0x00,0x50,0x80,0x55,0x08,0x00,0x00,0x00,0x00,0x00,0xD1,0x68,0xAE,0x80,0x00,0xFF,0xE8,0x80,0x96,0x88,0x00,0x01,0x50,0x7F,0xFA,0x00,0x14,0x80,0x00,
	0x00,0x0A,0xBF,0xFF,0xC0,0x00,0x00,0x2F,0xFF,0xA5,0x52,0x81,0x00,0x00,0x15,0x00,0x78,0x40,0x00,0x00,0x05,0x44,0x00,0x00,0x00,0x00,0x00,0x00,0x04,0x00,0x50,0x02,
	0xAA,0xA1,0x20,0x00,0xAA,0x00,0xAA,0x40,0x00,0x00,0x00,0x00,0x01,0xEA,0xFA,0x15,0x00,0x01,0x7F,0xEA,0x00,0x2E,0xA0,0x00,0x02,0x80,0x3F,0xF6,0x80,0x2A,0x00,0x00,
	0x02,0x20,0x5A,0xBD,0xA0,0x00,0x00,0x5F,0xFF,0xD2,0xAD,0x54,0x00,0x00,0x2A,0x00,0xBA,0x20,0x00,0x24,0x02,0x00,0x00,0x00,0x00,0x00,0x00,0x00,0x12,0x00,0x22,0x21,
	0x45,0x42,0x40,0x02,0xB4,0x00,0x55,0x02,0x20,0x20,0x00,0x00,0x05,0xFB,0xFD,0x2A,0x00,0x00,0xBF,0xA0,0x00,0x1B,0x40,0x00,0x02,0x20,0x3F,0xDA,0x20,0x1D,0x20,0x00,
	0x00,0x00,0x04,0x42,0x00,0x00,0x00,0x2F,0xFF,0xF5,0x55,0xBA,0x80,0x00,0x15,0x00,0x68,0x00,0x00,0x08,0x05,0x00,0x00,0x00,0x00,0x10,0x00,0x00,0x08,0x00,0x40,0x00,
	0x00,0x81,0x00,0x02,0xA8,0x00,0x2A,0xA5,0x50,0x80,0x00,0x00,0x03,0xFE,0xBE,0x85,0x00,0x00,0x7D,0x48,0x00,0x56,0x80,0x00,0x02,0x80,0x5F,0xF6,0x80,0x1A,0x80,0x00,
	0x00,0x00,0x08,0x00,0x00,0x00,0x00,0x97,0xFF,0xEA,0x96,0xF7,0x48,0x00,0x0A,0x80,0xB4,0x00,0x00,0x10,0x00,0x80,0x00,0x09,0x0A,0x88,0x80,0x00,0x00,0x00,0x80,0x00,
	0x00,0x00,0x80,0x09,0x00,0x00,0x97,0x4A,0xA8,0x48,0x00,0x00,0x07,0xFA,0x57,0x08,0x80,0x00,0xA8,0x80,0x00,0x2E,0x88,0x00,0x0A,0x80,0x2F,0xFA,0x80,0x16,0x08,0x00,
	0x00,0x00,0x00,0x00,0x00,0x00,0x00,0x2F,0xFF,0xF5,0xA9,0x7F,0xD0,0x00,0x15,0x00,0xA8,0x00,0x00,0x04,0x01,0x00,0x00,0x16,0xAD,0xFF,0x20,0x00,0x00,0x00,0x00,0x00,
	0x00,0x02,0x00,0x12,0x80,0x00,0x2F,0xA5,0x51,0x20,0x00,0x00,0x01,0xFD,0x2B,0xC2,0x00,0x00,0x50,0x00,0x00,0x5D,0x40,0x00,0x15,0x00,0x1F,0xED,0x00,0x0D,0x40,0x00,
	0x00,0x00,0x24,0x00,0x00,0x00,0x00,0x5F,0xFF,0xE3,0x44,0xBF,0xFA,0x00,0x05,0x00,0x5A,0x00,0x00,0x00,0x02,0x40,0x00,0x2B,0xDF,0xDD,0xD4,0x00,0x00,0x00,0x20,0x00,
	0x00,0x01,0x20,0x04,0x00,0x00,0x5F,0xA2,0xA0,0x00,0x00,0x00,0x02,0xBA,0x15,0xA0,0x00,0x00,0x20,0x00,0x00,0x3D,0x20,0x00,0x2A,0x00,0x3F,0xFA,0x20,0x2A,0x80,0x00,
	0x00,0x00,0x08,0x40,0x00,0x00,0x00,0x17,0xFF,0xFA,0x89,0x7F,0xFD,0x00,0x02,0x80,0xB4,0x00,0x00,0x00,0x01,0x42,0x40,0x57,0xBE,0xFF,0x6A,0x00,0x00,0x00,0x00,0x00,
	0x20,0x00,0x80,0x0A,0x00,0x00,0xBF,0xC0,0xA8,0x00,0x00,0x05,0x21,0x75,0x0B,0x40,0x00,0x00,0x00,0x00,0x00,0x2A,0x80,0x00,0x14,0x00,0x5F,0xD6,0x80,0x15,0x00,0x00,
	0x00,0x00,0x90,0x80,0x00,0x00,0x00,0x4F,0xFF,0xEA,0x90,0xB7,0xFE,0x80,0x09,0x00,0x78,0x00,0x00,0x00,0x01,0xAF,0x68,0x2F,0x77,0x6A,0xF6,0x80,0x00,0x00,0x80,0x00,
	0x94,0x00,0x00,0x10,0x00,0x00,0xF7,0x40,0xA0,0x00,0x00,0xAE,0xD0,0xBA,0x85,0x80,0x80,0x00,0x00,0x00,0x00,0x16,0x88,0x00,0x10,0x00,0x3E,0xEA,0x80,0x16,0x80,0x00,
	0x00,0x00,0x22,0xA0,0x00,0x00,0x00,0x2B,0xFF,0xD5,0x05,0x5F,0xFF,0xA0,0x04,0x00,0xBC,0x00,0x00,0x00,0x00,0xDF,0xF8,0x5F,0xDD,0x55,0x5F,0x40,0x00,0x00,0x00,0x00,
	0x2A,0x00,0x80,0x04,0x00,0x00,0x5F,0xC0,0x50,0x00,0x05,0xFF,0xB4,0x6D,0x11,0x40,0x00,0x00,0x00,0x00,0x00,0x2E,0xA0,0x00,0x28,0x00,0x5B,0x55,0x00,0x0D,0x00,0x00,
	0x00,0x02,0x15,0xA0,0x00,0x00,0x00,0x15,0xFF,0xEA,0x2A,0xBD,0xFF,0xD0,0x02,0x00,0x5A,0x00,0x00,0x00,0x02,0xBD,0xF4,0x2B,0xAA,0x2A,0x5D,0xA0,0x00,0x00,0x00,0x01,
	0x54,0x02,0x20,0x20,0x00,0x00,0x7F,0xA0,0x20,0x00,0x2F,0xFF,0xD2,0x5E,0x02,0xA0,0x00,0x00,0x00,0x00,0x00,0x3F,0x40,0x00,0x24,0x00,0x3D,0xEA,0x40,0x2A,0x20,0x00,
	0x00,0x00,0xAF,0xC0,0x00,0x00,0x00,0x0B,0xFF,0xD5,0x15,0x6F,0xFF,0xF4,0x00,0x00,0xB4,0x00,0x00,0x00,0x01,0x2A,0xE8,0x0A,0xAA,0x94,0x97,0xE0,0x00,0x00,0x00,0x00,
	0xAA,0x00,0x00,0x08,0x00,0x00,0xBF,0xC0,0x00,0x00,0x5F,0xFF,0xD5,0x2A,0x81,0x40,0x00,0x00,0x00,0x00,0x00,0x5E,0xA0,0x00,0x08,0x00,0x5F,0xBA,0x80,0x16,0x80,0x00,
	0x00,0x88,0x7F,0xD0,0x00,0x00,0x00,0x0A,0xFF,0x6E,0x0A,0xB7,0xFF,0xF8,0x00,0x00,0xB8,0x00,0x00,0x00,0x00,0x91,0x68,0x05,0x04,0x09,0x0B,0xE8,0x08,0x00,0x08,0x80,
	0x55,0x00,0x80,0x10,0x00,0x01,0x77,0x40,0x80,0x00,0xFF,0xFF,0x68,0x97,0x08,0x80,0x00,0x00,0x00,0x00,0x00,0x2F,0x08,0x00,0x10,0x00,0x3F,0x6A,0x00,0x0A,0x00,0x00,
	0x00,0x12,0xBF,0xE0,0x00,0x00,0x00,0x05,0x5F,0xDA,0x05,0x2F,0xFF,0xFE,0x00,0x00,0x74,0x00,0x00,0x00,0x01,0x40,0x80,0x00,0x00,0x00,0x05,0xD0,0x00,0x00,0x55,0x00,
	0xAA,0x00,0x00,0x00,0x00,0x0B,0xFD,0xC0,0x00,0x02,0xFF,0xFD,0x55,0x25,0x05,0x40,0x00,0x00,0x00,0x00,0x00,0x5E,0xA0,0x00,0x24,0x00,0x5F,0xEA,0x80,0x2D,0x00,0x00,
	0x00,0x24,0xFF,0xC0,0x00,0x00,0x00,0x02,0xBB,0xAA,0x22,0x5B,0xDF,0xFD,0x00,0x00,0x58,0x05,0x00,0x00,0x02,0x00,0x20,0x00,0x00,0x00,0x02,0xE0,0x02,0x02,0x2A,0x41,
	0x54,0x02,0x40,0x20,0x00,0x27,0xFE,0xA0,0x20,0x01,0xFF,0xAA,0x2A,0x02,0x02,0xA0,0x00,0x00,0x00,0x00,0x00,0x2A,0x40,0x00,0x10,0x00,0x3F,0xD5,0x40,0x1A,0x20,0x00,
	0x00,0x29,0x7F,0xE0,0x00,0x00,0x00,0x05,0x55,0x54,0x00,0x96,0xBF,0xFE,0x80,0x00,0x34,0x05,0x40,0x00,0x00,0x80,0x00,0x00,0x00,0x00,0x01,0x78,0x00,0x05,0x4A,0xA0,
	0xAA,0x00,0x80,0x10,0x00,0x0D,0x6A,0x80,0x00,0x0B,0xFF,0x54,0x94,0x09,0x05,0x40,0x00,0x00,0x00,0x00,0x00,0x2A,0xA0,0x00,0x08,0x00,0x5F,0xAA,0x80,0x2D,0x00,0x00,
	0x00,0x95,0xFF,0xE0,0x00,0x00,0x00,0x0A,0xAA,0xA8,0x00,0x4F,0x6F,0xFF,0x40,0x00,0xB8,0x0A,0x88,0x00,0x01,0x00,0x00,0x00,0x00,0x00,0x05,0x68,0x08,0x88,0x95,0x09,
	0x74,0x00,0x00,0x00,0x00,0x12,0xAD,0x00,0x00,0x0F,0xF6,0x88,0x08,0x84,0x88,0x80,0x00,0x00,0x00,0x00,0x00,0x15,0x08,0x00,0x10,0x00,0x3F,0xF5,0x00,0x14,0x80,0x00,
	0x00,0x2A,0xFF,0xE0,0x00,0x00,0x00,0x05,0x55,0x40,0x00,0x95,0x5F,0xFF,0xC0,0x00,0x5C,0x17,0xD0,0x00,0x00,0x00,0x00,0x00,0x00,0x00,0x00,0x54,0x00,0x02,0x02,0x40,
	0xA8,0x00,0x80,0x00,0x00,0x04,0x92,0x00,0x00,0x0F,0xFA,0xA0,0x00,0x11,0x02,0x00,0x00,0x00,0x00,0x00,0x00,0x0A,0x00,0x00,0x28,0x00,0x5F,0xAA,0x40,0x2D,0x00,0x00,
	0x00,0x55,0xFF,0xD0,0x00,0x00,0x00,0x03,0xBB,0xA0,0x02,0x25,0x5F,0xFF,0xD0,0x00,0x3A,0x05,0xAA,0x00,0x02,0x20,0x00,0x00,0x02,0x00,0x02,0x50,0x02,0x20,0x20,0x21,
	0x42,0x02,0x00,0x02,0xAA,0x22,0x44,0x00,0x00,0x3F,0xD4,0x00,0x00,0x02,0x00,0x20,0x00,0x00,0x20,0x00,0x00,0x24,0x22,0x00,0x14,0x00,0x3F,0xD8,0x20,0x1A,0x20,0x00,
	0x00,0x15,0x7F,0xE0,0x00,0x00,0x00,0x02,0xFE,0x80,0x00,0x02,0xAF,0xFF,0xE0,0x00,0x54,0x02,0x54,0x00,0x01,0x4A,0x00,0x00,0x00,0x00,0x00,0xA8,0x00,0x00,0x00,0x00,
	0xA8,0x00,0x00,0x15,0xFD,0x55,0x50,0x00,0x00,0x1F,0xE9,0x00,0x00,0x00,0x80,0x00,0x00,0x00,0x00,0x00,0x00,0x55,0x55,0x40,0x28,0x00,0x3F,0xEA,0x40,0x0A,0x80,0x00,
	0x00,0x8A,0xFF,0xE8,0x00,0x00,0x00,0x01,0x77,0x00,0x00,0x89,0x5F,0x7F,0xF0,0x00,0x28,0x08,0xAA,0x00,0x00,0xB6,0xD0,0x00,0x00,0x80,0x00,0x50,0x00,0x00,0x00,0x00,
	0x50,0x00,0x80,0xAF,0xFE,0xAF,0x50,0x80,0x00,0x7F,0xA8,0x80,0x00,0x04,0x00,0x80,0x88,0x00,0x80,0x00,0x91,0x7A,0xEA,0x90,0x10,0x00,0x7F,0xF5,0x08,0x15,0x00,0x00,
	0x00,0x55,0x7F,0xE0,0x00,0x00,0x00,0x00,0x28,0x00,0x00,0x00,0x57,0xFF,0xF8,0x00,0x14,0x00,0x15,0x00,0x01,0x7F,0xD0,0x00,0x00,0x00,0x00,0x20,0x00,0x00,0x00,0x00,
	0xA8,0x00,0x01,0x7F,0xFF,0x4A,0xA4,0x00,0x00,0x3F,0xAA,0x00,0x00,0x00,0x00,0x00,0x20,0x00,0x00,0x09,0x6E,0xFF,0xDA,0xA0,0x20,0x00,0x1F,0xEA,0x40,0x2A,0x00,0x00,
	0x02,0x25,0xFF,0xD0,0x00,0x00,0x00,0x00,0x00,0x00,0x00,0x22,0x2A,0xFF,0xF8,0x00,0x28,0x00,0x24,0x00,0x02,0xAB,0xD0,0x00,0x02,0x22,0x00,0x00,0x00,0x00,0x00,0x01,
	0x54,0x00,0x03,0xFF,0xFF,0xA5,0x42,0x00,0x00,0x7D,0x54,0x00,0x00,0x02,0x01,0x40,0x02,0x00,0x02,0xBE,0xFD,0xFD,0xD5,0x40,0x14,0x00,0x3F,0xD4,0x20,0x15,0x20,0x00,
	0x00,0x8A,0xFF,0xE0,0x00,0x00,0x00,0x00,0x00,0x00,0x00,0x11,0x55,0xFF,0xF4,0x00,0x54,0x00,0x02,0x80,0x01,0x4A,0xA0,0x00,0x00,0x00,0x00,0x40,0x00,0x00,0x00,0x00,
	0xA8,0x40,0x07,0xFF,0xFE,0x90,0x00,0x00,0x00,0xFD,0x48,0x00,0x00,0x00,0x00,0x00,0x20,0x00,0x2B,0xFF,0xFF,0xAA,0xA0,0x00,0x28,0x00,0x5F,0xA9,0x00,0x0A,0x80,0x00,
	0x08,0x55,0xFF,0xC0,0x00,0x00,0x00,0x80,0x08,0x00,0x00,0x48,0x95,0x7F,0xF8,0x00,0x10,0x00,0x0A,0x80,0x00,0x80,0x00,0x00,0x00,0x80,0x80,0x88,0x00,0x00,0x00,0x00,
	0x90,0x80,0x17,0xFF,0xF7,0x40,0x00,0x00,0x01,0x7A,0x80,0x00,0x08,0x00,0x00,0x80,0x08,0x01,0x57,0xFF,0x75,0x75,0x10,0x80,0x10,0x00,0x2F,0x50,0x80,0x16,0x00,0x00,
	0x01,0x2A,0xFF,0xE0,0x00,0x00,0x00,0x01,0x54,0x00,0x00,0x02,0x2A,0xFF,0xFC,0x00,0x54,0x00,0x01,0x00,0x02,0x80,0x00,0x00,0x00,0x00,0x00,0x00,0x00,0x00,0x00,0x01,
	0x22,0xA0,0x1F,0xFF,0xB4,0x00,0x00,0x00,0x01,0xF5,0x40,0x00,0x00,0x00,0x00,0x00,0x00,0x02,0xFF,0xFA,0xFE,0xDA,0xAA,0x00,0x28,0x00,0x1F,0xA2,0x00,0x0A,0x80,0x00,
	0x22,0x4B,0xFF,0xD0,0x00,0x00,0x02,0x22,0xAA,0x00,0x00,0x00,0x25,0xBF,0xFC,0x00,0x28,0x00,0x02,0x00,0x01,0x40,0x00,0x00,0x00,0x00,0x00,0x20,0x00,0x00,0x00,0x00,
	0x45,0x40,0x5F,0xFD,0xD4,0x22,0x00,0x00,0x03,0xFA,0x20,0x00,0x20,0x00,0x00,0x00,0x20,0x01,0xFF,0xFD,0xBD,0xFD,0x55,0x40,0x22,0x00,0x3D,0xD4,0x00,0x14,0x20,0x00,
	0x00,0x2A,0xFF,0xE0,0x00,0x00,0x00,0x49,0x74,0x00,0x00,0x00,0x4A,0xAF,0xFE,0x00,0x14,0x00,0x00,0x80,0x00,0x80,0x00,0x00,0x00,0x00,0x00,0x00,0x00,0x00,0x00,0x00,
	0xA8,0x00,0xBF,0xFD,0x09,0x15,0x00,0x00,0x01,0xEA,0x80,0x00,0x00,0x00,0x00,0x00,0x00,0x02,0xFF,0xFE,0xFF,0xFE,0xAA,0x80,0x08,0x00,0x5E,0xA9,0x00,0x05,0x00,0x00,
	0x08,0x97,0x7F,0xE8,0x00,0x00,0x01,0x10,0xF8,0x00,0x00,0x00,0x91,0x77,0xFE,0x80,0x14,0x00,0x00,0x00,0x00,0x00,0x00,0x00,0x00,0x00,0x00,0x88,0x00,0x00,0x00,0x00,
	0x50,0x80,0xFF,0xF4,0x80,0x8A,0x80,0x00,0x07,0xE9,0x00,0x00,0x00,0x00,0x00,0x00,0x00,0x0B,0xFF,0x7F,0x77,0x6A,0x15,0x00,0x10,0x00,0x3F,0x50,0x80,0x08,0x80,0x00,
	0x00,0x0A,0xFF,0xD0,0x00,0x00,0x00,0xAA,0xD4,0x00,0x00,0x00,0x25,0x5F,0xFF,0x00,0x08,0x00,0x01,0x00,0x02,0x80,0x00,0x00,0x00,0x00,0x00,0x20,0x00,0x00,0x00,0x01,
	0x24,0x01,0x7F,0xEA,0x00,0x15,0x00,0x00,0x05,0x54,0x00,0x00,0x00,0x00,0x00,0x00,0x00,0x15,0xFA,0xFA,0xAA,0x95,0x02,0x00,0x00,0x00,0x5E,0xA4,0x00,0x0A,0x00,0x00,
	0x02,0x25,0xFF,0xE0,0x00,0x00,0x02,0x55,0xEA,0x00,0x00,0x00,0x22,0xBD,0xFF,0x00,0x24,0x00,0x02,0x00,0x05,0x40,0x00,0x02,0x00,0x00,0x00,0x00,0x00,0x00,0x00,0x00,
	0x00,0x01,0xFF,0xF4,0x00,0x2A,0x40,0x00,0x03,0xA0,0x00,0x00,0x00,0x00,0x00,0x00,0x00,0x2F,0xDA,0xB4,0x00,0x20,0x20,0x00,0x24,0x00,0x3F,0x42,0x00,0x24,0x20,0x00,
	0x00,0x2B,0x7F,0xD0,0x00,0x00,0x00,0xAB,0xF4,0x00,0x00,0x00,0x4A,0xAB,0xFE,0x80,0x08,0x00,0x00,0x80,0x02,0xAA,0xA0,0x04,0xA0,0x00,0x00,0x00,0x00,0x00,0x00,0x00,
	0x00,0x00,0xFF,0xE8,0x00,0x0A,0x80,0x00,0x07,0x40,0x00,0x00,0x00,0x00,0x00,0x00,0x00,0x5E,0xA9,0x20,0x00,0x00,0x00,0x00,0x10,0x00,0x5E,0xA8,0x00,0x15,0x00,0x00,
	0x00,0x96,0xFF,0xE9,0x40,0x00,0x09,0x17,0xF8,0x00,0x00,0x00,0x91,0x56,0xFF,0x00,0x10,0x00,0x00,0x00,0x0B,0x76,0x88,0x09,0x28,0x00,0x08,0x80,0x00,0x08,0x88,0x00,
	0x08,0x01,0x7F,0x60,0x00,0x15,0x00,0x08,0x0B,0x88,0x00,0x00,0x09,0x08,0x88,0x80,0x00,0xB6,0x80,0x88,0x00,0x00,0x00,0x00,0x08,0x00,0x2F,0x50,0x80,0x08,0x80,0x00,
	0x00,0x55,0xBF,0xF2,0xD0,0x00,0x00,0x25,0xFC,0x00,0x00,0x00,0x02,0xBB,0xFF,0x80,0x08,0x00,0x00,0x00,0x05,0x5B,0x60,0x02,0x50,0x00,0x12,0x00,0x84,0x92,0x50,0x00,
	0x00,0x02,0xBF,0xA0,0x00,0x0A,0x05,0x2A,0x07,0x40,0x00,0x00,0x0A,0xF5,0x55,0x40,0x00,0x5D,0x00,0x00,0x00,0x00,0x00,0x00,0x20,0x00,0x1A,0xA4,0x00,0x0A,0x00,0x00,
	0x00,0x25,0xDF,0xE5,0xE0,0x00,0x02,0x4A,0xFA,0x00,0x00,0x00,0x24,0xAD,0xFF,0x00,0x22,0x00,0x02,0x00,0x06,0x2A,0x90,0x01,0x54,0x00,0x24,0x22,0x42,0x24,0x24,0x00,
	0x00,0x01,0x5D,0xC0,0x00,0x14,0x5A,0x9D,0x05,0xA0,0x00,0x00,0x3F,0xDE,0xAA,0x20,0x01,0x7A,0x00,0x00,0x00,0x00,0x00,0x00,0x10,0x00,0x3D,0x52,0x00,0x14,0x00,0x00,
	0x00,0x8A,0xBF,0xF1,0xF4,0xA8,0x00,0x15,0xF4,0x00,0x00,0x00,0x01,0x5B,0xFF,0x80,0x08,0x00,0x08,0x00,0x0A,0x05,0x20,0x00,0xA8,0x00,0x08,0x80,0x08,0x08,0x00,0x00,
	0x00,0x00,0xBB,0xA0,0x00,0x00,0xAF,0x4A,0x0B,0x40,0x00,0x00,0x5F,0xF5,0x11,0x00,0x01,0x54,0x00,0x00,0x00,0x00,0x00,0x00,0x08,0x00,0x5E,0xA8,0x00,0x0A,0x00,0x00,
	0x08,0x12,0xFF,0xEB,0xFA,0xF7,0x50,0x89,0x78,0x00,0x00,0x00,0x08,0xAE,0xFF,0x40,0x04,0x08,0x80,0x00,0x04,0x00,0x80,0x00,0x10,0x00,0x04,0x00,0x80,0x80,0x00,0x00,
	0x00,0x01,0x56,0xD0,0x00,0x01,0x7F,0x85,0x05,0x48,0x00,0x81,0x76,0xA8,0x00,0x00,0x01,0x68,0x00,0x00,0x00,0x00,0x00,0x00,0x00,0x00,0x3B,0x68,0x80,0x04,0x00,0x00,
	0x02,0x25,0xFF,0xD5,0xFD,0x7F,0xF4,0x02,0xF4,0x00,0x00,0x00,0x01,0x55,0xFF,0x80,0x08,0x02,0x00,0x00,0x0A,0x00,0x00,0x00,0x24,0x00,0x10,0x00,0x00,0x00,0x00,0x00,
	0x00,0x00,0x2F,0xA0,0x00,0x02,0xBF,0x4A,0x0A,0xA0,0x00,0x02,0xDD,0x00,0x00,0x00,0x0A,0x90,0x00,0x00,0x00,0x00,0x00,0x00,0x00,0x00,0x5D,0x50,0x00,0x00,0x00,0x00,
	0x00,0x1B,0xFF,0xE3,0xDE,0xFF,0xFD,0x25,0xDA,0x00,0x00,0x00,0x02,0x4A,0xFF,0xA0,0x22,0x21,0x40,0x00,0x04,0x00,0x00,0x00,0x02,0x00,0x00,0x00,0x02,0x00,0x00,0x00,
	0x00,0x02,0x5B,0x80,0x04,0x05,0xDA,0x24,0x14,0x00,0x02,0x01,0xAA,0x00,0x00,0x00,0x05,0x40,0x00,0x02,0x22,0x00,0x00,0x00,0x00,0x00,0x3E,0xA0,0x00,0x02,0x00,0x00,
	0x00,0x26,0xFF,0xF5,0xFF,0xBF,0xFF,0x42,0xB4,0x00,0x00,0x00,0x01,0x55,0xFF,0xC0,0x08,0x04,0x80,0x00,0x08,0x00,0x00,0x00,0x08,0x00,0x00,0x00,0x00,0x00,0x00,0x00,
	0x00,0x00,0x07,0x40,0x15,0x0A,0xA5,0x01,0x0A,0x90,0x00,0x02,0xD4,0x00,0x00,0x00,0x0E,0x80,0x00,0x02,0x81,0x40,0x00,0x00,0x00,0x00,0x1F,0x50,0x00,0x15,0x00,0x00,
	0x00,0x95,0x7F,0xEA,0xBF,0x7F,0xFF,0xE9,0x68,0x09,0x00,0x00,0x00,0xAA,0xFF,0x80,0x10,0x00,0x00,0x00,0x08,0x00,0x00,0x00,0x10,0x00,0x00,0x00,0x00,0x00,0x00,0x00,
	0x90,0x00,0x96,0x80,0xAE,0x95,0x50,0x00,0x09,0x00,0x00,0x0A,0x88,0x00,0x00,0x05,0x56,0x00,0x00,0x07,0x09,0x00,0x00,0x00,0x08,0x00,0x16,0xA0,0x01,0x6A,0x80,0x00,
	0x00,0x0A,0xFF,0xF5,0x5F,0x5F,0xFF,0xF4,0x94,0x04,0xA0,0x00,0x00,0x55,0xFF,0xC0,0x28,0x00,0x00,0x00,0x10,0x00,0x00,0x00,0x04,0x00,0x00,0x00,0x00,0x00,0x00,0x0A,
	0xA4,0x00,0x0A,0x80,0x5D,0x2A,0xA0,0x00,0x02,0x40,0x00,0x05,0x40,0x00,0x00,0x0B,0xAD,0x00,0x00,0x05,0x42,0x80,0x00,0x00,0x00,0x00,0x5D,0xD0,0x02,0xD5,0x00,0x00,
	0x02,0x25,0xDF,0xE2,0xBF,0x2F,0xFF,0xFC,0x2A,0x02,0x44,0x00,0x01,0x22,0xFF,0xA0,0x20,0x00,0x00,0x00,0x22,0x54,0x02,0x00,0x20,0x00,0x00,0x00,0x00,0x02,0x00,0x25,
	0x52,0x00,0x25,0x01,0xFA,0x5A,0x00,0x02,0x54,0x22,0x20,0x05,0x20,0x00,0x00,0x16,0xBA,0x00,0x00,0x25,0x22,0x00,0x00,0x00,0x00,0x00,0x3E,0xA0,0x01,0x6A,0x00,0x00,
	0x00,0x09,0x7F,0xD5,0x6F,0x9F,0xFF,0xFF,0x14,0x00,0x28,0x00,0x00,0x55,0xFF,0xC0,0x10,0x00,0x00,0x00,0x00,0xA8,0x00,0x00,0x10,0x00,0x00,0x00,0x00,0x54,0x80,0xAD,
	0x48,0x01,0x0A,0x81,0x55,0x15,0x00,0x2A,0xBB,0x54,0x00,0x05,0x40,0x00,0x00,0x0D,0x55,0x00,0x01,0x4A,0x82,0x80,0x00,0x00,0x00,0x00,0x2D,0x50,0x01,0x54,0x00,0x00,
	0x00,0x85,0xFF,0xE1,0xB7,0x17,0xFF,0xFF,0x48,0x00,0x94,0x00,0x00,0x92,0xFF,0x80,0x88,0x00,0x00,0x00,0x88,0xA8,0x80,0x00,0x08,0x00,0x00,0x00,0x09,0x2E,0x88,0x55,
	0x00,0x0A,0xB7,0x01,0xA8,0xA8,0x00,0xFF,0xFF,0xA8,0x89,0x0A,0x80,0x00,0x00,0x0A,0x94,0x00,0x00,0x87,0x09,0x00,0x00,0x00,0x00,0x00,0x16,0x88,0x00,0xA9,0x00,0x00,
	0x00,0x2B,0x7F,0xF2,0x6E,0x97,0xFF,0xFF,0x80,0x00,0x0A,0x00,0x00,0x25,0xBF,0xE0,0x50,0x00,0x00,0x00,0x20,0x12,0x00,0x00,0x00,0x00,0x00,0x00,0x0A,0x55,0x20,0xAA,
	0x00,0x15,0xFF,0x43,0x42,0x54,0x02,0xFF,0xFF,0xD2,0x04,0x02,0x00,0x00,0x00,0x05,0x4A,0x00,0x02,0xAB,0x45,0x00,0x00,0x00,0x00,0x00,0x2A,0xA0,0x0B,0xDA,0x00,0x00,
	0x00,0x2A,0xDF,0xE0,0x3D,0x4B,0xDF,0xFF,0xC2,0x00,0x24,0x00,0x00,0x12,0xAF,0xC0,0x20,0x00,0x00,0x00,0x20,0x20,0x04,0x00,0x00,0x00,0x00,0x20,0x2A,0x22,0x02,0x40,
	0x20,0x2F,0xDE,0x83,0xA4,0x28,0x01,0xFF,0xFF,0xA4,0x22,0x04,0x00,0x00,0x00,0x02,0x20,0x00,0x02,0x85,0x22,0x00,0x02,0x25,0x40,0x00,0x2A,0x40,0x05,0xE8,0x00,0x00,
	0x00,0x55,0x7F,0xD0,0x57,0x85,0x7F,0xFF,0xD0,0x00,0x02,0x80,0x00,0x05,0x57,0xA0,0x08,0x00,0x00,0x00,0x40,0x00,0x01,0x00,0x00,0x00,0x00,0x00,0x54,0x00,0x00,0x80,
	0x00,0x1F,0xFF,0x42,0xA8,0x50,0x02,0xBF,0xFD,0x50,0x00,0x09,0x00,0x00,0x00,0x05,0x44,0x00,0x04,0x4A,0x85,0x80,0x00,0x8A,0x80,0x00,0x15,0x00,0x0B,0x54,0x00,0x00,
	0x00,0x8A,0xF7,0xE8,0x8B,0x52,0xF7,0xFF,0xE8,0x00,0x09,0x00,0x00,0x08,0xAF,0xC0,0x00,0x00,0x00,0x00,0x80,0x00,0x08,0x80,0x00,0x00,0x00,0x00,0x28,0x00,0x01,0x08,
	0x00,0x2F,0x7E,0x85,0x50,0x08,0x09,0x6F,0x6A,0x88,0x80,0x04,0x80,0x08,0x00,0x09,0x08,0x00,0x08,0x87,0x02,0x80,0x05,0x09,0x08,0x80,0x14,0x80,0x04,0x80,0x00,0x00,
	0x00,0x15,0xBF,0xF0,0x06,0x85,0xDE,0xFF,0xF8,0x00,0x05,0x40,0x00,0x01,0x5D,0xA0,0x00,0x00,0x00,0x00,0x00,0x00,0x01,0x40,0x00,0x00,0x00,0x00,0x54,0x00,0x00,0x80,
	0x00,0x1E,0xD5,0x02,0xA0,0x00,0x05,0x5A,0xD5,0x00,0x00,0x02,0x00,0x12,0x80,0x02,0x84,0x00,0x10,0x02,0x85,0x80,0x02,0xA4,0x00,0x00,0x2A,0x20,0x00,0x00,0x00,0x00,
	0x00,0x25,0xDF,0xE0,0x03,0x25,0xBB,0xFF,0xF8,0x00,0x02,0x80,0x02,0x14,0x5B,0xC0,0x00,0x00,0x00,0x02,0x40,0x00,0x02,0x20,0x00,0x00,0x00,0x00,0x20,0x00,0x02,0x20,
	0x00,0x2B,0x54,0x22,0xA0,0x22,0x02,0xAB,0x52,0x20,0x22,0x00,0x00,0x5D,0x40,0x00,0x02,0x00,0x22,0x05,0x23,0x00,0x00,0x00,0x00,0x00,0x1A,0x40,0x00,0x00,0x00,0x00,
	0x00,0x0A,0xBF,0xF0,0x0A,0x85,0x56,0xBF,0xFC,0x00,0x01,0x00,0x00,0x02,0x95,0x40,0x00,0x00,0x00,0x00,0x92,0x00,0x00,0x80,0x00,0x00,0x00,0x00,0x50,0x00,0x00,0x80,
	0x00,0x2A,0xA9,0x05,0x50,0x08,0x01,0x2A,0xA8,0x00,0x00,0x00,0x00,0xBE,0x80,0x01,0x00,0x00,0x48,0x02,0x82,0x80,0x00,0x00,0x00,0x00,0x2A,0x80,0x00,0x00,0x00,0x00,
	0x00,0x97,0x77,0xE8,0x05,0x09,0x2B,0x7F,0xF8,0x00,0x00,0x80,0x00,0x09,0x0A,0x80,0x00,0x80,0x89,0x00,0x09,0x00,0x00,0x00,0x00,0x00,0x00,0x00,0x88,0x00,0x01,0x08,
	0x00,0x55,0x50,0x02,0x88,0x00,0x00,0x95,0x04,0x80,0x00,0x00,0x00,0xF7,0x00,0x04,0x00,0x00,0x10,0x0A,0x09,0x00,0x00,0x00,0x00,0x00,0x55,0x08,0x00,0x00,0x00,0x00,
	0x00,0x05,0xBF,0xD0,0x0A,0x02,0x4A,0xFF,0xFE,0x00,0x00,0x00,0x00,0x00,0x15,0x40,0x00,0x12,0x12,0x49,0x02,0x40,0x00,0x40,0x00,0x00,0xA8,0x00,0xA0,0x00,0x00,0x40,
	0x00,0x2A,0xA4,0x01,0x20,0x00,0x00,0x00,0x00,0x00,0x00,0x00,0x01,0x7A,0x80,0x02,0x00,0x00,0x20,0x02,0x82,0x00,0x00,0x00,0x00,0x00,0x2A,0x20,0x00,0x00,0x00,0x00,
	0x02,0x25,0xDF,0xE0,0x14,0x00,0x25,0xDF,0xFD,0x00,0x02,0x00,0x00,0x02,0x24,0xA0,0x00,0x24,0x44,0x22,0x01,0x20,0x01,0x00,0x02,0x01,0x54,0x21,0x50,0x00,0x02,0x20,
	0x00,0x54,0x42,0x02,0x40,0x02,0x00,0x00,0x00,0x00,0x00,0x00,0x02,0xAD,0x40,0x00,0x00,0x00,0x00,0x05,0x01,0x00,0x00,0x00,0x00,0x00,0x3D,0x00,0x00,0x20,0x00,0x00,
	0x00,0x0A,0xBF,0xD0,0x0A,0x00,0x92,0xBF,0xFF,0x00,0x00,0x00,0x00,0x01,0x4B,0x50,0x00,0x09,0x01,0x40,0x00,0x80,0x00,0x00,0x00,0x02,0xE9,0x40,0xA0,0x00,0x00,0x80,
	0x00,0x28,0x94,0x01,0x00,0x00,0x00,0x00,0x00,0x00,0x00,0x00,0x01,0x52,0x00,0x00,0x00,0x00,0x00,0x02,0x00,0x00,0x00,0x00,0x00,0x00,0x2E,0x80,0x00,0x50,0x00,0x00,
	0x00,0x95,0x6F,0xE8,0x05,0x00,0x09,0x6F,0xFF,0x00,0x00,0x80,0x00,0x0A,0xB7,0xE8,0x00,0x00,0x88,0x90,0x00,0x08,0x00,0x80,0x00,0x01,0x60,0x81,0x50,0x08,0x00,0x08,
	0x00,0x00,0x51,0x04,0x88,0x00,0x80,0x00,0x00,0x00,0x00,0x00,0x05,0x08,0x80,0x00,0x80,0x00,0x08,0x09,0x08,0x80,0x00,0x00,0x00,0x00,0x15,0x08,0x01,0x68,0x80,0x00,
	0x00,0x4A,0xDF,0xF0,0x02,0x00,0x02,0x57,0xFF,0x80,0x00,0x00,0x00,0x05,0xDF,0xF0,0x00,0x00,0x00,0x20,0x00,0x00,0x00,0x00,0x00,0x01,0x50,0x00,0xA0,0x50,0x01,0x20,
	0x00,0x00,0x2A,0x01,0x00,0x00,0x00,0x00,0x00,0x00,0x00,0x00,0x02,0xA4,0x00,0x00,0x00,0x00,0x00,0x02,0x55,0x00,0x00,0x00,0x00,0x00,0x2A,0x00,0x00,0xF0,0x00,0x00,
	0x00,0x25,0xBF,0xE0,0x00,0x00,0x24,0x2F,0xFF,0xA0,0x00,0x00,0x02,0x25,0xBF,0xD0,0x00,0x00,0x02,0x40,0x00,0x02,0x00,0x22,0x00,0x02,0xA2,0x02,0x40,0x20,0x00,0x12,
	0x00,0x20,0x04,0x02,0x22,0x00,0x00,0x00,0x24,0x12,0x00,0x00,0x01,0x42,0x00,0x02,0x22,0x22,0x02,0x5D,0xBE,0xA0,0x00,0x54,0x00,0x00,0x1A,0x20,0x02,0xD4,0x00,0x00,
	0x00,0x15,0x6F,0xF0,0x00,0x00,0x09,0x5B,0xFF,0xC0,0x00,0x00,0x00,0x0B,0x57,0xE8,0x00,0x00,0x00,0x84,0x00,0x00,0x00,0x00,0x00,0x01,0x00,0x00,0xA0,0xA0,0x00,0x48,
	0x00,0x00,0x00,0x00,0x00,0x00,0x00,0x01,0x48,0x08,0x00,0x00,0x00,0x00,0x00,0x01,0x55,0x5D,0x02,0xBF,0x7F,0xAA,0x00,0xA9,0x00,0x00,0x24,0x80,0x01,0x68,0x00,0x00,
	0x00,0x8A,0xB7,0xE8,0x00,0x00,0x10,0xAE,0xFF,0x80,0x00,0x00,0x00,0x95,0x57,0xF0,0x00,0x00,0x00,0x09,0x00,0x00,0x00,0x80,0x91,0x08,0x88,0x01,0x40,0x50,0x00,0x90,
	0x00,0x00,0x00,0x00,0x00,0x00,0x00,0x00,0x94,0x90,0x00,0x00,0x00,0x88,0x80,0x0A,0xEF,0x77,0x41,0x6F,0xFF,0x55,0x08,0x55,0x48,0x00,0x15,0x00,0x00,0xF0,0x00,0x00,
	0x00,0x15,0x5F,0xF0,0x00,0x00,0x25,0x5B,0xFF,0xC0,0x00,0x00,0x00,0x0A,0x8A,0xF8,0x00,0x00,0x00,0x82,0x40,0x00,0x00,0x40,0x2A,0x51,0x20,0x00,0x80,0x20,0x00,0x20,
	0x00,0x00,0x00,0x00,0x00,0x00,0x00,0x01,0x65,0x28,0x00,0x00,0x00,0x02,0x00,0x05,0xFA,0xFF,0xA9,0x5F,0xBF,0xAA,0x50,0x0A,0xA0,0x00,0x2A,0x40,0x00,0xD0,0x00,0x00,
	0x00,0x22,0x5F,0xE0,0x00,0x00,0x14,0x2D,0xDF,0xA0,0x00,0x20,0x00,0x20,0x25,0xB4,0x00,0x00,0x02,0x20,0x20,0x00,0x00,0x20,0x04,0x24,0x00,0x02,0x40,0x40,0x00,0x00,
	0x00,0x00,0x00,0x00,0x00,0x00,0x00,0x02,0xA4,0x10,0x00,0x00,0x00,0x00,0x20,0x03,0xDD,0xBF,0xF4,0x2B,0xDD,0xD5,0xA0,0x25,0x42,0x00,0x14,0x20,0x02,0xE2,0x00,0x00,
	0x00,0x14,0xBF,0xD0,0x00,0x00,0x02,0x8B,0xFF,0xC0,0x00,0x00,0x00,0x00,0x00,0xA8,0x00,0x00,0x00,0x00,0x50,0x00,0x00,0x80,0x00,0x00,0x00,0x00,0x80,0x20,0x00,0x08,
	0x00,0x00,0x00,0x00,0x00,0x00,0x00,0x01,0x49,0x00,0x00,0x00,0x54,0x01,0x00,0x05,0x57,0x6F,0xFA,0x17,0x57,0xAD,0x74,0x00,0xA8,0x00,0x08,0x00,0x01,0xE8,0x00,0x00,
	0x00,0x09,0x7F,0xE8,0x00,0x00,0x09,0x07,0x7F,0xE0,0x00,0x00,0x00,0x00,0x08,0x40,0x00,0x00,0x08,0x80,0x88,0x00,0x00,0x00,0x00,0x00,0x80,0x00,0x80,0x88,0x00,0x00,
	0x00,0x00,0x80,0x00,0x00,0x00,0x00,0x02,0xD0,0x08,0x01,0x41,0x78,0x80,0x88,0x8A,0xAF,0x77,0xFE,0x8E,0xAF,0x6A,0xA8,0x01,0x10,0x00,0x00,0x80,0x01,0x50,0x00,0x00,
	0x00,0x02,0xBF,0xD0,0x00,0x00,0x00,0x15,0xFF,0xE0,0x00,0x00,0x00,0x00,0x00,0x00,0x00,0x00,0x00,0x00,0x20,0x00,0x00,0x00,0x00,0x00,0x00,0x00,0x20,0x40,0x00,0x00,
	0x00,0x01,0x40,0x00,0x00,0x00,0x00,0x01,0xA4,0x00,0x02,0xA2,0xFD,0x00,0x02,0x02,0xAA,0xAD,0x7F,0x92,0xAA,0xD6,0xA8,0x00,0x20,0x00,0x0A,0x00,0x02,0xA0,0x00,0x00,
	0x00,0x25,0x7F,0xE0,0x00,0x00,0x02,0x45,0xFF,0xC0,0x00,0x00,0x00,0x00,0x00,0x00,0x00,0x00,0x02,0x00,0x00,0x00,0x00,0x20,0x00,0x00,0x00,0x20,0x40,0x00,0x00,0x20,
	0x00,0x02,0xA2,0x20,0x00,0x00,0x20,0x02,0xA2,0x10,0x21,0xD3,0xDA,0xA0,0x00,0x25,0x55,0x5B,0xBF,0xC1,0x55,0xBD,0x42,0x00,0x02,0x00,0x54,0x20,0x01,0x42,0x00,0x00,
	0x00,0x0A,0xDF,0xF0,0x00,0x00,0x00,0x0A,0xFF,0xE0,0x00,0x00,0x00,0x00,0x05,0x00,0x00,0x00,0x00,0x00,0x00,0x00,0x00,0x00,0x00,0x00,0x00,0x00,0x00,0x00,0x00,0x00,
	0x00,0x01,0x40,0x00,0x00,0x00,0x00,0x01,0x54,0x00,0xA2,0xF5,0x55,0x54,0x00,0x02,0x48,0x95,0x6F,0xD0,0x25,0x55,0x54,0x00,0x00,0x00,0xAA,0x80,0x00,0x80,0x00,0x00,
	0x00,0x05,0x2F,0xE8,0x00,0x00,0x00,0x91,0x7F,0xE0,0x00,0x00,0x00,0x00,0x92,0x80,0x00,0x00,0x00,0x00,0x00,0x00,0x00,0x00,0x00,0x00,0x00,0x00,0x80,0x00,0x00,0x00,
	0x00,0x00,0x88,0x00,0x00,0x00,0x00,0x01,0xA8,0x08,0x51,0x7A,0x8A,0xEA,0x88,0x89,0x00,0x0A,0xB7,0xE8,0x90,0xAA,0xA9,0x00,0x08,0x01,0x50,0x00,0x01,0x08,0x00,0x00,
	0x00,0x11,0x57,0xD0,0x00,0x00,0x00,0x02,0xFF,0xE0,0x00,0x00,0x00,0x00,0x2D,0x40,0x00,0x00,0x00,0x00,0x00,0x00,0x00,0x00,0x00,0x00,0x00,0x00,0x40,0x00,0x00,0x00,
	0x00,0x05,0x20,0x00,0x00,0x00,0x00,0x01,0x50,0x00,0xA5,0xFF,0x4B,0xDF,0x50,0x04,0x49,0x00,0xAF,0xF0,0x02,0x55,0x54,0x00,0x00,0x00,0xA4,0x00,0x01,0x50,0x00,0x00,
	0x00,0x24,0xAF,0xE0,0x00,0x00,0x02,0x21,0xBF,0xC0,0x00,0x00,0x00,0x22,0x5B,0x80,0x00,0x00,0x00,0x00,0x00,0x00,0x00,0x20,0x02,0x22,0x20,0x00,0x20,0x00,0x02,0x20,
	0x00,0x02,0x40,0x00,0x00,0x20,0x00,0x02,0xA2,0x20,0x55,0xFF,0xAF,0xFD,0xFA,0x02,0x2A,0xA2,0x5B,0xD8,0x20,0x24,0x20,0x00,0x00,0x02,0xA2,0x00,0x02,0xA0,0x00,0x00,
	0x00,0x01,0x57,0xD0,0x00,0x00,0x00,0x15,0x7F,0xE0,0x12,0x10,0x00,0x09,0x57,0x40,0x00,0x00,0x00,0x00,0x00,0x00,0x00,0x00,0x04,0x80,0x40,0x00,0x00,0x00,0x29,0x4A,
	0x40,0x02,0x80,0x00,0x00,0x00,0x00,0x01,0xC0,0x10,0x2F,0xFF,0xD7,0xEB,0xFD,0x05,0xBF,0xE1,0x26,0xF4,0x04,0x8A,0x80,0x00,0x00,0x0B,0x59,0x20,0x00,0xD0,0x00,0x00,
	0x00,0x09,0x17,0xE0,0x00,0x00,0x00,0x8A,0xFF,0xD0,0x49,0x48,0x00,0x05,0x7F,0x40,0x08,0x88,0x00,0x00,0x00,0x00,0x00,0x00,0x12,0x08,0x80,0x00,0x00,0x00,0x94,0x91,
	0x10,0x05,0x00,0x00,0x00,0x00,0x00,0x01,0x50,0x08,0xB7,0xFF,0xFF,0x56,0xF6,0x8A,0xFF,0x68,0x95,0x78,0x90,0x50,0x50,0x80,0x00,0x07,0xA8,0x88,0x81,0x68,0x00,0x00,
	0x00,0x04,0xAB,0xD0,0x00,0x00,0x00,0x05,0x5F,0xE0,0x24,0x90,0x00,0x0A,0xDF,0x80,0x05,0x54,0x00,0x00,0x00,0x00,0x00,0x00,0x14,0x00,0x40,0x00,0x00,0x00,0x21,0x24,
	0x20,0x00,0x00,0x00,0x00,0x00,0x00,0x02,0xA0,0x14,0x2F,0xFF,0xFA,0x85,0xDF,0x57,0xFF,0xFA,0x4A,0xEA,0x01,0x25,0x08,0x00,0x00,0x05,0x54,0x00,0x00,0xA0,0x00,0x00,
	0x00,0x22,0x45,0xE0,0x00,0x00,0x00,0x22,0xBF,0xC0,0x02,0x42,0x00,0x25,0xFD,0xA0,0x25,0xBB,0x00,0x00,0x00,0x00,0x20,0x00,0x5A,0x00,0x00,0x00,0x00,0x00,0x02,0x02,
	0x00,0x02,0x00,0x00,0x00,0x00,0x00,0x01,0x42,0x0A,0xBB,0xDF,0xFC,0x2B,0xFF,0xA5,0xDE,0xDD,0x25,0x5C,0x20,0x12,0x22,0x00,0x00,0x02,0x20,0x00,0x01,0xD0,0x00,0x02,
	0x00,0x00,0xAB,0xA0,0x00,0x00,0x00,0x05,0x6F,0xE0,0x00,0x00,0x00,0x09,0x57,0xC0,0x0B,0x6E,0xA0,0x00,0x00,0x00,0x00,0x00,0x28,0x00,0x00,0x00,0x00,0x00,0x00,0x00,
	0x10,0x09,0x00,0x00,0x01,0x00,0x00,0x00,0x80,0x15,0xA4,0x2A,0xBA,0x1F,0xFF,0x52,0xBF,0xFA,0x80,0xD5,0x00,0x04,0x08,0x00,0x00,0x00,0x00,0x00,0x00,0xA0,0x00,0x00,
	0x00,0x88,0x57,0xE0,0x00,0x00,0x00,0x09,0x7F,0xE0,0x00,0x00,0x00,0x05,0x6F,0x40,0x12,0xB7,0x68,0x00,0x00,0x00,0x80,0x00,0xA0,0x00,0x00,0x00,0x00,0x00,0x88,0x88,
	0x08,0x56,0x91,0x51,0x55,0x08,0x88,0x01,0x08,0x0A,0xD0,0x85,0x7D,0x77,0xF6,0xD1,0x6F,0xEE,0x89,0x2A,0x00,0x08,0x80,0x80,0x00,0x00,0x00,0x00,0x00,0xA8,0x00,0x01,
	0x00,0x00,0xAB,0xD0,0x00,0x00,0x00,0x05,0x5F,0xE0,0x00,0x00,0x00,0x12,0xD7,0x80,0x04,0xAD,0xF4,0x00,0x00,0x00,0x00,0x00,0x50,0x00,0x00,0x00,0x00,0x00,0x40,0x00,
	0x00,0x15,0x4A,0x4A,0xAA,0x41,0x00,0x00,0x40,0x15,0x40,0x00,0xBE,0xBE,0xFB,0x69,0x5F,0x55,0x40,0x54,0x80,0x12,0x00,0x00,0x00,0x00,0x00,0x00,0x01,0x40,0x00,0x00,
	0x00,0x22,0x5F,0xE0,0x00,0x00,0x00,0x22,0xBF,0xC0,0x00,0x00,0x00,0x04,0x5F,0xA0,0x21,0x56,0xFA,0x00,0x00,0x00,0x20,0x00,0x20,0x00,0x00,0x00,0x00,0x00,0x20,0x00,
	0x00,0x5A,0x24,0x24,0x44,0x22,0x20,0x01,0x20,0x02,0x00,0x00,0x5D,0xFD,0xBD,0xD4,0x55,0xA5,0x22,0x2A,0x00,0x24,0x22,0x00,0x00,0x00,0x20,0x00,0x00,0xA0,0x00,0x02,
	0x00,0x00,0xB7,0xD0,0x00,0x00,0x00,0x05,0x5F,0xA0,0x00,0x00,0x00,0x02,0xAF,0x40,0x00,0x05,0xFD,0x00,0x00,0x00,0x00,0x00,0x40,0x00,0x00,0x00,0x00,0x00,0x00,0x00,
	0x00,0x14,0x88,0x90,0x90,0x00,0x00,0x00,0x40,0x09,0x00,0x00,0x17,0xF5,0x7F,0x68,0x25,0x12,0x80,0x95,0x00,0x00,0x00,0x00,0x00,0x01,0x54,0x00,0x01,0x50,0x00,0x00,
	0x00,0x89,0x5F,0xE8,0x00,0x00,0x00,0x09,0x6F,0x40,0x00,0x00,0x00,0x09,0x77,0x80,0x00,0x0A,0xBE,0x80,0x00,0x00,0x00,0x00,0x80,0x00,0x00,0x00,0x00,0x00,0x00,0x00,
	0x00,0x48,0x10,0x09,0x08,0x80,0x00,0x01,0x41,0x04,0x00,0x00,0x0B,0x6A,0xFE,0xF0,0x08,0x88,0x09,0x0A,0x80,0x08,0x88,0x00,0x00,0x11,0xF4,0x80,0x00,0xA8,0x00,0x00,
	0x00,0x02,0xAB,0xD0,0x00,0x00,0x00,0x05,0x5F,0xA0,0x00,0x00,0x00,0x02,0xAF,0x40,0x00,0x01,0x7F,0x40,0x00,0x00,0x08,0x00,0x00,0x00,0x00,0x00,0x00,0x00,0x00,0x00,
	0x00,0x20,0x04,0x00,0x40,0x00,0x00,0x00,0xA2,0x48,0x00,0x00,0x0A,0xDA,0xBF,0x54,0x00,0x00,0x04,0x95,0x40,0x00,0x00,0x00,0x00,0x56,0xFA,0x50,0x01,0x50,0x00,0x00,
	0x00,0x25,0x55,0xA0,0x00,0x00,0x00,0x12,0xBD,0xC0,0x00,0x00,0x00,0x01,0x5D,0xA0,0x00,0x00,0x2B,0xA0,0x02,0xA2,0x55,0x00,0x20,0x00,0x00,0x02,0x22,0x20,0x20,0x00,
	0x00,0x00,0x20,0x00,0x00,0x00,0x00,0x02,0x81,0x54,0x00,0x02,0x05,0xB5,0x5D,0xAA,0x02,0x02,0x22,0x25,0xA0,0x22,0x20,0x00,0x00,0x3D,0xBD,0x40,0x01,0xA0,0x00,0x00,
	0x00,0x02,0xAA,0xA0,0x00,0x00,0x00,0x05,0x6F,0xE0,0x00,0x00,0x00,0x02,0x57,0x40,0x00,0x00,0x15,0x40,0x01,0x68,0xAA,0x80,0x00,0x00,0x00,0x01,0x49,0x40,0x80,0x00,
	0x00,0x00,0x00,0x00,0x00,0x00,0x00,0x01,0x40,0xA8,0x00,0x04,0x02,0xD4,0xBF,0x54,0x00,0x00,0x00,0x15,0x40,0x00,0x00,0x00,0x00,0x2A,0xAA,0xA8,0x00,0x50,0x00,0x00,
	0x00,0x09,0x57,0x50,0x00,0x00,0x00,0x08,0xB7,0xD0,0x00,0x00,0x00,0x00,0xAF,0x80,0x00,0x00,0x09,0x50,0x80,0xA9,0x76,0x00,0x80,0x00,0x00,0x80,0x80,0x88,0x08,0x00,
	0x00,0x00,0x00,0x00,0x00,0x00,0x00,0x00,0x80,0x90,0x00,0x00,0x01,0x68,0x5E,0xE8,0x00,0x08,0x80,0x8A,0x80,0x00,0x80,0x00,0x00,0x17,0x55,0x10,0x01,0x68,0x00,0x00,
	0x00,0x04,0x2A,0xA0,0x00,0x00,0x00,0x01,0x5F,0xA0,0x00,0x00,0x00,0x00,0x5F,0xC0,0x00,0x00,0x02,0xE1,0x20,0x50,0x95,0x00,0x00,0x00,0x00,0x00,0x00,0x00,0x00,0x00,
	0x00,0x00,0x00,0x00,0x00,0x00,0x00,0x01,0x00,0x20,0x00,0x02,0x02,0xD4,0xBF,0x55,0x00,0x00,0x00,0x01,0x40,0x00,0x00,0x00,0x02,0x4A,0xAA,0x00,0x00,0xA0,0x00,0x00,
	0x00,0x22,0x45,0x40,0x00,0x00,0x00,0x02,0xBD,0xC0,0x00,0x00,0x00,0x02,0x2D,0xA0,0x00,0x00,0x24,0xB2,0x40,0x22,0x42,0x02,0x00,0x02,0x24,0x20,0x00,0x00,0x00,0x00,
	0x10,0x22,0x00,0x02,0x00,0x00,0x20,0x00,0x40,0x50,0x00,0x04,0x01,0xAA,0xAD,0xAA,0x02,0x22,0x02,0x02,0x20,0x00,0x00,0x00,0x05,0x54,0xB5,0x20,0x01,0x50,0x00,0x00,
	0x00,0x00,0x12,0x80,0x00,0x00,0x00,0x01,0x56,0xA0,0x00,0x00,0x00,0x00,0x57,0x40,0x00,0x00,0x09,0x68,0x50,0x00,0x04,0x80,0x00,0x09,0x4A,0x00,0x00,0x00,0x00,0x00,
	0x0A,0x14,0x12,0x00,0x00,0x00,0x00,0x00,0x80,0x20,0x00,0x00,0x00,0x75,0x57,0xD5,0x01,0x48,0x00,0x00,0x80,0x00,0x00,0x00,0x0A,0xA9,0x54,0x80,0x00,0xA0,0x00,0x00,
	0x00,0x00,0x89,0x50,0x00,0x00,0x00,0x08,0xAF,0x40,0x00,0x00,0x00,0x00,0x1F,0x40,0x00,0x00,0x00,0xB0,0x90,0x08,0x09,0x00,0x80,0x04,0x90,0x80,0x00,0x00,0x00,0x00,
	0x11,0x0A,0x88,0x88,0x88,0x80,0x88,0x01,0x08,0x90,0x00,0x08,0x00,0xAA,0xAF,0x68,0x80,0x80,0x00,0x00,0x00,0x00,0x00,0x00,0x15,0x70,0x90,0x00,0x00,0xD0,0x00,0x00,
	0x00,0x01,0x57,0xAA,0x00,0x00,0x00,0x02,0x56,0xA0,0x00,0x00,0x00,0x00,0x2B,0xC0,0x00,0x00,0x00,0x54,0x20,0x00,0x02,0x00,0x00,0x11,0x40,0x00,0x00,0x00,0x00,0x00,
	0x0A,0x55,0x05,0x04,0x02,0x00,0x00,0x00,0x00,0x20,0x00,0x04,0x00,0x55,0x15,0x52,0x00,0x00,0x00,0x00,0x00,0x00,0x00,0x00,0x02,0xEA,0x4A,0x00,0x00,0xA0,0x00,0x00,
	0x00,0x25,0xBF,0xFD,0x00,0x00,0x00,0x21,0x5D,0x80,0x02,0x54,0x00,0x00,0x15,0xA0,0x02,0x00,0x02,0x50,0x00,0x20,0x20,0x00,0x20,0x22,0x22,0x00,0x00,0x00,0x00,0x02,
	0x25,0x25,0x24,0x10,0x24,0x00,0x00,0x00,0x22,0x40,0x20,0x00,0x00,0x2A,0x2A,0xA4,0x00,0x20,0x00,0x00,0x20,0x00,0x00,0x00,0x21,0xBD,0x20,0x00,0x01,0xD2,0x00,0x00,
	0x00,0x09,0x7F,0xF6,0xA8,0x00,0x00,0x00,0x57,0xA0,0x00,0x28,0x00,0x00,0x2B,0x40,0x05,0x00,0x00,0x54,0x00,0x00,0x00,0x00,0x00,0x40,0x00,0x00,0x00,0x00,0x00,0x05,
	0x51,0x42,0x85,0x00,0x08,0x00,0x00,0x00,0x00,0x00,0x10,0x08,0x00,0x14,0x15,0x4A,0x80,0x00,0x00,0x00,0x00,0x00,0x00,0x00,0x00,0xAA,0x80,0x00,0x00,0x68,0x00,0x00,
	0x00,0x85,0x6F,0x7F,0x10,0x00,0x00,0x89,0x5B,0x50,0x00,0x95,0x00,0x00,0x96,0x80,0x0A,0x80,0x00,0xA8,0x08,0x08,0x80,0x00,0x00,0x00,0x00,0x00,0x00,0x00,0x00,0x16,
	0xA8,0x89,0x0A,0x80,0x84,0x00,0x00,0x00,0x80,0x80,0x08,0x00,0x00,0x08,0x08,0x95,0x00,0x00,0x00,0x00,0x00,0x00,0x00,0x01,0x40,0x56,0x80,0x80,0x01,0x50,0x00,0x00,
	0x00,0x09,0x5D,0xFA,0x84,0x00,0x00,0x20,0x57,0xA0,0x00,0x0A,0x00,0x00,0x25,0x40,0x05,0x40,0x00,0x5C,0x00,0x00,0x00,0x00,0x00,0x00,0x00,0x00,0x00,0x00,0x00,0x0B,
	0xD2,0xA0,0x45,0x00,0x08,0x00,0x00,0x00,0x01,0x00,0x10,0x08,0x00,0x02,0x12,0x42,0x00,0x00,0x00,0x00,0x00,0x00,0x00,0x0A,0xD0,0x25,0x00,0x00,0x00,0xA0,0x00,0x00,
	0x00,0x25,0x2B,0xDD,0x22,0x00,0x00,0x02,0x2B,0xC0,0x00,0x25,0x00,0x00,0x2B,0x80,0x02,0xA0,0x00,0x3A,0x00,0x00,0x00,0x00,0x00,0x00,0x00,0x00,0x01,0x55,0x22,0x25,
	0xE1,0x42,0xA2,0x00,0x22,0x00,0x00,0x00,0x02,0x00,0x20,0x02,0x00,0x24,0x20,0x14,0x20,0x00,0x00,0x00,0x00,0x00,0x00,0x2B,0xA2,0x02,0x40,0x00,0x00,0x40,0x00,0x00,
	0x00,0x02,0x95,0x7A,0x94,0x00,0x00,0x00,0x96,0xA0,0x00,0x0A,0x80,0x00,0x55,0x40,0x01,0x20,0x00,0x54,0x00,0x00,0x00,0x00,0x00,0x00,0x00,0x00,0x02,0xAD,0x55,0x02,
	0xA8,0x50,0x44,0x00,0x08,0x00,0x00,0x00,0x00,0x80,0x08,0x08,0x00,0x08,0x00,0x08,0x80,0x00,0x00,0x00,0x00,0x00,0x00,0x56,0xF4,0x04,0x80,0x00,0x00,0x90,0x00,0x00,
	0x00,0x09,0x0A,0xEF,0x08,0x00,0x00,0x08,0x17,0x40,0x00,0x01,0x00,0x00,0x8A,0x80,0x04,0xA8,0x00,0x14,0x00,0x00,0x00,0x00,0x00,0x00,0x00,0x00,0x0B,0xFE,0xD5,0x49,
	0x50,0x80,0x89,0x00,0x00,0x00,0x00,0x00,0x05,0x00,0x04,0x00,0x00,0x90,0x80,0x81,0x00,0x00,0x00,0x00,0x00,0x00,0x01,0x7F,0x68,0x09,0x00,0x00,0x00,0x48,0x00,0x00,
	0x00,0x04,0x55,0x56,0x94,0x00,0x00,0x00,0xAA,0xA0,0x00,0x04,0xA0,0x00,0x24,0x80,0x01,0x50,0x00,0x08,0x00,0x00,0x00,0x00,0x80,0x00,0x00,0x00,0x17,0xFF,0x55,0x50,
	0x20,0x20,0x42,0x00,0x00,0x00,0x00,0x00,0x02,0x80,0x08,0x80,0x00,0x05,0x00,0x00,0x40,0x00,0x00,0x00,0x00,0x00,0x02,0xB4,0xAA,0x00,0x00,0x00,0x00,0x20,0x00,0x00,
	0x00,0x22,0x2B,0xBB,0x42,0x00,0x00,0x02,0x5D,0x80,0x00,0x01,0x40,0x00,0x02,0x20,0x02,0x44,0x00,0x24,0x00,0x00,0x02,0x22,0x20,0x00,0x00,0x00,0x5D,0xDD,0x4A,0xA0,
	0x50,0x40,0x20,0x00,0x02,0x02,0x00,0x00,0x02,0x00,0x05,0x50,0x02,0x22,0x02,0x42,0x20,0x00,0x00,0x00,0x00,0x00,0x05,0xD2,0x14,0x02,0x00,0x00,0x00,0x00,0x00,0x00,
	0x00,0x00,0x15,0x55,0x08,0x00,0x00,0x00,0x96,0xA0,0x00,0x00,0xA0,0x00,0x04,0x80,0x00,0x28,0x00,0x08,0x00,0x00,0x00,0x00,0x00,0x00,0x00,0x00,0xB7,0x7A,0xAA,0xA8,
	0x28,0x10,0x02,0x00,0x08,0x00,0x00,0x00,0x01,0x00,0x0B,0xE8,0x00,0x95,0x04,0xA9,0x40,0x00,0x00,0x00,0x00,0x00,0x17,0x68,0x00,0x00,0x00,0x00,0x00,0x40,0x00,0x00,
	0x00,0x08,0x88,0x88,0x80,0x00,0x00,0x08,0x57,0x40,0x00,0x00,0x40,0x00,0x91,0x00,0x00,0x94,0x00,0x00,0x00,0x00,0x00,0x00,0x80,0x10,0x80,0x00,0xFA,0xED,0x55,0x50,
	0x90,0x80,0x00,0x80,0x00,0x08,0x00,0x00,0x00,0x80,0x17,0x74,0x00,0x0A,0x89,0x04,0x88,0x00,0x00,0x00,0x00,0x00,0x0F,0xA8,0x88,0x00,0x80,0x00,0x00,0x88,0x00,0x00,
	0x00,0x00,0x00,0x00,0x00,0x00,0x00,0x00,0xAA,0xA0,0x00,0x00,0x20,0x00,0x02,0x00,0x00,0x08,0x00,0x00,0x00,0x00,0x00,0x00,0x00,0x00,0x00,0x02,0xAD,0x5A,0x2A,0x28,
	0x20,0x00,0x00,0x00,0x00,0x00,0x00,0x00,0x01,0x00,0x2F,0xF4,0x05,0x05,0x02,0x52,0x00,0x00,0x00,0x00,0x00,0x00,0x1B,0x52,0x00,0x00,0x00,0x00,0x00,0x20,0x00,0x00,
	0x00,0x00,0x00,0x00,0x00,0x00,0x00,0x02,0x5D,0x40,0x00,0x00,0x40,0x00,0x20,0x00,0x00,0x24,0x00,0x20,0x00,0x00,0x00,0x00,0x00,0x00,0x00,0x01,0xDB,0xA4,0x40,0x00,
	0x00,0x20,0x01,0x00,0x02,0x00,0x00,0x00,0x02,0x00,0x5D,0xBA,0x02,0x02,0x81,0x24,0x20,0x00,0x20,0x00,0x00,0x00,0x2D,0x54,0x20,0x00,0x00,0x00,0x00,0x42,0x00,0x00,
	0x00,0x00,0x00,0x00,0x00,0x00,0x00,0x00,0xB6,0x80,0x00,0x00,0x20,0x00,0x00,0x00,0x00,0x00,0x00,0x00,0x00,0x00,0x00,0x00,0x00,0x00,0x00,0x02,0xB6,0xA8,0x00,0x00,
	0x00,0x00,0x00,0x00,0x00,0x00,0x00,0x00,0x01,0x00,0x3F,0x54,0x04,0x02,0x80,0x80,0x00,0x01,0x4A,0x90,0x00,0x00,0xBA,0xA8,0x00,0x00,0x00,0x00,0x01,0x20,0x00,0x00,
	0x00,0x00,0x00,0x00,0x00,0x00,0x00,0x00,0x5B,0x40,0x00,0x00,0x90,0x00,0x89,0x55,0x00,0x08,0x00,0x08,0x00,0x00,0x00,0x00,0x00,0x00,0x00,0x0B,0x6D,0x50,0x88,0x00,
	0x08,0x08,0x00,0x00,0x08,0x00,0x00,0x00,0x04,0x80,0xBA,0xA8,0x08,0x01,0x00,0x08,0x00,0x0A,0xF5,0x54,0x80,0x00,0x75,0x10,0x00,0x00,0x00,0x00,0x00,0x90,0x00,0x00,
	0x00,0x00,0x00,0x00,0x00,0x00,0x00,0x00,0x16,0x80,0x00,0x00,0x20,0x00,0x52,0xAD,0x00,0x04,0x00,0x00,0x00,0x00,0x00,0x00,0x00,0x00,0x00,0x16,0xAA,0x80,0x00,0x00,
	0x00,0x00,0x00,0x00,0x00,0x00,0x00,0x00,0x02,0x00,0x55,0x2A,0x00,0x02,0x40,0x00,0x00,0x07,0xFA,0xAA,0x00,0x00,0xAA,0x40,0x00,0x00,0x00,0x00,0x00,0x40,0x00,0x00,
	0x00,0x02,0x02,0x40,0x00,0x00,0x00,0x02,0x25,0x40,0x00,0x00,0x40,0x22,0x25,0x5A,0x00,0x02,0x00,0x20,0x00,0x00,0x00,0x00,0x00,0x00,0x00,0x2B,0xB4,0x20,0x00,0x00,
	0x20,0x00,0x00,0x00,0x00,0x00,0x00,0x00,0x01,0x02,0xBA,0x54,0x00,0x01,0x02,0x00,0x00,0x05,0xBD,0x54,0x20,0x01,0x54,0x22,0x00,0x00,0x00,0x00,0x00,0x22,0x00,0x00,
	0x00,0x00,0x24,0xA0,0x00,0x00,0x00,0x00,0x08,0x80,0x00,0x00,0x10,0x00,0x92,0x55,0x00,0x04,0x00,0x00,0x01,0x40,0x00,0x00,0x00,0x00,0x00,0x16,0xA9,0x00,0x00,0x00,
	0x00,0x00,0x00,0x00,0x00,0x00,0x00,0x00,0x04,0x01,0xEA,0xA8,0x00,0x04,0x80,0x00,0x00,0x0A,0xAA,0xAA,0x80,0x00,0xA8,0x00,0x00,0x00,0x00,0x00,0x00,0x80,0x00,0x00,
	0x00,0x08,0x8A,0x80,0x00,0x00,0x00,0x08,0x85,0x00,0x00,0x00,0x88,0x00,0x01,0x08,0x80,0x08,0x00,0x08,0x8A,0xA8,0x00,0x88,0x88,0x88,0x00,0x15,0x54,0x80,0x00,0x00,
	0x00,0x00,0x00,0x00,0x00,0x00,0x00,0x00,0x08,0x87,0x75,0x50,0x00,0x01,0x00,0x00,0x00,0x05,0x50,0x50,0x08,0x01,0x50,0x80,0x00,0x00,0x00,0x00,0x00,0x88,0x00,0x00,
	0x00,0x01,0x15,0x40,0x00,0x00,0x00,0x00,0x12,0x00,0x00,0x00,0x20,0x00,0x00,0x22,0x00,0x02,0x00,0x00,0x25,0x6A,0x80,0x25,0x52,0xAA,0x80,0x2D,0x52,0x00,0x00,0x00,
	0x00,0x00,0x00,0x04,0x88,0x00,0x94,0x80,0x02,0x02,0x8A,0x20,0x00,0x00,0x40,0x00,0x00,0x05,0x24,0x04,0x00,0x05,0x54,0x00,0x00,0x00,0x00,0x00,0x01,0x20,0x00,0x00,
	0x00,0x02,0x2B,0xA0,0x00,0x00,0x00,0x00,0x24,0x20,0x00,0x00,0x10,0x00,0x00,0x00,0x00,0x00,0x00,0x10,0x02,0xAB,0x42,0x12,0x45,0x55,0x40,0x56,0xA0,0x00,0x00,0x00,
	0x00,0x00,0x00,0x22,0x55,0x03,0x55,0x54,0x04,0x05,0x44,0x12,0x00,0x02,0x20,0x00,0x00,0x02,0x00,0x20,0x00,0x02,0xA0,0x00,0x00,0x00,0x00,0x00,0x00,0x40,0x00,0x00,
	0x00,0x00,0x15,0x40,0x00,0x00,0x00,0x00,0x00,0x00,0x00,0x00,0x40,0x00,0x00,0x00,0x00,0x02,0x00,0x00,0x00,0x56,0xC0,0x24,0xAA,0xAA,0x80,0x55,0x48,0x00,0x00,0x00,
	0x00,0x00,0x00,0x55,0x2A,0x02,0xAA,0xA0,0x00,0x00,0x92,0x48,0x00,0x01,0x40,0x00,0x00,0x00,0x00,0x00,0x00,0x02,0xA8,0x00,0x00,0x00,0x00,0x00,0x00,0x80,0x00,0x00,
	0x00,0x88,0x8A,0xA0,0x00,0x00,0x08,0x89,0x15,0x00,0x00,0x00,0x08,0x00,0x00,0x00,0x00,0x08,0x00,0x08,0x00,0x83,0x48,0x89,0x01,0x10,0x00,0xAA,0x90,0x00,0x00,0x00,
	0x00,0x00,0x00,0x88,0x90,0x89,0x55,0x08,0x88,0x09,0x08,0x80,0x00,0x00,0x80,0x00,0x00,0x00,0x00,0x00,0x00,0x01,0x50,0x00,0x00,0x00,0x00,0x00,0x00,0x48,0x00,0x00,
	0x00,0x00,0x05,0x40,0x00,0x00,0x01,0x54,0xAA,0xA8,0x00,0x00,0x20,0x00,0x00,0x00,0x00,0x00,0x00,0x00,0x00,0x00,0xA0,0x00,0x00,0x44,0x00,0x55,0x20,0x00,0x00,0x80,
	0x00,0x00,0x00,0x20,0x42,0x02,0x02,0x40,0x00,0x05,0x40,0x00,0x00,0x00,0x00,0x00,0x00,0x00,0x00,0x00,0x00,0x02,0xA0,0x00,0x00,0x00,0x00,0x00,0x00,0x20,0x00,0x00,
	0x00,0x02,0x22,0x40,0x00,0x00,0x22,0x22,0x5D,0xBA,0x00,0x00,0x00,0x20,0x00,0x00,0x00,0x02,0x00,0x00,0x00,0x02,0x40,0x02,0x02,0x20,0x00,0x2A,0x40,0x00,0x02,0x40,
	0x00,0x00,0x00,0x02,0x20,0x00,0x00,0x00,0x02,0x02,0xA2,0x20,0x02,0x02,0x40,0x00,0x00,0x00,0x00,0x00,0x00,0x02,0x40,0x00,0x00,0x00,0x00,0x00,0x00,0x00,0x00,0x00,
	0x00,0x00,0x94,0xA0,0x00,0x00,0x00,0x48,0xAB,0x6C,0x00,0x00,0x10,0x00,0x20,0x00,0x00,0x00,0x00,0x00,0x00,0x00,0x20,0x00,0x00,0x00,0x00,0x55,0x00,0x00,0x05,0x00,
	0x00,0x00,0x00,0x40,0x80,0x00,0x00,0x00,0x00,0x05,0x48,0x00,0x00,0x00,0x80,0x00,0x00,0x00,0x00,0x00,0x00,0x02,0xA0,0x00,0x00,0x00,0x00,0x00,0x00,0x00,0x00,0x00,
	0x00,0x08,0x49,0x08,0x00,0x00,0x00,0x80,0x45,0x74,0x00,0x00,0x40,0x09,0x10,0x00,0x00,0x08,0x00,0x00,0x00,0x00,0x88,0x00,0x00,0x80,0x00,0x08,0x80,0x00,0x00,0x88,
	0x00,0x00,0x80,0x08,0x08,0x00,0x00,0x00,0x08,0x0A,0x90,0x00,0x00,0x89,0x00,0x00,0x00,0x00,0x00,0x00,0x00,0x05,0x48,0x00,0x00,0x00,0x00,0x00,0x00,0x08,0x00,0x00,
	0x00,0x00,0x12,0xA0,0x00,0x00,0x00,0x00,0x02,0xAA,0x00,0x00,0x20,0x00,0x24,0x01,0x50,0x00,0x28,0x88,0x00,0x00,0x10,0x00,0x00,0x00,0x00,0x25,0x00,0x00,0x02,0x00,
	0x00,0x00,0x00,0x00,0x04,0x00,0x00,0x00,0x00,0x00,0xA0,0x00,0x00,0x20,0xA0,0x00,0x00,0x00,0x00,0x00,0x00,0x01,0x20,0x00,0x00,0x00,0x00,0x00,0x00,0x20,0x00,0x00,
	0x00,0x20,0x24,0x40,0x00,0x00,0x00,0x22,0x21,0xD4,0x00,0x00,0x00,0x02,0x02,0x02,0x20,0x02,0x55,0x5A,0x20,0x00,0x20,0x00,0x00,0x00,0x00,0x12,0x40,0x00,0x00,0x02,
	0x00,0x02,0x00,0x22,0x02,0x00,0x00,0x00,0x02,0x02,0x42,0x00,0x00,0x02,0x40,0x00,0x00,0x00,0x00,0x02,0x42,0x04,0x00,0x00,0x02,0x20,0x00,0x00,0x00,0x02,0x00,0x00,
	0x00,0x00,0x4A,0x80,0x00,0x00,0x00,0x00,0x01,0x6A,0x00,0x00,0x10,0x00,0x04,0x01,0x48,0x00,0xAA,0xAF,0xD0,0x00,0x48,0x00,0x00,0x00,0x00,0x48,0x80,0x00,0x00,0x00,
	0x00,0x00,0x00,0x00,0x00,0x00,0x00,0x00,0x00,0x01,0x08,0x00,0x00,0x00,0x00,0x00,0x00,0x00,0x00,0x0A,0xA9,0x01,0x00,0x00,0x04,0x90,0x00,0x00,0x00,0x00,0x00,0x00,
	0x00,0x00,0x91,0x00,0x00,0x00,0x00,0x08,0x91,0x54,0x00,0x00,0x00,0x00,0x09,0x00,0x90,0x00,0x11,0x57,0x68,0x00,0x10,0x00,0x00,0x00,0x00,0x11,0x00,0x00,0x00,0x80,
	0x00,0x00,0x00,0x00,0x00,0x00,0x00,0x00,0x08,0x00,0x80,0x00,0x00,0x00,0x88,0x00,0x00,0x00,0x00,0x15,0x50,0x84,0x80,0x00,0x0A,0x88,0x00,0x00,0x00,0x08,0x00,0x00,
	0x00,0x00,0x4A,0xA0,0x00,0x00,0x00,0x00,0x24,0xA8,0x00,0x00,0x00,0x00,0x02,0x00,0x00,0x00,0x04,0xAD,0xFD,0x00,0x00,0x00,0x00,0x00,0x00,0x02,0x40,0x00,0x00,0x00,
	0x00,0x00,0x00,0x00,0x00,0x00,0x00,0x00,0x00,0x00,0x00,0x00,0x00,0x00,0x00,0x00,0x00,0x00,0x00,0x22,0xA0,0x00,0x00,0x00,0x05,0x40,0x00,0x00,0x00,0x00,0x00,0x00,
	0x00,0x02,0x25,0x50,0x00,0x00,0x00,0x00,0x00,0x02,0x00,0x00,0x20,0x00,0x20,0x02,0x20,0x00,0x20,0x15,0xBE,0x00,0x00,0x00,0x00,0x00,0x00,0x24,0x20,0x00,0x00,0x00,
	0x00,0x00,0x00,0x00,0x00,0x00,0x00,0x00,0x02,0x00,0x00,0x00,0x00,0x00,0x20,0x00,0x00,0x00,0x00,0x40,0x00,0x02,0x20,0x00,0x12,0x00,0x00,0x00,0x00,0x00,0x00,0x00,
	0x00,0x00,0x8A,0xA0,0x00,0x00,0x00,0x00,0x00,0x00,0x00,0x00,0x00,0x00,0x00,0x00,0x00,0x00,0x00,0x49,0x76,0x80,0x00,0x00,0x00,0x00,0x00,0x49,0x00,0x00,0x00,0x00,
	0x00,0x00,0x00,0x00,0x00,0x00,0x00,0x00,0x00,0x00,0x00,0x00,0x00,0x00,0x00,0x00,0x00,0x00,0x00,0x80,0x00,0x00,0x80,0x00,0x04,0x00,0x00,0x00,0x00,0x00,0x00,0x00,
	0x00,0x00,0x11,0x50,0x00,0x00,0x00,0x00,0x00,0x00,0x00,0x00,0x00,0x00,0x08,0x80,0x80,0x00,0x00,0x04,0xAF,0x00,0x08,0x00,0x00,0x00,0x00,0x10,0x80,0x00,0x00,0x00,
	0x00,0x00,0x00,0x00,0x00,0x00,0x00,0x00,0x00,0x80,0x00,0x00,0x00,0x00,0x08,0x08,0x00,0x00,0x01,0x00,0x00,0x00,0x08,0x00,0x08,0x00,0x00,0x00,0x00,0x80,0x00,0x00,
	0x00,0x02,0x4A,0x20,0x00,0x00,0x00,0x00,0x00,0x00,0x00,0x00,0x00,0x00,0x02,0x00,0x00,0x00,0x00,0x11,0x55,0x40,0x00,0x00,0x00,0x00,0x00,0x02,0x00,0x00,0x00,0x00,
	0x00,0x00,0x15,0x08,0x00,0x00,0x00,0x00,0x00,0x00,0x00,0x00,0x00,0x00,0x00,0x00,0x00,0x00,0x02,0x80,0x00,0x02,0x40,0x00,0x00,0x00,0x00,0x00,0x0A,0x00,0x00,0x00,
	0x00,0x00,0x24,0x40,0x00,0x00,0x00,0x00,0x00,0x00,0x00,0x00,0x20,0x00,0x01,0x00,0x00,0x00,0x00,0x02,0x42,0xA0,0x00,0x00,0x00,0x00,0x00,0x24,0x20,0x00,0x00,0x00,
	0x02,0x25,0x4A,0x54,0x00,0x00,0x00,0x00,0x02,0x00,0x00,0x00,0x00,0x00,0x00,0x00,0x00,0x00,0x04,0x20,0x00,0x01,0x00,0x00,0x00,0x00,0x00,0x00,0x24,0x20,0x00,0x00,
	0x00,0x01,0x2A,0x80,0x00,0x00,0x00,0x00,0x00,0x00,0x00,0x00,0x00,0x00,0x04,0x00,0x00,0x00,0x00,0x00,0x25,0x50,0x00,0x00,0x00,0x00,0x00,0x10,0x00,0x00,0x00,0x00,
	0x00,0x08,0x91,0x08,0x00,0x00,0x00,0x00,0x00,0x00,0x00,0x00,0x00,0x00,0x00,0x00,0x00,0x00,0x09,0x00,0x00,0x00,0x80,0x00,0x00,0x00,0x00,0x00,0x4A,0x80,0x00,0x00,
	0x00,0x08,0x95,0x00,0x00,0x00,0x00,0x00,0x00,0x80,0x00,0x00,0x08,0x00,0x00,0x80,0x00,0x00,0x00,0x00,0x89,0x68,0x00,0x00,0x00,0x00,0x00,0x08,0x00,0x00,0x00,0x00,
	0x08,0x00,0x08,0x80,0x00,0x00,0x00,0x00,0x00,0x80,0x00,0x00,0x00,0x00,0x80,0x00,0x00,0x00,0x04,0x80,0x00,0x00,0x00,0x00,0x00,0x00,0x08,0x81,0x15,0x00,0x00,0x00,
	0x00,0x00,0x25,0x40,0x00,0x00,0x00,0x00,0x01,0x00,0x00,0x00,0x00,0x00,0x00,0x00,0x00,0x00,0x00,0x00,0x01,0x50,0x00,0x00,0x00,0x00,0x00,0x00,0x00,0x00,0x00,0x00,
	0x00,0x00,0x00,0x00,0x00,0x00,0x00,0x00,0x00,0x00,0x00,0x00,0x00,0x00,0x00,0x00,0x00,0x00,0x0A,0x00,0x00,0x00,0x00,0x00,0x00,0x00,0x55,0x02,0xAA,0x80,0x00,0x00,
	0x00,0x02,0x15,0x00,0x00,0x00,0x00,0x00,0x24,0x40,0x00,0x00,0x20,0x00,0x00,0x00,0x00,0x00,0x00,0x00,0x02,0xA8,0x00,0x00,0x00,0x20,0x00,0x00,0x00,0x00,0x00,0x00,
	0x10,0x00,0x00,0x00,0x00,0x00,0x22,0x00,0x00,0x00,0x00,0x00,0x00,0x00,0x20,0x00,0x00,0x00,0x04,0x00,0x00,0x02,0x00,0x00,0x00,0x00,0x22,0x01,0x40,0x00,0x00,0x00,
	0x00,0x00,0x4A,0x80,0x00,0x00,0x00,0x00,0x02,0x80,0x00,0x00,0x00,0x00,0x00,0x00,0x00,0x00,0x00,0x00,0x01,0x54,0x00,0x00,0x00,0x00,0x00,0x00,0x00,0x00,0x00,0x00,
	0x08,0x00,0x00,0x00,0x00,0x00,0x00,0x00,0x00,0x00,0x00,0x00,0x00,0x00,0x00,0x00,0x00,0x00,0x08,0x00,0x00,0x00,0x00,0x00,0x00,0x00,0x94,0x00,0x80,0x00,0x00,0x00,
	0x00,0x00,0x85,0x00,0x00,0x00,0x00,0x00,0x8A,0x80,0x00,0x00,0x08,0x00,0x00,0x80,0x08,0x88,0x00,0x00,0x00,0xA8,0x00,0x00,0x00,0x00,0x00,0x00,0x00,0x00,0x00,0x00,
	0x00,0x00,0x00,0x00,0x00,0x00,0x88,0x00,0x00,0x00,0x00,0x00,0x00,0x00,0x80,0x00,0x00,0x00,0x00,0x00,0x00,0x00,0x80,0x00,0x00,0x01,0x08,0x80,0x00,0x00,0x00,0x00,
	0x00,0x00,0x0A,0x40,0x00,0x00,0x00,0x00,0x05,0x40,0x00,0x00,0x00,0x00,0x00,0x00,0x01,0x55,0x00,0x00,0x00,0x54,0x00,0x00,0x00,0x00,0x00,0x00,0x00,0x00,0x00,0x00,
	0x00,0x00,0x00,0x00,0x00,0x00,0x20,0x00,0x00,0x00,0x00,0x00,0x00,0x00,0x00,0x00,0x00,0x00,0x08,0x00,0x00,0x00,0x00,0x00,0x00,0x02,0x40,0x00,0x00,0x00,0x00,0x00,
	0x00,0x00,0x24,0x20,0x00,0x00,0x00,0x00,0x25,0xA0,0x00,0x00,0x20,0x00,0x00,0x00,0x02,0x42,0x40,0x00,0x00,0x2A,0x00,0x00,0x00,0x00,0x00,0x00,0x00,0x00,0x00,0x00,
	0x00,0x00,0x00,0x00,0x00,0x00,0x00,0x00,0x00,0x00,0x00,0x00,0x00,0x00,0x20,0x00,0x00,0x00,0x02,0x00,0x00,0x00,0x00,0x00,0x00,0x01,0x00,0x00,0x00,0x00,0x00,0x00,
	0x00,0x00,0x10,0x80,0x00,0x00,0x00,0x00,0x09,0x40,0x00,0x00,0x00,0x00,0x00,0x00,0x00,0x24,0x94,0x00,0x00,0x04,0x00,0x00,0x00,0x00,0x00,0x00,0x00,0x00,0x00,0x00,
	0x00,0x00,0x00,0x00,0x00,0x00,0x00,0x00,0x00,0x00,0x00,0x00,0x00,0x00,0x00,0x00,0x00,0x00,0x08,0x00,0x00,0x00,0x00,0x00,0x00,0x04,0x00,0x00,0x00,0x00,0x00,0x00,
	0x00,0x00,0x88,0x00,0x00,0x00,0x00,0x00,0x00,0x80,0x00,0x00,0x00,0x00,0x00,0x00,0x00,0x00,0x54,0x00,0x00,0x90,0x00,0x00,0x00,0x00,0x00,0x00,0x00,0x00,0x00,0x88,
	0x08,0x00,0x00,0x00,0x00,0x00,0x00,0x00,0x00,0x80,0x00,0x00,0x00,0x00,0x00,0x00,0x00,0x00,0x00,0x00,0x00,0x00,0x80,0x00,0x00,0x00,0x80,0x00,0x00,0x00,0x00,0x00,
	0x00,0x00,0x01,0x00,0x00,0x00,0x00,0x00,0x02,0x40,0x00,0x00,0x00,0x00,0x00,0x00,0x00,0x00,0xAA,0x00,0x00,0x0A,0x00,0x00,0x10,0x00,0x08,0x00,0x00,0x00,0x00,0x00,
	0x00,0x00,0x00,0x00,0x00,0x00,0x00,0x00,0x00,0x00,0x00,0x00,0x00,0x00,0x00,0x00,0x00,0x00,0x00,0x00,0x00,0x00,0x00,0x00,0x00,0x02,0x00,0x00,0x00,0x00,0x00,0x00,
	0x00,0x02,0x24,0x20,0x00,0x00,0x00,0x00,0x00,0x20,0x00,0x00,0x00,0x00,0x22,0x00,0x00,0x00,0x5C,0x00,0x00,0x24,0x02,0x22,0x44,0x44,0x25,0x00,0x00,0x00,0x00,0x00,
	0x00,0x00,0x00,0x00,0x00,0x00,0x00,0x00,0x00,0x00,0x00,0x00,0x00,0x00,0x00,0x00,0x00,0x00,0x00,0x00,0x00,0x02,0x00,0x00,0x00,0x00,0x00,0x00,0x00,0x00,0x00,0x00,
	0x00,0x00,0x10,0x00,0x00,0x00,0x00,0x00,0x00,0x80,0x00,0x00,0x01,0x24,0x94,0x00,0x00,0x00,0x05,0x00,0x00,0x10,0x00,0x00,0xA9,0x11,0x4A,0x40,0x00,0x00,0x00,0x00,
	0x00,0x00,0x00,0x00,0x00,0x00,0x00,0x00,0x00,0x00,0x00,0x00,0x00,0x00,0x00,0x00,0x00,0x00,0x00,0x00,0x00,0x00,0x00,0x00,0x00,0x02,0x00,0x00,0x00,0x00,0x00,0x00,
	0x00,0x08,0x89,0x00,0x00,0x00,0x00,0x00,0x08,0x00,0x00,0x80,0x88,0x88,0x49,0x08,0x00,0x00,0x88,0x80,0x00,0x08,0x00,0x08,0x90,0x88,0x95,0x10,0x00,0x00,0x00,0x00,
	0x08,0x00,0x00,0x08,0x88,0x08,0x00,0x00,0x00,0x00,0x00,0x00,0x00,0x00,0x00,0x00,0x00,0x08,0x08,0x00,0x00,0x00,0x00,0x00,0x00,0x08,0x80,0x00,0x00,0x00,0x00,0x00,
	0x00,0x00,0x24,0x00,0x00,0x00,0x00,0x00,0x00,0x00,0x00,0x00,0x12,0x51,0x24,0xA0,0x00,0x00,0x02,0x50,0x00,0x00,0x00,0x00,0x40,0x00,0x22,0xA4,0x00,0x00,0x00,0x00,
	0x00,0x00,0x00,0x25,0x00,0x00,0x00,0x00,0x00,0x00,0x00,0x00,0x00,0x00,0x00,0x00,0x00,0x00,0x00,0x00,0x00,0x00,0x00,0x00,0x00,0x00,0x00,0x00,0x00,0x00,0x00,0x00,
	0x00,0x00,0x12,0x20,0x00,0x00,0x00,0x00,0x02,0x00,0x00,0x22,0x24,0x24,0x12,0x44,0x00,0x00,0x00,0x20,0x00,0x12,0x00,0x00,0x00,0x02,0x15,0x5A,0x00,0x02,0x00,0x00,
	0x00,0x00,0x02,0x42,0x42,0x22,0x20,0x00,0x00,0x20,0x00,0x00,0x00,0x00,0x00,0x00,0x00,0x22,0x00,0x00,0x00,0x02,0x20,0x00,0x00,0x02,0x00,0x00,0x00,0x00,0x00,0x00,
	0x00,0x00,0x48,0x80,0x00,0x00,0x00,0x00,0x00,0x00,0x00,0x00,0x01,0x00,0x02,0x89,0x40,0x00,0x00,0x48,0x00,0x00,0x00,0x00,0x00,0x00,0x00,0xAA,0x00,0x08,0x00,0x00,
	0x00,0x00,0x04,0x94,0x80,0x00,0x00,0x00,0x00,0x00,0x00,0x00,0x00,0x00,0x00,0x00,0x00,0x40,0x04,0x00,0x00,0x00,0x80,0x00,0x00,0x00,0x00,0x00,0x00,0x00,0x00,0x00,
	0x00,0x00,0x80,0x00,0x00,0x00,0x00,0x00,0x08,0x00,0x00,0x00,0x88,0x08,0x89,0x12,0x80,0x00,0x00,0x90,0x00,0x08,0x00,0x00,0x00,0x00,0x08,0x95,0x00,0x00,0x00,0x00,
	0x00,0x00,0x09,0x00,0x00,0x00,0x00,0x00,0x00,0x00,0x00,0x00,0x00,0x00,0x00,0x00,0x00,0x88,0x08,0x00,0x00,0x04,0x48,0x00,0x00,0x00,0x80,0x00,0x00,0x00,0x00,0x00,
	0x00,0x00,0x04,0x80,0x00,0x00,0x00,0x00,0x04,0x00,0x00,0x00,0x00,0x00,0x04,0x25,0x50,0x00,0x00,0x04,0x00,0x00,0x00,0x00,0x00,0x00,0x00,0x42,0x00,0x00,0x00,0x00,
	0x00,0x00,0x12,0x00,0x00,0x00,0x00,0x00,0x00,0x00,0x00,0x00,0x00,0x00,0x00,0x00,0x02,0x00,0x00,0x00,0x00,0x01,0x00,0x00,0x00,0x00,0x00,0x00,0x00,0x00,0x00,0x00,
	0x00,0x02,0x22,0x20,0x00,0x00,0x00,0x00,0x22,0x20,0x00,0x00,0x00,0x00,0x02,0x12,0xA0,0x00,0x00,0x02,0x00,0x00,0x00,0x00,0x00,0x00,0x00,0x24,0x00,0x00,0x00,0x00,
	0x00,0x00,0x24,0x00,0x00,0x00,0x00,0x00,0x00,0x00,0x00,0x00,0x00,0x00,0x00,0x00,0x00,0x20,0x02,0x00,0x00,0x02,0x20,0x00,0x00,0x20,0x00,0x00,0x00,0x00,0x00,0x00,
	0x00,0x00,0x08,0x00,0x00,0x00,0x00,0x00,0x08,0x00,0x00,0x00,0x00,0x00,0x00,0x09,0x50,0x00,0x00,0x00,0x00,0x00,0x00,0x00,0x00,0x00,0x00,0x01,0x00,0x00,0x00,0x00,
	0x00,0x00,0x10,0x00,0x00,0x00,0x00,0x00,0x00,0x00,0x00,0x00,0x00,0x00,0x00,0x00,0x00,0x00,0x00,0x00,0x00,0x00,0x00,0x00,0x00,0x00,0x00,0x00,0x00,0x00,0x00,0x00,
	0x00,0x00,0x80,0x80,0x00,0x00,0x00,0x00,0x00,0x80,0x00,0x00,0x00,0x00,0x00,0x80,0xA0,0x00,0x00,0x00,0x00,0x00,0x00,0x00,0x00,0x00,0x00,0x00,0x80,0x00,0x00,0x00,
	0x00,0x00,0x08,0x00,0x00,0x00,0x00,0x00,0x00,0x00,0x00,0x00,0x00,0x00,0x00,0x00,0x00,0x00,0x00,0x00,0x00,0x08,0x00,0x00,0x00,0x00,0x00,0x00,0x00,0x00,0x00,0x00,
	0x00,0x00,0x10,0x00,0x00,0x00,0x00,0x00,0x00,0x00,0x00,0x00,0x00,0x00,0x00,0x09,0x50,0x00,0x00,0x00,0x00,0x00,0x00,0x00,0x00,0x00,0x00,0x01,0x00,0x00,0x00,0x00,
	0x00,0x00,0x20,0x00,0x00,0x00,0x00,0x00,0x00,0x00,0x00,0x00,0x00,0x00,0x00,0x00,0x00,0x00,0x00,0x00,0x00,0x00,0x00,0x00,0x00,0x00,0x00,0x00,0x00,0x00,0x00,0x00,
	0x00,0x00,0x24,0x20,0x00,0x00,0x00,0x00,0x00,0x00,0x00,0x00,0x00,0x00,0x00,0x22,0x20,0x00,0x00,0x02,0x00,0x02,0x00,0x00,0x00,0x00,0x00,0x02,0x00,0x00,0x00,0x00,
	0x00,0x00,0x00,0x00,0x00,0x00,0x00,0x00,0x00,0x00,0x00,0x00,0x00,0x00,0x00,0x00,0x00,0x00,0x00,0x00,0x00,0x00,0x00,0x00,0x00,0x00,0x00,0x00,0x00,0x00,0x00,0x00,
	0x00,0x00,0x02,0x00,0x00,0x00,0x00,0x00,0x00,0x00,0x00,0x00,0x00,0x00,0x00,0x00,0x88,0x00,0x00,0x00,0x00,0x00,0x00,0x00,0x00,0x00,0x00,0x00,0x00,0x00,0x00,0x00,
	0x00,0x00,0x10,0x00,0x00,0x00,0x00,0x00,0x00,0x00,0x00,0x00,0x00,0x00,0x00,0x00,0x00,0x00,0x00,0x00,0x00,0x00,0x00,0x00,0x00,0x00,0x00,0x00,0x00,0x00,0x00,0x00,
	0x00,0x00,0x88,0x80,0x00,0x00,0x00,0x00,0x00,0x80,0x00,0x00,0x00,0x00,0x00,0x00,0x10,0x00,0x00,0x00,0x80,0x08,0x00,0x00,0x00,0x00,0x00,0x00,0x80,0x00,0x00,0x00,
	0x00,0x00,0x08,0x00,0x00,0x00,0x00,0x00,0x00,0x00,0x00,0x00,0x00,0x00,0x00,0x00,0x08,0x00,0x00,0x00,0x00,0x00,0x00,0x00,0x00,0x00,0x00,0x00,0x00,0x00,0x00,0x00,
	0x00,0x00,0x00,0x00,0x00,0x00,0x00,0x00,0x00,0x00,0x00,0x00,0x00,0x00,0x00,0x00,0x04,0x00,0x00,0x00,0x00,0x00,0x00,0x00,0x00,0x00,0x00,0x00,0x00,0x00,0x00,0x00,
	0x00,0x00,0x20,0x00,0x00,0x00,0x00,0x00,0x00,0x00,0x00,0x00,0x00,0x00,0x00,0x00,0x00,0x00,0x00,0x00,0x00,0x00,0x00,0x00,0x00,0x00,0x00,0x00,0x00,0x00,0x00,0x00,
	0x00,0x02,0x02,0x20,0x00,0x00,0x00,0x00,0x00,0x20,0x00,0x00,0x00,0x00,0x00,0x00,0x22,0x00,0x00,0x02,0x00,0x00,0x00,0x00,0x00,0x00,0x00,0x00,0x20,0x00,0x00,0x00,
	0x00,0x00,0x00,0x00,0x00,0x00,0x00,0x00,0x00,0x00,0x00,0x00,0x00,0x00,0x00,0x00,0x00,0x00,0x00,0x00,0x00,0x20,0x00,0x00,0x00,0x00,0x00,0x00,0x00,0x00,0x00,0x00,
	0x00,0x00,0x00,0x00,0x00,0x00,0x00,0x00,0x00,0x00,0x00,0x00,0x00,0x00,0x00,0x00,0x00,0x00,0x00,0x00,0x00,0x00,0x00,0x00,0x00,0x00,0x00,0x00,0x00,0x00,0x00,0x00,
	0x00,0x00,0x00,0x00,0x00,0x00,0x00,0x00,0x00,0x00,0x00,0x00,0x00,0x00,0x00,0x00,0x00,0x00,0x00,0x00,0x00,0x00,0x00,0x00,0x00,0x00,0x00,0x00,0x00,0x00,0x00,0x00,
	0x00,0x00,0x08,0x80,0x00,0x00,0x00,0x00,0x00,0x00,0x00,0x00,0x00,0x00,0x00,0x00,0x08,0x00,0x00,0x00,0x00,0x00,0x00,0x00,0x00,0x00,0x00,0x00,0x00,0x00,0x00,0x00,
	0x00,0x00,0x08,0x00,0x00,0x00,0x00,0x00,0x00,0x00,0x00,0x00,0x00,0x00,0x00,0x00,0x00,0x00,0x00,0x00,0x00,0x48,0x00,0x00,0x00,0x00,0x00,0x00,0x00,0x00,0x00,0x00,
	0x00,0x00,0x00,0x00,0x00,0x00,0x00,0x00,0x00,0x00,0x00,0x00,0x00,0x00,0x00,0x00,0x00,0x00,0x00,0x00,0x00,0x00,0x00,0x00,0x00,0x00,0x00,0x00,0x00,0x00,0x00,0x00,
	0x00,0x00,0x00,0x00,0x00,0x00,0x00,0x00,0x00,0x00,0x00,0x00,0x00,0x00,0x00,0x00,0x00,0x00,0x00,0x00,0x00,0x20,0x00,0x00,0x00,0x00,0x00,0x00,0x00,0x00,0x00,0x00,
	0x00,0x00,0x00,0x20,0x00,0x00,0x00,0x00,0x00,0x00,0x00,0x00,0x00,0x00,0x00,0x00,0x00,0x00,0x00,0x00,0x00,0x00,0x00,0x00,0x00,0x00,0x00,0x00,0x00,0x00,0x00,0x00,
	0x00,0x00,0x00,0x00,0x00,0x00,0x00,0x00,0x00,0x00,0x00,0x00,0x00,0x00,0x00,0x00,0x00,0x00,0x00,0x00,0x00,0x00,0x00,0x00,0x00,0x00,0x00,0x00,0x00,0x00,0x00,0x00,
	0x00,0x00,0x00,0x00,0x00,0x00,0x00,0x00,0x00,0x00,0x00,0x00,0x00,0x00,0x00,0x00,0x00,0x00,0x00,0x00,0x00,0x00,0x00,0x00,0x00,0x00,0x00,0x00,0x00,0x00,0x00,0x00,
	0x00,0x00,0x00,0x00,0x00,0x00,0x00,0x00,0x00,0x00,0x00,0x00,0x00,0x00,0x00,0x00,0x00,0x00,0x00,0x00,0x00,0x00,0x00,0x00,0x00,0x00,0x00,0x00,0x00,0x00,0x00,0x00,
	0x00,0x00,0x00,0x00,0x00,0x00,0x00,0x00,0x00,0x00,0x00,0x00,0x00,0x00,0x00,0x00,0x00,0x00,0x00,0x00,0x00,0x00,0x00,0x00,0x00,0x00,0x00,0x00,0x00,0x00,0x00,0x00,
	0x00,0x00,0x00,0x00,0x00,0x00,0x00,0x00,0x00,0x00,0x00,0x00,0x00,0x00,0x00,0x00,0x00,0x00,0x00,0x00,0x00,0x08,0x00,0x00,0x00,0x00,0x00,0x00,0x00,0x00,0x00,0x00,
	0x00,0x00,0x00,0x00,0x00,0x00,0x00,0x00,0x00,0x00,0x00,0x00,0x00,0x00,0x00,0x00,0x00,0x00,0x00,0x00,0x00,0x00,0x00,0x00,0x00,0x00,0x00,0x00,0x00,0x00,0x00,0x00,
	0x00,0x00,0x00,0x00,0x00,0x00,0x00,0x00,0x00,0x00,0x00,0x00,0x00,0x00,0x00,0x00,0x00,0x00,0x00,0x00,0x00,0x00,0x00,0x00,0x00,0x00,0x00,0x00,0x00,0x00,0x00,0x00,
	0x00,0x00,0x00,0x00,0x00,0x00,0x00,0x00,0x00,0x00,0x00,0x00,0x00,0x00,0x00,0x00,0x00,0x00,0x00,0x00,0x00,0x00,0x00,0x00,0x00,0x00,0x00,0x00,0x00,0x00,0x00,0x00,
	0x00,0x00,0x00,0x00,0x00,0x00,0x00,0x00,0x00,0x00,0x00,0x00,0x00,0x00,0x00,0x00,0x00,0x00,0x02,0x00,0x00,0x20,0x00,0x00,0x00,0x00,0x00,0x00,0x00,0x00,0x00,0x00,
	0x00,0x00,0x00,0x00,0x00,0x00,0x00,0x00,0x00,0x00,0x00,0x00,0x00,0x00,0x00,0x00,0x00,0x00,0x00,0x00,0x00,0x00,0x00,0x00,0x00,0x00,0x00,0x00,0x00,0x00,0x00,0x00,
	0x00,0x00,0x00,0x00,0x00,0x00,0x00,0x00,0x00,0x00,0x00,0x00,0x00,0x00,0x00,0x00,0x00,0x00,0x00,0x00,0x00,0x00,0x00,0x00,0x00,0x00,0x00,0x00,0x00,0x00,0x00,0x00,
	
};